SNP_P_1673425_C15T_promoter_fabG1.inhA,0.143960387404
SNP_CN_4326333_C1141G_A381P_ethA,0.0462492302025
SNP_CN_1674481_T280G_S94A_inhA,0.0387867811679
SNP_CN_1673449_A10C_T4P_fabG1,0.03303822534
SNP_CZ_4326714_G760A_Q254._ethA,0.0320287037737
SNP_CN_1674263_T62C_I21T_inhA,0.0290971074603
DEL_CF_4327442_d32C_11_ethA,0.0234903696686
SNP_CN_4327380_A94C_Y32D_ethA,0.0226530725189
SNP_CN_4326116_G1358A_T453I_ethA,0.0222395050729
SNP_P_1673423_G17T_promoter_fabG1.inhA,0.0190900398203
SNP_CZ_4326724_G750C_Y250._ethA,0.018654251885
SNP_CN_4326341_G1133A_P378L_ethA,0.0181807437111
SNP_CN_4326305_G1169A_S390F_ethA,0.0167818230672
DEL_CF_4326184_d1290G_430_ethA,0.0163375978627
SNP_CN_4327416_C58A_A20S_ethA,0.0148339261222
SNP_CZ_4326600_G874A_R292._ethA,0.0146075771939
INS_CF_4326141_i1333C_445_ethA,0.0131331100613
SNP_CZ_4326250_G1224T_Y408._ethA,0.0130185623499
INS_CI_4326506_i968GTC_323_ethA,0.0126962404811
SNP_CN_4326439_G1035T_N345K_ethA,0.0115893458627
SNP_CN_1674782_T581C_I194T_inhA,0.0115599632749
SNP_CN_1674434_T233G_V78G_inhA,0.0113493973502
SNP_CN_4326996_G478C_P160A_ethA,0.0113069501577
SNP_P_1673432_T8C_promoter_fabG1.inhA,0.0105432188209
SNP_CN_4326182_A1292G_F431S_ethA,0.0103544095411
SNP_CN_4327376_G98C_A33G_ethA,0.0102020523055
SNP_CN_4327367_T107C_E36G_ethA,0.00894920590975
SNP_CN_4326908_G566T_T189K_ethA,0.00892728805118
SNP_CN_4327350_C124T_G42S_ethA,0.00888826379974
SNP_P_4327484_T11C_promoter_ethA,0.00863896361815
SNP_CZ_4326603_G871A_Q291._ethA,0.00831351990313
INS_CF_4326083_i1391T_464_ethA,0.00816998435995
SNP_CN_4327121_A353C_V118G_ethA,0.00812796400962
SNP_CN_4327311_A163G_S55P_ethA,0.00776069871201
SNP_CN_4327313_C161A_R54L_ethA,0.00747899275788
SNP_CN_4326676_G798C_S266R_ethA,0.00738209313854
SNP_CN_4327301_T173G_D58A_ethA,0.00711194090282
SNP_CZ_4326278_G1196T_S399._ethA,0.00701820928065
SNP_CN_4326611_G863C_P288R_ethA,0.00687060259211
DEL_CF_4327334_d140A_47_ethA,0.00678677262874
SNP_CN_1673822_A383G_Q128R_fabG1,0.00672123822125
SNP_CN_4327445_A29C_V10G_ethA,0.0066248209511
SNP_P_1673432_T8A_promoter_fabG1.inhA,0.00626678779521
INS_CF_4326719_i755GC_252_ethA,0.00621138145562
SNP_CN_4326380_G1094A_T365M_ethA,0.00611125070976
SNP_CZ_4327148_C326T_W109._ethA,0.00577361459616
INS_CF_4326722_i752C_251_ethA,0.00563954573747
INS_CF_4326802_i672C_224_ethA,0.0053692642713
SNP_CN_4327145_G329C_S110W_ethA,0.00514330472769
SNP_CN_4326713_T761G_Q254P_ethA,0.00496827554839
SNP_CN_4327065_A409G_C137R_ethA,0.00480843969391
SNP_CN_4327325_T149C_Y50C_ethA,0.0048055172136
SNP_CZ_4326858_G616A_Q206._ethA,0.00479949810988
SNP_CZ_4326399_G1075A_Q359._ethA,0.00469941141754
SNP_CN_4327022_A452G_F151S_ethA,0.00459644926555
SNP_CN_4326860_A614G_L205P_ethA,0.00459229690532
SNP_CN_4326977_T497G_H166P_ethA,0.00453961621811
DEL_CF_4326440_d1034T_345_ethA,0.0043671564051
SNP_CN_4326111_A1363G_W455R_ethA,0.00436105355762
INS_CF_4326217_i1257G_419_ethA,0.00434758197842
INS_CF_4327160_i314A_105_ethA,0.00427154403121
SNP_CN_4326800_A674G_L225P_ethA,0.00425855193123
SNP_CZ_4326213_G1261A_R421._ethA,0.00419243865731
SNP_CN_4326996_G478A_P160S_ethA,0.00413553111733
SNP_P_1673432_T8G_promoter_fabG1.inhA,0.00412482294642
DEL_CF_4326614_d860T_287_ethA,0.00412019672456
DEL_CF_4326722_d752CTGTACACGGC_251_ethA,0.00406894156411
SNP_CN_4327322_G152A_P51L_ethA,0.00406612247904
SNP_CN_4326630_A844C_F282V_ethA,0.00397274390691
DEL_CF_4326187_d1287C_429_ethA,0.00391161885103
DEL_CD_4326366_d1108TGTAGGCCATCG_370_ethA,0.00387857878175
SNP_CZ_4326099_G1375A_Q459._ethA,0.00382579035365
SNP_CN_4326297_G1177C_L393V_ethA,0.00379133774377
SNP_CN_4326470_G1004T_A335D_ethA,0.00378421536723
SNP_CN_4327293_T181C_T61A_ethA,0.00376075565206
SNP_CN_4327311_A163C_S55A_ethA,0.00371298051232
SNP_CN_4327211_G263A_T88I_ethA,0.00370372476421
INS_CF_4326585_i889GCACC_297_ethA,0.00366541830923
SNP_CN_4327448_A26G_I9T_ethA,0.00363118998979
SNP_CN_4326980_T494G_Q165P_ethA,0.00358997325493
DEL_CF_4326877_d597G_199_ethA,0.00353723599426
SNP_CN_4326717_A757G_C253R_ethA,0.00351542501059
SNP_CN_4327073_A401G_L134P_ethA,0.00351052031366
SNP_P_4327501_G28A_promoter_ethA,0.00348668830798
SNP_CN_4326449_G1025T_T342K_ethA,0.00345945773025
SNP_CZ_4326669_G805A_Q269._ethA,0.00339147915103
SNP_CN_4326759_G715A_R239W_ethA,0.00336769516587
SNP_CN_4326263_C1211A_R404L_ethA,0.00333096051918
SNP_CN_4326327_T1147G_T383P_ethA,0.00329539326148
SNP_CN_4326858_G616C_Q206E_ethA,0.00323592435313
DEL_CF_4326420_d1054C_352_ethA,0.00323448763688
SNP_CZ_4326639_G835A_R279._ethA,0.00322838078012
SNP_CN_4327409_T65G_H22P_ethA,0.00309267670501
SNP_CN_4326705_G769C_P257A_ethA,0.00302005912037
DEL_CF_4327133_d341T_114_ethA,0.00301531004193
DEL_CF_4326771_d703A_235_ethA,0.00296686865292
SNP_CZ_4327081_G393T_C131._ethA,0.00296648153563
INS_CF_4326370_i1104G_368_ethA,0.00295638648865
SNP_CN_4326135_G1339A_P447S_ethA,0.00285054101175
SNP_CN_4326273_A1201C_F401V_ethA,0.00284479526412
SNP_CN_4326749_T725G_N242T_ethA,0.00203683592342
INS_CF_4327213_i261GC_87_ethA,0.00179490788626
SNP_CN_4326113_G1361A_P454L_ethA,0.00174754941727
DEL_CF_4327409_d65T_22_ethA,0.00148097303492
SNP_CN_4327289_A185T_L62Q_ethA,0.00138455498969
SNP_CN_4326612_G862C_P288A_ethA,0.00115397403242
SNP_CN_4326553_G921T_H307Q_ethA,0.00102305914029
SNP_CN_4327058_C416T_G139D_ethA,0.000975339250864
INS_CF_4326414_i1060ATCT_354_ethA,0.000950818781477
SNP_CN_4327424_A50G_V17A_ethA,0.000845628496174
SNP_CN_4327471_C3T_M1I_ethA,0.000837089812014
SNP_CZ_4326755_C719T_W240._ethA,0.000711767111581
SNP_CN_1673818_A379G_M127V_fabG1,0.000673583333508
SNP_CN_1674262_A61G_I21V_inhA,0.00065707788798
INS_CF_4327294_i180G_60_ethA,0.0
SNP_CN_4326476_A998C_L333R_ethA,0.0
SNP_CN_4326452_G1022A_A341V_ethA,0.0
SNP_CZ_4326396_G1078A_Q360._ethA,0.0
SNP_CN_4327347_C127T_G43S_ethA,0.0
SNP_P_1673406_C34T_promoter_fabG1.inhA,0.0
SNP_CN_4326632_T842C_H281R_ethA,0.0
SNP_P_4327480_A7G_promoter_ethA,0.0
SNP_CZ_4326715_G759T_C253._ethA,0.0
SNP_CZ_4326608_C866T_W289._ethA,0.0
SNP_CN_4326815_C659T_G220D_ethA,0.0
DEL_CF_4326173_d1301A_434_ethA,0.0
SNP_CN_4327136_T338C_E113G_ethA,0.0
