SNP_CZ_4326714_G760A_Q254._ethA,0.363185942173,0.37303930521,0.392161905766,0.402841508389,0.363245606422,0.399649381638,0.381550610065,0.390916347504,0.371334850788,0.395551621914,0.381474077702,0.380638182163,0.369412064552,0.386556863785,0.368591010571,0.382607102394,0.377143085003,0.39737290144,0.390334129333,0.386124134064,0.382614135742,0.391120493412,0.371128559113,0.383221209049,0.399000167847,0.401163816452,0.384537696838,0.391509652138,0.393319010735,0.377568542957,0.39074075222,0.400162339211,0.391085326672,0.395733594894,0.367529571056,0.378130376339,0.396909713745,0.365393459797,0.372517645359,0.397077262402,0.380433738232,0.391894578934,0.378226220608,0.394759178162,0.387800931931,0.395825982094,0.37316930294,0.396892905235,0.382133901119,0.372354984283,0.365570425987,0.393899857998,0.37043094635,0.393184125423,0.40486907959,0.390917062759,0.399153053761,0.393538415432,0.384532272816,0.390667557716,0.38169336319,0.392260611057,0.412058413029,0.381703853607,0.370139658451,0.387305557728,0.399458885193,0.43646633625,0.384656846523,0.370684087276,0.37337487936,0.380681455135,0.403072118759,0.380657851696,0.378682136536,0.372510671616,0.385468125343,0.359475433826,0.390679061413,0.383479595184,0.394606232643,0.356992840767,0.373044669628,0.387330889702,0.378776967525,0.378028035164,0.371347367764,0.391078948975,0.395044624805,0.389158248901,0.387770473957,0.390272200108,0.394179701805,0.378119528294,0.384136974812,0.387653887272,0.411220729351,0.401434242725,0.375854313374,0.3781016469,0.376167714596,0.37473231554,0.380282521248,0.38689994812,0.393268406391,0.378000795841,0.378349363804,0.379270851612,0.39355880022,0.373940587044,0.375728785992,0.371351063251,0.381332159042,0.398651599884,0.423684298992,0.402866721153,0.38598805666,0.398214876652,0.395806074142,0.390611171722,0.400568187237,0.400041639805,0.37698996067,0.370353460312,0.380982458591,0.402153551579,0.386993527412,0.392561793327,0.369902074337,0.385203897953,0.376630246639,0.365397632122,0.370274066925,0.384029150009,0.400067806244,0.403626322746,0.379152059555,0.401454031467,0.386629879475,0.393116116524,0.361491024494,0.393385767937,0.374186873436,0.377475678921,0.378368079662,0.37831902504,0.381587862968,0.370813846588,0.391619324684,0.368985831738,0.377556324005,0.384876012802,0.404748916626,0.403878331184,0.401462197304,0.399661302567,0.382376730442,0.385273933411,0.396774768829,0.371179759502,0.41010093689,0.367717862129,0.406838357449,0.373789191246,0.395904481411,0.402097463608,0.398097574711,0.399914622307,0.381451427937,0.392282187939,0.389685630798,0.38364225626,0.374792218208,0.381622552872,0.372652173042,0.374653220177,0.372322618961,0.365085721016,0.395075440407,0.398410975933,0.375170052052,0.395281493664,0.392541944981,0.380612850189,0.403694570065,0.371246039867,0.384180903435,0.386844873428,0.37338745594,0.401998102665,0.388741970062,0.374168992043,0.364831149578,0.403144776821,0.367746949196,0.354772150517,0.395388364792,0.372952520847,0.388766288757,0.390678822994,0.401563346386,0.400950849056,0.395991325378,0.374425888062,0.361972808838,0.3855022192,0.364760518074,0.386831998825,0.388390302658,0.391266703606,0.375734388828,0.372968494892,0.398530244827,0.380125999451,0.404137372971,0.396857321262,0.378714203835,0.392612099648,0.3912063241,0.400113224983,0.405412852764,0.382599890232,0.372458159924,0.385820090771,0.40315669775,0.407016336918,0.376693129539,0.350619375706,0.390306293964,0.384635984898,0.403588950634,0.392305493355,0.373338401318,0.375652015209,0.396995782852,0.359934806824,0.356770277023,0.390762865543,0.382327079773,0.362895011902,0.393305122852,0.396007061005,0.375056445599,0.378763437271,0.370173752308,0.397054612637,0.39217031002,0.389407634735,0.359976768494,0.385911881924,0.385352015495,0.012962706387,29.7277431488
SNP_CN_4327380_A94C_Y32D_ethA,0.364475727081,0.374363958836,0.3953114748,0.40172535181,0.362468719482,0.393836081028,0.379359006882,0.388077259064,0.372841179371,0.396790802479,0.384538948536,0.382125973701,0.369232237339,0.383884727955,0.370039045811,0.385818481445,0.379917621613,0.397182822227,0.391768276691,0.387125551701,0.381923437119,0.395769178867,0.37587839365,0.38590079546,0.403850853443,0.393809258938,0.387586236,0.391351222992,0.389943301678,0.381768167019,0.391816020012,0.394700706005,0.397612094879,0.393879890442,0.370429694653,0.373063266277,0.400122642517,0.36291462183,0.37716627121,0.396898806095,0.375313162804,0.396834671497,0.379097223282,0.394566357136,0.387058198452,0.395642399788,0.379467844963,0.403545260429,0.381614804268,0.371565401554,0.362015068531,0.391419291496,0.373520791531,0.390980243683,0.404496371746,0.390731453896,0.396672964096,0.394454360008,0.382646262646,0.388377249241,0.382968783379,0.392026126385,0.411141037941,0.379243135452,0.371136844158,0.384543001652,0.402089476585,0.436145067215,0.387609362602,0.363329052925,0.371002793312,0.385472178459,0.400627851486,0.383134663105,0.372507512569,0.372250139713,0.383506536484,0.362441182137,0.38841599226,0.381410062313,0.394307553768,0.355146825314,0.369027972221,0.388538062572,0.380081415176,0.377733230591,0.370591402054,0.395634233952,0.390964210033,0.391750216484,0.386773228645,0.391542077065,0.393785834312,0.373304665089,0.385455548763,0.382033646107,0.416130304337,0.401077747345,0.375030040741,0.38434278965,0.375526189804,0.379267156124,0.378204643726,0.389801621437,0.38901591301,0.377629458904,0.374606072903,0.380492031574,0.394694924355,0.369554460049,0.376516342163,0.374453306198,0.380765855312,0.401333808899,0.428152620792,0.400182664394,0.3850466609,0.401158332825,0.402081847191,0.392891228199,0.397922039032,0.394113183022,0.375989437103,0.371473252773,0.383455038071,0.3979601264,0.387536406517,0.393538534641,0.370771765709,0.377477824688,0.378804206848,0.362810671329,0.371362864971,0.38140887022,0.395653009415,0.399871528149,0.369515299797,0.401032865047,0.380907535553,0.390484511852,0.364231050014,0.390915393829,0.377001523972,0.373331129551,0.381025075912,0.377603590488,0.380652248859,0.370420873165,0.387059986591,0.368435263634,0.3761703372,0.385734319687,0.407461345196,0.40086555481,0.406536221504,0.401932120323,0.384768545628,0.382787823677,0.394203543663,0.371915638447,0.406074225903,0.37010204792,0.402165651321,0.372771322727,0.40546888113,0.399663150311,0.392240643501,0.398445904255,0.380733072758,0.388180673122,0.397581756115,0.379674255848,0.373769938946,0.382599174976,0.372092962265,0.368384242058,0.375125706196,0.369238376617,0.394488990307,0.392320334911,0.377597033978,0.391062319279,0.391777694225,0.376339197159,0.404447615147,0.373826146126,0.381884694099,0.390254318714,0.371299505234,0.401298046112,0.391100645065,0.374777019024,0.362132906914,0.400481045246,0.368732392788,0.355645775795,0.395964384079,0.377276778221,0.38617837429,0.388230979443,0.402203381062,0.403265416622,0.405141532421,0.371915996075,0.360848248005,0.386308133602,0.363867163658,0.387267410755,0.39037322998,0.392263293266,0.37681555748,0.375204324722,0.395192861557,0.383901298046,0.400134325027,0.402155399323,0.382332026958,0.391909062862,0.39576113224,0.402619302273,0.402791142464,0.382914543152,0.369116723537,0.387727499008,0.39912468195,0.404239356518,0.377603828907,0.355018734932,0.388904869556,0.382313609123,0.40266919136,0.393389105797,0.36908864975,0.379881858826,0.388762533665,0.358938455582,0.35236877203,0.383090615273,0.377777636051,0.362178206444,0.39583081007,0.384836673737,0.371261000633,0.38126629591,0.36730670929,0.404728233814,0.391088783741,0.389938175678,0.362262487411,0.388725340366,0.385136365891,0.0131086884066,29.380235672
SNP_CN_4326305_G1169A_S390F_ethA,0.359730422497,0.369701802731,0.387693405151,0.398812830448,0.361389577389,0.391439080238,0.375329196453,0.387370288372,0.372239589691,0.392766237259,0.380597829819,0.379586279392,0.363730967045,0.378374874592,0.366216361523,0.378503799438,0.376102030277,0.393312752247,0.389598727226,0.381784856319,0.376600921154,0.390647530556,0.370565116405,0.3806168437,0.401688218117,0.39178943634,0.382477283478,0.39440959692,0.383188426495,0.376589000225,0.3882188797,0.391082584858,0.392273485661,0.395163238049,0.365173459053,0.369515061378,0.398095965385,0.359463751316,0.372065961361,0.393247306347,0.378334283829,0.38968616724,0.375413298607,0.395901918411,0.381896913052,0.391979515553,0.374294936657,0.394590318203,0.376495957375,0.368028879166,0.36180973053,0.389368355274,0.368347525597,0.390623629093,0.397324025631,0.386979877949,0.396268486977,0.392453491688,0.380595743656,0.38475471735,0.375931978226,0.39166033268,0.40896910429,0.377138912678,0.365828573704,0.380979776382,0.3981949687,0.432128190994,0.384091496468,0.361419975758,0.36738049984,0.38002383709,0.40180683136,0.381130635738,0.373573303223,0.371849119663,0.37971252203,0.360403716564,0.388021588326,0.379166662693,0.39056032896,0.353186607361,0.37017416954,0.381222605705,0.377879977226,0.374083518982,0.365267574787,0.391850173473,0.392172753811,0.386388421059,0.382979631424,0.387692093849,0.390066921711,0.371110916138,0.381804525852,0.383159458637,0.410404503345,0.398957490921,0.372947096825,0.377329111099,0.371906042099,0.373976051807,0.382407903671,0.382489919662,0.386865377426,0.377101957798,0.37575429678,0.376507163048,0.390729725361,0.36569994688,0.371198415756,0.374083757401,0.380060732365,0.393925070763,0.424048483372,0.396113455296,0.381099164486,0.393802523613,0.39472001791,0.385613441467,0.395757555962,0.390257000923,0.372334182262,0.369395911694,0.381066679955,0.397433996201,0.380471110344,0.388027369976,0.367076575756,0.376972734928,0.373354375362,0.357542574406,0.37244284153,0.377660095692,0.390008091927,0.396240830421,0.369016706944,0.400549530983,0.382027924061,0.386667251587,0.360554814339,0.387185871601,0.373361587524,0.3695358634,0.372234344482,0.378637969494,0.375162601471,0.370007455349,0.381509065628,0.364530801773,0.372288703918,0.378834426403,0.401718497276,0.396948099136,0.396019041538,0.399701178074,0.379282295704,0.380652546883,0.392136335373,0.3681448102,0.414149463177,0.364670157433,0.397969007492,0.367406189442,0.392990171909,0.400690734386,0.391670465469,0.392856657505,0.378498733044,0.389189481735,0.384834647179,0.375922501087,0.374892354012,0.378860473633,0.373222231865,0.36443310976,0.369659483433,0.365425944328,0.390570700169,0.385149002075,0.375442445278,0.38728094101,0.389525592327,0.374179184437,0.399019300938,0.371674060822,0.379743278027,0.381431281567,0.370931565762,0.402420222759,0.382324635983,0.372393012047,0.360019624233,0.399968802929,0.364832699299,0.350345373154,0.391977131367,0.375152945518,0.384009957314,0.390814304352,0.398155868053,0.397489190102,0.391370952129,0.368412971497,0.357221126556,0.384116590023,0.361524403095,0.381901681423,0.384834110737,0.393374919891,0.372917950153,0.368110477924,0.38952755928,0.375296115875,0.394873976707,0.391485095024,0.374044954777,0.388130843639,0.388603210449,0.397261798382,0.402375400066,0.374329090118,0.368466854095,0.380832314491,0.401873111725,0.400483727455,0.373700499535,0.349945247173,0.385137796402,0.378592133522,0.402188062668,0.38625562191,0.368675529957,0.376065373421,0.386427998543,0.350488603115,0.347209334373,0.3826161623,0.375766992569,0.35999327898,0.390289783478,0.389254391193,0.372498929501,0.3760201931,0.363355219364,0.397206306458,0.388655483723,0.386036098003,0.358263731003,0.385016322136,0.381620198488,0.0130018107593,29.35131073
SNP_CN_1674434_T233G_V78G_inhA,0.366027116776,0.372747182846,0.391475379467,0.399580836296,0.360424220562,0.395142197609,0.372552752495,0.387814760208,0.371073305607,0.395225286484,0.378569602966,0.379196345806,0.367535233498,0.380535662174,0.370435476303,0.38235604763,0.373185396194,0.396113812923,0.390648126602,0.378933668137,0.376872897148,0.392835557461,0.37295883894,0.384571433067,0.400811314583,0.395669639111,0.381683409214,0.392344892025,0.383943378925,0.376887202263,0.390178978443,0.395006477833,0.394254028797,0.397735476494,0.36380302906,0.371427357197,0.398449957371,0.361348509789,0.37285733223,0.395264923573,0.372049868107,0.393463015556,0.379443824291,0.398563981056,0.382251381874,0.392355561256,0.375037789345,0.397364079952,0.375202417374,0.36730581522,0.363750696182,0.389886140823,0.370565056801,0.391085445881,0.397809922695,0.385698795319,0.397525727749,0.395098030567,0.377865672112,0.387476563454,0.381591498852,0.392572343349,0.407953679562,0.379429459572,0.366732537746,0.381983280182,0.395496189594,0.432794630527,0.386469066143,0.362327694893,0.368441045284,0.380576312542,0.402540683746,0.378944337368,0.372713923454,0.369113206863,0.383685052395,0.365286886692,0.385152637959,0.380482077599,0.392787516117,0.355849862099,0.369746863842,0.380671441555,0.3772996068,0.377893507481,0.372773945332,0.391219258308,0.395061314106,0.385687232018,0.383737206459,0.391817092896,0.394952476025,0.375760734081,0.387253463268,0.384061574936,0.411099135876,0.396276950836,0.370365440845,0.379669964314,0.376509666443,0.375535547733,0.384463250637,0.383682906628,0.387619912624,0.38288128376,0.375413119793,0.379118978977,0.393885791302,0.368185400963,0.37263584137,0.371435701847,0.37846249342,0.395619630814,0.428862690926,0.395367741585,0.386369407177,0.393472492695,0.399224758148,0.388384759426,0.402369022369,0.391038119793,0.370487868786,0.368624746799,0.378189086914,0.398353636265,0.38310533762,0.388927400112,0.368750631809,0.382228434086,0.372747123241,0.360559403896,0.37381696701,0.379008293152,0.392718613148,0.400102138519,0.369930922985,0.403641700745,0.383479952812,0.389206469059,0.366907417774,0.390659153461,0.375917196274,0.377002596855,0.374614834785,0.378613471985,0.38142991066,0.367389142513,0.384839892387,0.369719326496,0.373519301414,0.383717596531,0.403165757656,0.40081435442,0.400813758373,0.400791585445,0.381864190102,0.381645679474,0.394998729229,0.367914676666,0.409986197948,0.368879437447,0.40167683363,0.368495702744,0.397517681122,0.401974797249,0.394978106022,0.396261096001,0.375921726227,0.391939580441,0.384607970715,0.375701367855,0.371074855328,0.378902077675,0.373528420925,0.369651436806,0.3746753335,0.36332064867,0.391572475433,0.387834906578,0.376947402954,0.393323004246,0.394050836563,0.381013691425,0.399945557117,0.376658022404,0.380771756172,0.381478607655,0.372189700603,0.403573334217,0.383587598801,0.372336268425,0.363093554974,0.398334026337,0.366167724133,0.352903723717,0.392253756523,0.373210966587,0.386612534523,0.387741684914,0.398261666298,0.400460660458,0.395883798599,0.371193706989,0.360403597355,0.383395433426,0.365533173084,0.383018374443,0.386742770672,0.392877697945,0.373953104019,0.37392115593,0.390747725964,0.381164968014,0.400772452354,0.396173834801,0.376522183418,0.389711856842,0.39113509655,0.401677548885,0.405070662498,0.372207641602,0.369207799435,0.385946214199,0.403066039085,0.408611416817,0.374862551689,0.353755533695,0.389142215252,0.387220203876,0.403429389,0.391073286533,0.366273641586,0.377438008785,0.389537215233,0.354691445827,0.348478317261,0.385403573513,0.380199074745,0.359504640102,0.389473617077,0.383828043938,0.37700098753,0.376845300198,0.368160605431,0.394114196301,0.392422556877,0.387695372105,0.358596146107,0.389149427414,0.383311778307,0.0130598880351,29.3503112793
SNP_CN_4327416_C58A_A20S_ethA,0.3644977808,0.372376680374,0.390104472637,0.401512920856,0.364437699318,0.392005622387,0.377969264984,0.390121877193,0.377683997154,0.398399174213,0.384703278542,0.378586471081,0.368070542812,0.378863155842,0.371869444847,0.384587943554,0.378186702728,0.395481944084,0.391719281673,0.380987346172,0.378838777542,0.395753085613,0.369310259819,0.381052613258,0.404316067696,0.392199158669,0.384405612946,0.394827306271,0.383578658104,0.380194067955,0.390625119209,0.393105924129,0.394328653812,0.397237241268,0.367184340954,0.371498882771,0.396806418896,0.364582717419,0.376006960869,0.396977722645,0.37538433075,0.395453810692,0.379482448101,0.403406143188,0.383880138397,0.397649049759,0.377895116806,0.400177180767,0.378739356995,0.368915200233,0.362123966217,0.391514956951,0.370532989502,0.39599686861,0.397677540779,0.38768684864,0.39678144455,0.39343047142,0.381580650806,0.391781926155,0.376384615898,0.394272863865,0.407960772514,0.377797782421,0.370043873787,0.384709060192,0.402315378189,0.438451945782,0.384557425976,0.368611395359,0.369582235813,0.378895580769,0.399199128151,0.378523111343,0.375910103321,0.377423167229,0.383713185787,0.362647175789,0.390286564827,0.380412936211,0.394513368607,0.356901943684,0.372937321663,0.380144536495,0.376998186111,0.376316010952,0.372845053673,0.389300584793,0.392902612686,0.390680193901,0.385938942432,0.388439297676,0.394034922123,0.373639881611,0.384040296078,0.387514173985,0.41491907835,0.403397798538,0.370340526104,0.383279561996,0.374098718166,0.373004198074,0.383354306221,0.38488471508,0.391213834286,0.377889752388,0.374859690666,0.384514629841,0.395499825478,0.371482491493,0.378772556782,0.372922480106,0.381715595722,0.398411989212,0.425412714481,0.400515794754,0.381941974163,0.394931018353,0.399199008942,0.391977369785,0.399944245815,0.391233086586,0.371540367603,0.368578791618,0.380738437176,0.40155506134,0.386321008205,0.392280101776,0.371085047722,0.380003511906,0.37597745657,0.361568212509,0.371753275394,0.382268965244,0.397820353508,0.403411149979,0.36990404129,0.397907853127,0.383348226547,0.39084893465,0.366888940334,0.391265153885,0.375696003437,0.373671889305,0.376319110394,0.379822790623,0.377822816372,0.372402787209,0.380999445915,0.367554605007,0.373623073101,0.381666898727,0.404683530331,0.403788089752,0.402156114578,0.402927696705,0.386910259724,0.383299469948,0.395026266575,0.371048867702,0.409986793995,0.372485697269,0.401174664497,0.371666073799,0.395797729492,0.40065830946,0.397620677948,0.39729309082,0.382859766483,0.390536487103,0.389543414116,0.383374035358,0.372608244419,0.386330068111,0.370887696743,0.367400944233,0.374105632305,0.368498504162,0.39321577549,0.391557812691,0.378353834152,0.393117249012,0.394364535809,0.380092859268,0.403237581253,0.376111984253,0.382938206196,0.389121413231,0.371987044811,0.401799976826,0.384741008282,0.373960852623,0.362630546093,0.402669429779,0.365958631039,0.356131434441,0.389907181263,0.376132249832,0.38998156786,0.392527639866,0.399328410625,0.40380692482,0.395864009857,0.369096815586,0.361862540245,0.385105252266,0.363308906555,0.383025884628,0.389913916588,0.394573032856,0.375629842281,0.370573699474,0.392874836922,0.381160199642,0.402402937412,0.402182340622,0.374924659729,0.389702379704,0.392844259739,0.401664376259,0.406701803207,0.37920987606,0.373405396938,0.382138848305,0.398186504841,0.4064848423,0.371502816677,0.35395938158,0.391787469387,0.386192679405,0.403431892395,0.390486478806,0.371178150177,0.3738732934,0.391277611256,0.353117823601,0.34825283289,0.387082517147,0.378204584122,0.363092362881,0.391220986843,0.383858144283,0.376752316952,0.375534117222,0.368541777134,0.398696124554,0.392076253891,0.386105716228,0.361925244331,0.389154851437,0.384419351816,0.0131237097085,29.291973114
INS_CF_4326141_i1333C_445_ethA,0.361493706703,0.369781851768,0.389377892017,0.398902416229,0.3565787673,0.393532931805,0.377231359482,0.382438600063,0.375634491444,0.391167104244,0.379009783268,0.376466274261,0.367638528347,0.38015806675,0.366353034973,0.381994605064,0.37330520153,0.391848146915,0.389776170254,0.383952796459,0.373317658901,0.39235574007,0.374380290508,0.379146933556,0.398919641972,0.390309453011,0.381017923355,0.393315255642,0.381772458553,0.378388822079,0.391682803631,0.391236066818,0.392459988594,0.395406603813,0.363942146301,0.373350024223,0.394900977612,0.356461107731,0.372276067734,0.395592451096,0.371935248375,0.393558740616,0.375609397888,0.39651542902,0.381062269211,0.395536601543,0.376480519772,0.394803225994,0.379902601242,0.366591095924,0.363693773746,0.390191018581,0.36852902174,0.39281886816,0.397480428219,0.384071648121,0.398183584213,0.39323425293,0.380933761597,0.386709034443,0.377909004688,0.392419874668,0.409471571445,0.379278540611,0.36619925499,0.381841659546,0.400865018368,0.439699470997,0.382835626602,0.364962339401,0.369461357594,0.384310305119,0.40069103241,0.378372192383,0.372622072697,0.372792541981,0.384059965611,0.36134570837,0.386733174324,0.378153562546,0.391034066677,0.352069973946,0.369601249695,0.380001664162,0.375173211098,0.374559998512,0.36911213398,0.392473340034,0.396461248398,0.383651018143,0.384150803089,0.391963541508,0.390598058701,0.370684504509,0.38223272562,0.387317419052,0.410954773426,0.401568830013,0.37511330843,0.383099257946,0.372292757034,0.372811615467,0.379981458187,0.384914696217,0.387746989727,0.376211047173,0.378434419632,0.377238750458,0.389887034893,0.368038415909,0.370202064514,0.371185302734,0.376138746738,0.396430075169,0.423427820206,0.397059500217,0.383642375469,0.394913256168,0.393854141235,0.386680722237,0.402071356773,0.387563169003,0.373160123825,0.366952836514,0.379083037376,0.398694753647,0.383495926857,0.390495121479,0.364472985268,0.378244042397,0.378004193306,0.358266711235,0.370072901249,0.37681633234,0.396431624889,0.399993479252,0.373498737812,0.401635348797,0.381058692932,0.389042198658,0.361298263073,0.389912307262,0.372381210327,0.375553965569,0.374725461006,0.378453314304,0.375958144665,0.368894398212,0.384078085423,0.367942333221,0.374990105629,0.379833102226,0.402725279331,0.398036539555,0.398652911186,0.402748525143,0.380051732063,0.383135318756,0.393214523792,0.371363818645,0.406295537949,0.36711025238,0.397664666176,0.36994189024,0.397852540016,0.403735101223,0.395702779293,0.394105672836,0.377461016178,0.390328109264,0.383829832077,0.378188431263,0.369301736355,0.381393074989,0.37407296896,0.367263436317,0.370446324348,0.366792917252,0.39310669899,0.389759778976,0.374909937382,0.391331911087,0.390602707863,0.376733779907,0.39985024929,0.374196171761,0.380722522736,0.384105443954,0.373583972454,0.40550750494,0.384630978107,0.372204661369,0.366117238998,0.39736276865,0.362513124943,0.356095552444,0.393318593502,0.372662007809,0.383101284504,0.388625383377,0.395810544491,0.398605763912,0.394089102745,0.369001686573,0.361744999886,0.383277237415,0.362860500813,0.382910192013,0.386512160301,0.396160066128,0.372372567654,0.368797063828,0.393967628479,0.376148819923,0.398810982704,0.396568238735,0.37326925993,0.393378019333,0.392740786076,0.39981508255,0.403463721275,0.374130964279,0.373638808727,0.383473455906,0.399971723557,0.404619693756,0.376328647137,0.35043156147,0.387833118439,0.381502568722,0.397930681705,0.387015640736,0.367819547653,0.375671267509,0.391124784946,0.351377665997,0.351296961308,0.385286271572,0.380090534687,0.361030161381,0.392736971378,0.385341227055,0.375138342381,0.375103592873,0.363223671913,0.395097732544,0.391917467117,0.387571275234,0.361776351929,0.387362837791,0.382613241673,0.0131446886808,29.1078205109
SNP_CZ_4326278_G1196T_S399._ethA,0.358092784882,0.368494272232,0.387623429298,0.395452141762,0.356063246727,0.390704035759,0.373426914215,0.382191479206,0.36999464035,0.391815960407,0.378081440926,0.375717163086,0.362663328648,0.377090752125,0.365535795689,0.379052221775,0.371148705482,0.390783250332,0.388079047203,0.37676435709,0.373807072639,0.389031529427,0.370682179928,0.378908872604,0.397935986519,0.39129781723,0.379770696163,0.392119348049,0.383460462093,0.376118063927,0.386325955391,0.389883756638,0.392174780369,0.392762720585,0.36265617609,0.368811607361,0.396146416664,0.358061552048,0.369589924812,0.392320036888,0.372578978539,0.390592515469,0.374229133129,0.395232319832,0.379995942116,0.392185032368,0.37266522646,0.394058465958,0.376400947571,0.363872587681,0.358328044415,0.388257563114,0.368493199348,0.389995455742,0.396151781082,0.383304834366,0.39537358284,0.389933764935,0.376440763474,0.385423243046,0.376556515694,0.388732790947,0.407370090485,0.376684784889,0.364879727364,0.378908276558,0.39529389143,0.432655096054,0.381947994232,0.362257659435,0.36701208353,0.377485156059,0.39801466465,0.377044081688,0.373312711716,0.37091833353,0.379260122776,0.358387827873,0.385269284248,0.378134548664,0.3900603652,0.353861629963,0.367512583733,0.380081295967,0.374685585499,0.373642265797,0.368464648724,0.389492928982,0.391348958015,0.384754598141,0.380334556103,0.387406527996,0.391325175762,0.366936266422,0.383963525295,0.383523523808,0.41034090519,0.395656704903,0.371558725834,0.376993119717,0.368777573109,0.374183297157,0.378917872906,0.382034242153,0.384991824627,0.374615252018,0.374303638935,0.374581634998,0.389320611954,0.365768909454,0.371125757694,0.369697988033,0.377458155155,0.394026696682,0.420714378357,0.393974840641,0.381748795509,0.391592204571,0.393107116222,0.385826826096,0.397100090981,0.388721168041,0.370647788048,0.365098536015,0.376618564129,0.39703387022,0.38067138195,0.388526618481,0.364296555519,0.374631524086,0.372561573982,0.357037842274,0.369501590729,0.377587676048,0.391711235046,0.397620797157,0.367434382439,0.397382616997,0.380027830601,0.387734770775,0.359487712383,0.386815667152,0.371318221092,0.371320903301,0.372883617878,0.375176787376,0.37397891283,0.365394294262,0.380567193031,0.362734854221,0.372306704521,0.379329144955,0.400464355946,0.395564198494,0.394436597824,0.397238254547,0.378456294537,0.379790127277,0.388762295246,0.36689466238,0.406857669353,0.365905582905,0.397176861763,0.366589725018,0.39463531971,0.397318899632,0.393626451492,0.39259326458,0.374766588211,0.386519491673,0.384976744652,0.375300765038,0.368110954762,0.378461897373,0.369408845901,0.365261495113,0.368186950684,0.360999464989,0.390454530716,0.386840641499,0.371635019779,0.388338208199,0.388740539551,0.375499427319,0.399397373199,0.37262159586,0.379158854485,0.380775690079,0.368659317493,0.40115827322,0.38193333149,0.369923353195,0.359341204166,0.396247506142,0.36045217514,0.351682424545,0.388480603695,0.370949208736,0.382759392262,0.386346280575,0.395591914654,0.397115468979,0.392689347267,0.366763174534,0.35861313343,0.381854653358,0.359112799168,0.379220068455,0.385135412216,0.390883207321,0.370253205299,0.368446826935,0.391248762608,0.375435590744,0.397013366222,0.392045199871,0.37116587162,0.386676728725,0.389462172985,0.398550570011,0.401963591576,0.371854066849,0.368141531944,0.380688786507,0.398129820824,0.40108704567,0.369414150715,0.349252521992,0.384705305099,0.379183351994,0.398413062096,0.38841432333,0.36679148674,0.372352361679,0.38763821125,0.349200665951,0.346537351608,0.38112539053,0.373507082462,0.35866689682,0.387183845043,0.383548796177,0.371868014336,0.372871160507,0.361182510853,0.394270896912,0.3880032897,0.384710788727,0.356985569,0.385535538197,0.380225747824,0.0130744585767,29.0815677643
SNP_CN_4326713_T761G_Q254P_ethA,0.35832875967,0.366069555283,0.386273682117,0.394520699978,0.356975615025,0.389203369617,0.375722706318,0.383460521698,0.371356010437,0.390438497066,0.37841719389,0.376385509968,0.363567888737,0.37831646204,0.367257714272,0.38007491827,0.370744287968,0.391440808773,0.387826681137,0.37712341547,0.375132858753,0.392151713371,0.370517790318,0.377395927906,0.39630895853,0.391837239265,0.382503211498,0.391242623329,0.384428918362,0.374772965908,0.388816833496,0.389747738838,0.390668511391,0.393566250801,0.365629434586,0.370256960392,0.394646704197,0.35659968853,0.370503127575,0.394847750664,0.371905207634,0.391400933266,0.373727142811,0.393993735313,0.381673812866,0.391783475876,0.37262660265,0.39296901226,0.378098487854,0.364514291286,0.358272135258,0.389297485352,0.366769075394,0.390592217445,0.397461593151,0.385031461716,0.399062812328,0.388968288898,0.377420425415,0.386121988297,0.375929713249,0.387996733189,0.407125771046,0.378811955452,0.363937139511,0.378023684025,0.39643651247,0.432068705559,0.382294774055,0.364380657673,0.36730235815,0.37972009182,0.401438057423,0.379596531391,0.371653735638,0.371945798397,0.381218969822,0.356918394566,0.384649932384,0.375881493092,0.388933777809,0.353187322617,0.368918180466,0.379579246044,0.372738420963,0.372322499752,0.368488311768,0.39054530859,0.392061531544,0.386323809624,0.381090641022,0.385898709297,0.393137395382,0.367723822594,0.38314473629,0.384589850903,0.411747276783,0.396909952164,0.367854475975,0.375528454781,0.371741890907,0.37233877182,0.379022598267,0.384111881256,0.384925723076,0.373521089554,0.375986933708,0.37467443943,0.388786792755,0.367265939713,0.371002078056,0.370653986931,0.376600027084,0.392234563828,0.423906445503,0.394464850426,0.381065666676,0.392072021961,0.394702076912,0.385347247124,0.397433876991,0.388318777084,0.372276544571,0.364744603634,0.374633014202,0.397499263287,0.380367159843,0.387777388096,0.363584280014,0.375326812267,0.373480677605,0.357500731945,0.370784282684,0.377395272255,0.391771912575,0.397789001465,0.368622004986,0.398749530315,0.381776332855,0.386302351952,0.358749747276,0.38521450758,0.370099961758,0.369491219521,0.372224986553,0.375152230263,0.373392760754,0.366481125355,0.381394088268,0.362740337849,0.372166574001,0.380160093307,0.401288986206,0.39664208889,0.395590007305,0.396245956421,0.379067838192,0.378910124302,0.388582527637,0.36642074585,0.406984806061,0.363259851933,0.39793664217,0.365905821323,0.397826850414,0.397309243679,0.392900049686,0.392800569534,0.376392483711,0.387175798416,0.382717013359,0.375580668449,0.366827785969,0.3787946105,0.371937274933,0.366025805473,0.369619190693,0.361946582794,0.390264928341,0.384972453117,0.371902227402,0.386941432953,0.387545824051,0.377235174179,0.39877063036,0.374192357063,0.377566218376,0.380993306637,0.367189228535,0.400082528591,0.382207095623,0.371807992458,0.361163437366,0.394987404346,0.361578404903,0.351604282856,0.388051569462,0.37147128582,0.383676171303,0.38702839613,0.392941534519,0.395491242409,0.39269387722,0.370110929012,0.360009133816,0.383847415447,0.356240272522,0.381601572037,0.38302564621,0.391428589821,0.372702419758,0.36796861887,0.390956521034,0.375064373016,0.396301150322,0.393912732601,0.370653748512,0.38463228941,0.388965547085,0.398889839649,0.400300741196,0.372277200222,0.368102550507,0.378960072994,0.396793723106,0.401801466942,0.368651688099,0.348131597042,0.386349201202,0.380052983761,0.39837539196,0.389209985733,0.366781413555,0.372576951981,0.388284564018,0.348521232605,0.347125351429,0.383769094944,0.375352501869,0.356371164322,0.388162851334,0.382297694683,0.372141003609,0.3725284338,0.361288428307,0.393739104271,0.386808991432,0.384211182594,0.356384754181,0.388060927391,0.380397707224,0.0131409987807,28.9473972321
SNP_CZ_4327148_C326T_W109._ethA,0.357264757156,0.366753518581,0.385208487511,0.394505977631,0.354161202908,0.3884729743,0.36973631382,0.381746470928,0.368802368641,0.391016960144,0.37590354681,0.37296384573,0.360741317272,0.3773432374,0.364863395691,0.3771225214,0.37019443512,0.392001092434,0.386774718761,0.375931084156,0.374267399311,0.389779627323,0.36957013607,0.377821266651,0.396938860416,0.389116287231,0.379877269268,0.389909267426,0.382072806358,0.376700818539,0.386669516563,0.388023257256,0.392356336117,0.39330881834,0.360650122166,0.368272006512,0.395006895065,0.356769979,0.369313240051,0.391982316971,0.372249722481,0.388464689255,0.370950877666,0.393083512783,0.377712130547,0.392636477947,0.371620476246,0.391812086105,0.376911103725,0.36214774847,0.356117069721,0.388183832169,0.365839362144,0.390891671181,0.394478142262,0.380846142769,0.394970953465,0.38648557663,0.376245081425,0.385320305824,0.374903440475,0.387247800827,0.404549181461,0.374622881413,0.363445281982,0.377059996128,0.395605742931,0.432873904705,0.380206763744,0.360784351826,0.366472005844,0.377447664738,0.397373974323,0.377050817013,0.371003210545,0.369328558445,0.37709915638,0.359147191048,0.385131537914,0.375993490219,0.387723565102,0.350595712662,0.365913271904,0.376842975616,0.37348306179,0.37308549881,0.367034673691,0.388607800007,0.389110743999,0.382022738457,0.378661334515,0.388130068779,0.38896048069,0.366625905037,0.384005367756,0.381744146347,0.407546162605,0.396218001842,0.368659555912,0.374761283398,0.36939483881,0.371372401714,0.376578986645,0.381630063057,0.382699966431,0.3729403615,0.373206317425,0.372306704521,0.3865416646,0.363342523575,0.370365738869,0.368479371071,0.374376058578,0.391559422016,0.419871866703,0.392014443874,0.378821253777,0.389835715294,0.393962085247,0.383107483387,0.398462474346,0.386190772057,0.368502259254,0.36552387476,0.375160157681,0.396589338779,0.377989888191,0.387189507484,0.363002181053,0.372802376747,0.37079334259,0.356612145901,0.368322074413,0.375154614449,0.389016091824,0.397108614445,0.366262674332,0.397733986378,0.37786257267,0.385717451572,0.361010909081,0.384390175343,0.36927652359,0.370190024376,0.371277987957,0.374133348465,0.37392604351,0.365683853626,0.381561398506,0.359845638275,0.370840907097,0.378781914711,0.396903812885,0.393955290318,0.394755423069,0.395261704922,0.376636147499,0.378081798553,0.388062357903,0.36401027441,0.406346440315,0.36549526453,0.396733880043,0.367809534073,0.391841650009,0.394673466682,0.392309486866,0.390190601349,0.372576534748,0.385156929493,0.382308423519,0.375149726868,0.366234302521,0.376539230347,0.367671251297,0.366629719734,0.368815481663,0.361124098301,0.389481067657,0.385559916496,0.370927751064,0.387689054012,0.386492371559,0.373004436493,0.399378657341,0.370131552219,0.376784920692,0.378374218941,0.366679787636,0.397696495056,0.383018791676,0.369043171406,0.357212722301,0.395404875278,0.360311567783,0.349286794662,0.38573884964,0.370936870575,0.381387233734,0.384503245354,0.392297446728,0.394891917706,0.390533447266,0.366271793842,0.356479644775,0.381558358669,0.355700314045,0.379397273064,0.382234156132,0.390710532665,0.37035036087,0.368991196156,0.389936804771,0.374260187149,0.395505547523,0.389487624168,0.371291041374,0.38337469101,0.390515744686,0.396986246109,0.40049123764,0.369361042976,0.366098821163,0.377310752869,0.395284712315,0.399203658104,0.367146790028,0.349040210247,0.381971299648,0.377425074577,0.397383153439,0.388145267963,0.365591883659,0.372469842434,0.385874569416,0.348651885986,0.34532725811,0.379175841808,0.37271374464,0.354932427406,0.385571599007,0.381145834923,0.369647979736,0.371772527695,0.358475923538,0.392267882824,0.385364234447,0.384478569031,0.355064272881,0.384021282196,0.378879070282,0.0131024084985,28.9167499542
SNP_CZ_4326600_G874A_R292._ethA,0.357261002064,0.368761301041,0.385479390621,0.396603882313,0.357392430305,0.390475153923,0.373068928719,0.386427044868,0.369112372398,0.391064524651,0.379030287266,0.376127898693,0.363783955574,0.377208888531,0.365396201611,0.379284024239,0.373482346535,0.392150223255,0.388529539108,0.377262175083,0.373456776142,0.389569044113,0.370385229588,0.37951117754,0.400038361549,0.391743540764,0.382685005665,0.390508174896,0.382602214813,0.377067804337,0.389444172382,0.391047775745,0.392609477043,0.393777608871,0.365837693214,0.369263768196,0.397830605507,0.358137190342,0.371511101723,0.392766356468,0.373546421528,0.391637444496,0.375169038773,0.397653400898,0.380293428898,0.392914891243,0.373582243919,0.395538330078,0.376102626324,0.36470580101,0.357507526875,0.38937318325,0.368092477322,0.392117381096,0.397174477577,0.384174704552,0.397053003311,0.390512645245,0.377306222916,0.385018527508,0.378426492214,0.388629257679,0.407141268253,0.377323687077,0.366347849369,0.379367768764,0.395660996437,0.435261309147,0.383461654186,0.362861990929,0.369401276112,0.378402113914,0.398109614849,0.378047347069,0.371260106564,0.370037138462,0.379708230495,0.360733866692,0.38859808445,0.37950271368,0.393845319748,0.353833079338,0.369290351868,0.382053911686,0.37563085556,0.373820900917,0.366676986217,0.389070153236,0.39290112257,0.384960412979,0.385162770748,0.388682365417,0.391866087914,0.370169103146,0.385373711586,0.384285628796,0.40975946188,0.397502183914,0.369567632675,0.376525402069,0.369961261749,0.373121082783,0.378406465054,0.381717205048,0.385389626026,0.376123070717,0.374170303345,0.374430596828,0.392022311687,0.367331147194,0.371903896332,0.370453178883,0.378512978554,0.393213152885,0.423328399658,0.396816790104,0.381649374962,0.394676506519,0.398922562599,0.385893642902,0.403206110001,0.389309823513,0.369562923908,0.369280099869,0.377672374249,0.398599863052,0.382511854172,0.388835072517,0.367607653141,0.375874638557,0.372175872326,0.357586622238,0.369753301144,0.37778866291,0.392284572124,0.396878123283,0.367885708809,0.402140915394,0.380932986736,0.390269577503,0.360548138618,0.386860430241,0.3711617589,0.370409011841,0.375041365623,0.376948356628,0.376331746578,0.366418838501,0.382906973362,0.365583479404,0.37401753664,0.382298529148,0.40111386776,0.399466872215,0.396213173866,0.398387610912,0.380132317543,0.38163292408,0.390648245811,0.368012547493,0.407697439194,0.364739179611,0.398274004459,0.369037270546,0.395443797112,0.398791611195,0.395293951035,0.393284499645,0.374563395977,0.387085437775,0.385981917381,0.375973045826,0.368682742119,0.380020141602,0.369531989098,0.367342591286,0.370213329792,0.361174702644,0.390559196472,0.38569766283,0.372492849827,0.388623833656,0.390546739101,0.377438187599,0.398464381695,0.373425841331,0.379477143288,0.382932543755,0.369275450706,0.401379823685,0.38237708807,0.371451556683,0.359757721424,0.395613610744,0.361380875111,0.351418316364,0.388522148132,0.371389448643,0.384670078754,0.38672554493,0.397083580494,0.39775967598,0.393119752407,0.370248556137,0.360689222813,0.38360029459,0.358937084675,0.381215214729,0.38603925705,0.395082890987,0.37254011631,0.369334638119,0.393399357796,0.377676010132,0.395590662956,0.394324421883,0.37401252985,0.388341605663,0.392204761505,0.399474799633,0.403120934963,0.373726725578,0.371624946594,0.382778763771,0.401689112186,0.401251792908,0.372263610363,0.350818574429,0.385744988918,0.381075680256,0.399110794067,0.387965142727,0.366899371147,0.373417794704,0.389603257179,0.352750480175,0.348222315311,0.384097635746,0.376615822315,0.360026061535,0.391572892666,0.384339153767,0.373510301113,0.374073445797,0.364520609379,0.396171569824,0.391289770603,0.38813662529,0.358814239502,0.38819026947,0.381358504295,0.0132171409205,28.8533287048
SNP_CN_4327311_A163G_S55P_ethA,0.35614323616,0.365881443024,0.384575486183,0.393592894077,0.351781189442,0.390110075474,0.371843397617,0.379639029503,0.368355631828,0.390711128712,0.376340091228,0.372099459171,0.361540198326,0.376743853092,0.364251494408,0.378046572208,0.369793474674,0.389935255051,0.386389911175,0.375537097454,0.374063670635,0.391110539436,0.369324028492,0.376165568829,0.395303845406,0.392246484756,0.378435313702,0.390018582344,0.380675315857,0.37569218874,0.387272179127,0.390005946159,0.391195774078,0.390811979771,0.362662017345,0.367058217525,0.396977901459,0.355445683002,0.371191501617,0.392305910587,0.370913565159,0.388776123524,0.371195018291,0.393316805363,0.37948846817,0.391209185123,0.371811628342,0.391960144043,0.377134501934,0.36231136322,0.357805252075,0.388277769089,0.367447733879,0.389510095119,0.394651055336,0.381026566029,0.395245552063,0.38823723793,0.374823689461,0.385544300079,0.375014305115,0.387387156487,0.404683947563,0.376311421394,0.365024745464,0.378487765789,0.395466506481,0.432749688625,0.380144298077,0.362238287926,0.367758750916,0.375600159168,0.397203981876,0.376904129982,0.369390845299,0.367707788944,0.378805398941,0.356426179409,0.383972406387,0.376641452312,0.391413629055,0.352403700352,0.367731928825,0.380286753178,0.375073552132,0.371574342251,0.365787386894,0.390570878983,0.389367640018,0.382168471813,0.378766477108,0.386696875095,0.389164090157,0.365316987038,0.381047606468,0.382123231888,0.40950602293,0.396413207054,0.367294311523,0.374940872192,0.368014514446,0.370036900043,0.378381431103,0.380124270916,0.382889807224,0.374698221684,0.373274862766,0.373929083347,0.388082742691,0.364867448807,0.370221436024,0.369966387749,0.375618517399,0.391282320023,0.419579148293,0.391776144505,0.378614544868,0.391295969486,0.395217716694,0.382710933685,0.394737780094,0.389211654663,0.369640767574,0.365123927593,0.373061060905,0.396279513836,0.377695381641,0.385439157486,0.362957894802,0.375941514969,0.37057697773,0.354979634285,0.366747617722,0.375150799751,0.389003515244,0.397100567818,0.366254389286,0.396084666252,0.377918481827,0.385743498802,0.358095169067,0.384656667709,0.369424343109,0.370338022709,0.371361494064,0.372733235359,0.374108076096,0.36423766613,0.380373895168,0.361631631851,0.369498491287,0.380557954311,0.397013783455,0.395584881306,0.396312594414,0.396658599377,0.37796652317,0.3792552948,0.3892968297,0.364887475967,0.404278755188,0.362150430679,0.394977211952,0.36486852169,0.391999542713,0.396185159683,0.392170548439,0.390047729015,0.374075949192,0.387966811657,0.384962797165,0.375945270061,0.365523397923,0.378662705421,0.36974298954,0.364948570728,0.3664239645,0.360288739204,0.388859570026,0.384952008724,0.370419859886,0.387227475643,0.386027514935,0.372655749321,0.397528290749,0.369968414307,0.378099858761,0.378089845181,0.368081331253,0.398919939995,0.379499971867,0.367310702801,0.358614861965,0.393640339375,0.358672738075,0.350656628609,0.385483682156,0.372298657894,0.382694840431,0.382611572742,0.393645823002,0.397524952888,0.391455769539,0.365834772587,0.35747563839,0.37952464819,0.356752812862,0.377576470375,0.383585929871,0.392022430897,0.370019257069,0.36546766758,0.389684259892,0.375536561012,0.393785834312,0.389334917068,0.36977314949,0.383426785469,0.387648880482,0.396061241627,0.401137650013,0.371414601803,0.365167915821,0.379342079163,0.397254884243,0.402487814426,0.367068529129,0.350431799889,0.381656765938,0.378819942474,0.395536720753,0.386541545391,0.364161550999,0.371384501457,0.387812137604,0.347532212734,0.347169399261,0.382248461246,0.374030947685,0.354558885098,0.386800765991,0.380665183067,0.370894789696,0.369970560074,0.361140668392,0.39189183712,0.384997010231,0.382675588131,0.356450498104,0.383847177029,0.378922075033,0.0131615148857,28.7901573181
SNP_CN_1674263_T62C_I21T_inhA,0.351367652416,0.368390321732,0.336954057217,0.330282390118,0.314660072327,0.373348474503,0.362050175667,0.375753700733,0.330393135548,0.372539877892,0.333200275898,0.325166881084,0.311561226845,0.315022587776,0.301349520683,0.316653549671,0.315790951252,0.332062840462,0.33278465271,0.331992566586,0.358409225941,0.381864368916,0.35516834259,0.347127079964,0.360181152821,0.352207243443,0.344756484032,0.348894774914,0.348259687424,0.328111350536,0.334660112858,0.341567993164,0.347701430321,0.364092290401,0.346659064293,0.357130587101,0.37493699789,0.34150069952,0.351929247379,0.372251808643,0.349717020988,0.362070739269,0.347669124603,0.367355585098,0.362637937069,0.366397023201,0.344217598438,0.364439845085,0.351041197777,0.351746678352,0.352627813816,0.373328447342,0.350709915161,0.368616759777,0.373415291309,0.371552884579,0.394119620323,0.382093310356,0.367341518402,0.372325658798,0.359381318092,0.375766932964,0.392212808132,0.361911892891,0.347894906998,0.360490202904,0.378032684326,0.421017169952,0.376218676567,0.353744626045,0.351711630821,0.364124059677,0.380398511887,0.361709475517,0.361200094223,0.365582406521,0.373194873333,0.357057154179,0.383343756199,0.37216168642,0.38567763567,0.354270756245,0.367944538593,0.374998509884,0.370705187321,0.364630281925,0.353409767151,0.375105202198,0.376335144043,0.369218707085,0.36582916975,0.370544373989,0.380596101284,0.355404675007,0.371826648712,0.37829375267,0.406287014484,0.393009185791,0.366157710552,0.37015324831,0.360078454018,0.358213841915,0.376357555389,0.371752560139,0.378811538219,0.36891156435,0.365793824196,0.371498525143,0.381271064281,0.360162138939,0.364466011524,0.371302783489,0.374715983868,0.387805581093,0.413084864616,0.383292913437,0.376021027565,0.386904656887,0.385630905628,0.371634662151,0.383976578712,0.379578828812,0.362202584743,0.355024218559,0.363421142101,0.384013533592,0.367748260498,0.381097614765,0.35833209753,0.365487396717,0.362147927284,0.346537768841,0.360492408276,0.372443377972,0.384854972363,0.390438497066,0.358636438847,0.393387556076,0.37491184473,0.379698455334,0.357660770416,0.378764152527,0.360154211521,0.358553647995,0.35888582468,0.361874878407,0.361809015274,0.352932751179,0.364378750324,0.355635106564,0.362604439259,0.371265947819,0.389942169189,0.390527427197,0.384460568428,0.388824105263,0.370178341866,0.368321895599,0.383218467236,0.353610932827,0.3953089118,0.352563798428,0.384547948837,0.354963243008,0.388414025307,0.386998534203,0.382424175739,0.382703006268,0.369509875774,0.379968345165,0.379146516323,0.370982885361,0.360801935196,0.3715031147,0.356957495213,0.354997873306,0.357142210007,0.353011846542,0.381260216236,0.376399993896,0.358717024326,0.382388234138,0.380075514317,0.362216711044,0.384973049164,0.365110099316,0.37292522192,0.371658086777,0.360232710838,0.389371812344,0.371704697609,0.362184345722,0.346630394459,0.385309815407,0.347424566746,0.338924407959,0.374945700169,0.358586251736,0.374680459499,0.372458159924,0.383836388588,0.385126531124,0.381175994873,0.359618723392,0.345466077328,0.368416488171,0.342507243156,0.368045926094,0.369411110878,0.374680697918,0.359718203545,0.357080161572,0.376318752766,0.370042562485,0.390523314476,0.384835422039,0.368324041367,0.383139491081,0.388552129269,0.39797949791,0.400218486786,0.367368996143,0.357728660107,0.373000323772,0.39078438282,0.393736183643,0.366936862469,0.346387922764,0.383391976357,0.374473929405,0.389667212963,0.379772782326,0.357880651951,0.362429380417,0.375412762165,0.343463599682,0.33802741766,0.37144947052,0.366814255714,0.347136259079,0.382003545761,0.375269055367,0.367310702801,0.368511736393,0.353551626205,0.386819541454,0.381844818592,0.379781544209,0.350158572197,0.378247976303,0.366319805384,0.017803221941,20.5760402679
DEL_CF_4326184_d1290G_430_ethA,0.275926411152,0.286175787449,0.366331160069,0.324708521366,0.281496107578,0.355817973614,0.308302760124,0.332758307457,0.348506987095,0.333678722382,0.296405851841,0.284529685974,0.296641349792,0.283188521862,0.263402938843,0.270757973194,0.301325380802,0.307986855507,0.305138885975,0.301333785057,0.337678909302,0.323533117771,0.285036146641,0.300143718719,0.316937029362,0.338000118732,0.353603422642,0.348325014114,0.329589664936,0.343415439129,0.348180174828,0.339977920055,0.348029732704,0.343287467957,0.308823525906,0.306336164474,0.328993439674,0.298326849937,0.301738142967,0.329806208611,0.327293932438,0.344075620174,0.33852994442,0.346312940121,0.32684391737,0.325841248035,0.317151129246,0.324641227722,0.337650716305,0.309991240501,0.298059940338,0.315161108971,0.302934229374,0.314356684685,0.32068580389,0.308531939983,0.331297039986,0.338630318642,0.316271722317,0.329017996788,0.313969314098,0.332644045353,0.344560623169,0.306138217449,0.315619766712,0.324659526348,0.322522759438,0.360435247421,0.32188642025,0.298232257366,0.304228723049,0.320496857166,0.318485736847,0.322763681412,0.307984948158,0.314945995808,0.337572872639,0.312636613846,0.335945904255,0.304162919521,0.339815080166,0.309051930904,0.317825496197,0.316988170147,0.303875207901,0.324413657188,0.299905478954,0.323324561119,0.324247002602,0.320345580578,0.335030913353,0.330073773861,0.329633653164,0.302411496639,0.339849233627,0.316470682621,0.343338549137,0.340851485729,0.300067842007,0.31739962101,0.319360435009,0.320673942566,0.320631861687,0.325985908508,0.33110255003,0.31207549572,0.329419434071,0.312041342258,0.327295303345,0.289705991745,0.319085180759,0.319978296757,0.311848521233,0.343282878399,0.343262910843,0.327523648739,0.323005735874,0.333276391029,0.341614961624,0.302336037159,0.346557438374,0.318381726742,0.301618874073,0.300850093365,0.315988957882,0.345842897892,0.315576672554,0.330279290676,0.314789116383,0.318680047989,0.307184040546,0.299117743969,0.30711555481,0.315671801567,0.328543126583,0.349658787251,0.300937771797,0.336016476154,0.32587069273,0.332590162754,0.309410810471,0.32222622633,0.309163451195,0.311578691006,0.330593407154,0.285608291626,0.317898571491,0.297328412533,0.326093912125,0.299557030201,0.317720711231,0.317401707172,0.342996776104,0.322549402714,0.328763365746,0.322621166706,0.330428063869,0.313178300858,0.34546482563,0.296855330467,0.361378967762,0.301918506622,0.329592049122,0.309349954128,0.336293280125,0.341213941574,0.341859102249,0.333148479462,0.318771660328,0.30535197258,0.338134586811,0.333229780197,0.312350809574,0.31509655714,0.317368507385,0.307558834553,0.301482737064,0.303490102291,0.318856179714,0.328297019005,0.316105246544,0.329918503761,0.325903058052,0.316626489162,0.329032599926,0.2876714468,0.315601885319,0.314984798431,0.329533398151,0.334316968918,0.339086890221,0.309581041336,0.300314128399,0.33777910471,0.294080197811,0.282821595669,0.316539347172,0.307722508907,0.336062312126,0.319771230221,0.336353838444,0.341549634933,0.347823798656,0.339670717716,0.311689794064,0.315911531448,0.291207194328,0.329441130161,0.326441049576,0.316027104855,0.321601271629,0.320854008198,0.339668929577,0.323485195637,0.33585101366,0.319539904594,0.311771214008,0.303615450859,0.334915578365,0.327418327332,0.340144753456,0.313213825226,0.295634448528,0.323932945728,0.337313950062,0.344763338566,0.334171712399,0.298781991005,0.315719544888,0.322607219219,0.336588799953,0.326930463314,0.310449659824,0.335549533367,0.329396545887,0.301344811916,0.277979195118,0.320615589619,0.32842040062,0.303761720657,0.335310399532,0.315554797649,0.331791400909,0.317509174347,0.290716528893,0.348899245262,0.330960154533,0.312018275261,0.287492930889,0.344469130039,0.320398241282,0.0176263451576,18.177236557
SNP_P_1673425_C15T_promoter_fabG1.inhA,0.298135757446,0.291360795498,0.274983227253,0.343768715858,0.289790093899,0.306509137154,0.288227438927,0.301478683949,0.283885419369,0.336927056313,0.270699620247,0.298368692398,0.299881637096,0.335427165031,0.301505208015,0.299032390118,0.330259680748,0.290560662746,0.298440098763,0.248999118805,0.274074792862,0.286440730095,0.320837676525,0.29600328207,0.271463274956,0.282436907291,0.293077886105,0.306082606316,0.257342338562,0.320886611938,0.326226532459,0.288138210773,0.308358669281,0.309442460537,0.307146072388,0.29600071907,0.318676590919,0.292918205261,0.308561980724,0.323249638081,0.310656547546,0.322046756744,0.286111235619,0.309065937996,0.299503743649,0.35361045599,0.2775785923,0.290885984898,0.290564358234,0.309575855732,0.285557746887,0.288784563541,0.274670958519,0.303997457027,0.307499825954,0.31950032711,0.262742221355,0.286502659321,0.267995893955,0.284733355045,0.309772133827,0.319054424763,0.306761682034,0.342246115208,0.346051037312,0.267600893974,0.317385852337,0.347988754511,0.291399180889,0.313722670078,0.265570580959,0.329919219017,0.299625754356,0.274253308773,0.280850112438,0.289406478405,0.278014242649,0.279172360897,0.296140193939,0.301363170147,0.301991581917,0.272349298,0.283298492432,0.300940513611,0.329167723656,0.275612175465,0.285310268402,0.300351858139,0.311515927315,0.312975406647,0.278073966503,0.287791490555,0.28977394104,0.288460314274,0.303650915623,0.287165760994,0.332148432732,0.288951992989,0.286917567253,0.274059414864,0.265758931637,0.25699955225,0.279448568821,0.305319011211,0.276009202003,0.262708425522,0.280678629875,0.285052716732,0.301021456718,0.311820089817,0.251001477242,0.299292981625,0.295045256615,0.296000540257,0.32791686058,0.308194279671,0.303234994411,0.310811698437,0.285119593143,0.31473171711,0.294021308422,0.329474210739,0.318204462528,0.292804837227,0.265968024731,0.281753480434,0.280918359756,0.301273703575,0.288529753685,0.314406871796,0.300232112408,0.278277277946,0.283460140228,0.299534022808,0.302185714245,0.307897090912,0.28236079216,0.345501720905,0.269992291927,0.303113102913,0.291801154613,0.28044205904,0.2798153162,0.301907062531,0.291626036167,0.339549064636,0.316507101059,0.322735071182,0.271540343761,0.285412788391,0.315811395645,0.28495490551,0.32207095623,0.322983801365,0.294525206089,0.307381749153,0.267773449421,0.296380579472,0.313113629818,0.284631550312,0.294972777367,0.299171745777,0.303954422474,0.287187874317,0.323300600052,0.271269440651,0.290390908718,0.293463051319,0.347062468529,0.300440311432,0.302989661694,0.26202505827,0.27621024847,0.287781178951,0.30489218235,0.30681347847,0.29239076376,0.318586587906,0.275820434093,0.258821606636,0.318657577038,0.308118879795,0.294752061367,0.293306291103,0.288355827332,0.28450345993,0.302312612534,0.288485169411,0.287429451942,0.311868071556,0.312980830669,0.316533267498,0.289203882217,0.33226197958,0.316574454308,0.264693260193,0.281506001949,0.299238443375,0.307947039604,0.295698702335,0.289667963982,0.258121550083,0.290522038937,0.295038938522,0.271616816521,0.326637387276,0.281950831413,0.2940928936,0.293791949749,0.297748684883,0.311168730259,0.308480381966,0.309499084949,0.323621928692,0.304293572903,0.303541481495,0.294068932533,0.296936929226,0.317466080189,0.274794101715,0.272005677223,0.323729515076,0.283032774925,0.282800734043,0.319667816162,0.308859884739,0.293554008007,0.291539371014,0.276651263237,0.299904584885,0.284929275513,0.29456371069,0.291446685791,0.262176096439,0.323412060738,0.292021214962,0.302089035511,0.291641533375,0.305765450001,0.312538743019,0.30983710289,0.287994801998,0.282581806183,0.277890086174,0.293664455414,0.306237995625,0.315452456474,0.317997515202,0.293826878071,0.302905738354,0.297347009182,0.019438540563,15.2967767715
SNP_CN_4326333_C1141G_A381P_ethA,0.252839148045,0.271169066429,0.327196896076,0.291297852993,0.27091217041,0.318578898907,0.30746525526,0.289286077023,0.304235100746,0.280831515789,0.319182395935,0.280534505844,0.272090911865,0.315150499344,0.256521165371,0.263503611088,0.328960418701,0.297413706779,0.29761493206,0.306835532188,0.334024310112,0.279054105282,0.248860657215,0.259209811687,0.294676423073,0.283614933491,0.302188575268,0.314179480076,0.290855526924,0.259867668152,0.272511780262,0.292935550213,0.271691143513,0.2577085495,0.244771957397,0.261670351028,0.301388800144,0.268744170666,0.275719761848,0.278305351734,0.268043339252,0.256431698799,0.224598407745,0.254080474377,0.252861022949,0.302350819111,0.262177884579,0.278691589832,0.282466411591,0.308165848255,0.305170476437,0.322315812111,0.311157345772,0.325394511223,0.363240420818,0.31745070219,0.297549366951,0.296295583248,0.274751722813,0.308113694191,0.285612344742,0.282709717751,0.304780781269,0.254257261753,0.259413421154,0.266700148582,0.274921834469,0.314750254154,0.298041939735,0.313454985619,0.267454445362,0.277587890625,0.297012329102,0.323062300682,0.305853247643,0.324474751949,0.330330371857,0.300731062889,0.328512847424,0.302321076393,0.309344351292,0.276913285255,0.283585846424,0.288066446781,0.297935843468,0.290000498295,0.280706822872,0.298243403435,0.313670814037,0.310576021671,0.299318730831,0.27146500349,0.308290839195,0.280390024185,0.295741200447,0.275906503201,0.320560395718,0.282625675201,0.258812844753,0.297073960304,0.287097871304,0.291015744209,0.287278354168,0.30871617794,0.290069818497,0.283019721508,0.284174084663,0.240452528,0.252321839333,0.280003607273,0.294912695885,0.332272827625,0.293546319008,0.289169967175,0.30578827858,0.310422420502,0.305195689201,0.303493618965,0.292522490025,0.305547893047,0.315814077854,0.333092868328,0.317088365555,0.274558067322,0.289145946503,0.312918007374,0.299057245255,0.312030553818,0.300413966179,0.285300195217,0.284882962704,0.255434989929,0.270343124866,0.292766392231,0.304914593697,0.333916127682,0.292594730854,0.325821757317,0.317390680313,0.316161096096,0.281008481979,0.323396503925,0.315021038055,0.312475502491,0.275723397732,0.275700986385,0.284429132938,0.282772958279,0.275740802288,0.285932838917,0.280955135822,0.285523831844,0.313713669777,0.309415400028,0.320183694363,0.285424411297,0.29992300272,0.272985160351,0.288500845432,0.306496083736,0.30711209774,0.292244851589,0.312458157539,0.295039832592,0.293898761272,0.317783117294,0.30403137207,0.30957788229,0.302622616291,0.3009724617,0.316055953503,0.294440031052,0.307047188282,0.312420070171,0.303264021873,0.288792490959,0.306402802467,0.290714800358,0.324909389019,0.286034107208,0.296278059483,0.305198907852,0.30147844553,0.321441173553,0.320036232471,0.262044370174,0.289619624615,0.304061710835,0.290751755238,0.322711586952,0.304696440697,0.291087925434,0.282425165176,0.310593485832,0.298936367035,0.295890033245,0.297427773476,0.30323600769,0.314543545246,0.295166552067,0.340869903564,0.305684804916,0.317219376564,0.29411894083,0.279368698597,0.327022135258,0.29098045826,0.334421873093,0.338140785694,0.342592716217,0.328989982605,0.325374960899,0.325602650642,0.311051249504,0.30888402462,0.300412297249,0.3150370121,0.320613920689,0.302319526672,0.288302183151,0.31040006876,0.307974278927,0.286936998367,0.301802933216,0.318377017975,0.327231407166,0.281567871571,0.291775643826,0.321016132832,0.315172731876,0.324425041676,0.29206931591,0.297930955887,0.272210538387,0.289591312408,0.244621515274,0.264030456543,0.306279718876,0.289428591728,0.279513776302,0.308957993984,0.290266633034,0.28959351778,0.289857447147,0.265647530556,0.311843216419,0.306990861893,0.296297490597,0.27129304409,0.305008411407,0.295922726393,0.0215468239039,13.7339372635
SNP_CN_4326116_G1358A_T453I_ethA,0.342855155468,0.299217760563,0.365770697594,0.300188004971,0.269397854805,0.300109386444,0.269151568413,0.278994500637,0.337488889694,0.369417071342,0.306505858898,0.267827153206,0.260788917542,0.342216491699,0.311371982098,0.333468675613,0.298024833202,0.300083398819,0.295642197132,0.329924046993,0.349906206131,0.325259208679,0.284400045872,0.283468067646,0.274837315083,0.318078458309,0.264962911606,0.313589811325,0.295435130596,0.27401471138,0.27481096983,0.274001777172,0.258529543877,0.256574869156,0.248008131981,0.253365278244,0.246158659458,0.272685825825,0.277757644653,0.3150344491,0.315283834934,0.309299170971,0.280164539814,0.28549182415,0.26891130209,0.270645737648,0.286549627781,0.28737616539,0.324711561203,0.325766921043,0.333214461803,0.317449271679,0.322095453739,0.288596093655,0.322213828564,0.289842128754,0.276886224747,0.275175571442,0.300251424313,0.35009521246,0.30849146843,0.294469535351,0.31279861927,0.28061902523,0.278090178967,0.279602706432,0.286736130714,0.280597686768,0.273096263409,0.306333661079,0.26979547739,0.303926348686,0.306298792362,0.327978610992,0.306708216667,0.323226332664,0.328504383564,0.266197562218,0.279047429562,0.264137685299,0.279601514339,0.278125584126,0.280758917332,0.287950634956,0.276920616627,0.32142585516,0.291694819927,0.304628789425,0.300858020782,0.289476454258,0.262874722481,0.25540214777,0.267483770847,0.241228699684,0.264300167561,0.314300298691,0.335956990719,0.340500354767,0.302461326122,0.330983579159,0.302634716034,0.296813607216,0.321866095066,0.322112619877,0.30772382021,0.294595003128,0.277111232281,0.25708168745,0.260245740414,0.253653347492,0.302010715008,0.331680297852,0.295131623745,0.293838083744,0.300570070744,0.278410732746,0.268310964108,0.272992134094,0.23559743166,0.225788533688,0.248598873615,0.286427557468,0.263087272644,0.252294301987,0.257318437099,0.320464968681,0.297852277756,0.299757003784,0.293493330479,0.284738957882,0.29060292244,0.296459496021,0.296214699745,0.31815212965,0.311077833176,0.344870626926,0.290072858334,0.301950097084,0.284484922886,0.283668994904,0.291184425354,0.310819923878,0.323265731335,0.303670048714,0.294927656651,0.282044768333,0.30155390501,0.313185691833,0.303442299366,0.258774638176,0.256876468658,0.266384065151,0.285492837429,0.302122950554,0.303140223026,0.294338464737,0.279602408409,0.309752106667,0.310387074947,0.276810884476,0.33719855547,0.301693677902,0.326105415821,0.289289057255,0.274686098099,0.286012530327,0.292994081974,0.306669235229,0.318673610687,0.336412847042,0.316641271114,0.30447191,0.291720926762,0.280617952347,0.296570777893,0.295299649239,0.322122216225,0.30298179388,0.345060944557,0.344711244106,0.322046101093,0.324718654156,0.307459115982,0.285497844219,0.300258517265,0.263484537601,0.290660262108,0.290722966194,0.28258651495,0.325526952744,0.319615662098,0.315285146236,0.316781282425,0.338362038136,0.307415604591,0.31396907568,0.325107336044,0.308184146881,0.301649212837,0.287812590599,0.276689589024,0.306782901287,0.293296992779,0.266137957573,0.258992493153,0.309870839119,0.277624487877,0.280755281448,0.294069290161,0.292477011681,0.277372658253,0.271510779858,0.277596950531,0.260959565639,0.293360054493,0.277652442455,0.2778647542,0.277230858803,0.284634590149,0.291564166546,0.284089267254,0.251606345177,0.259013593197,0.27065384388,0.282995462418,0.320844471455,0.285260796547,0.299115419388,0.308564960957,0.306157290936,0.336397051811,0.335016489029,0.304956495762,0.287329912186,0.314740896225,0.260807812214,0.278384029865,0.286444187164,0.264614760876,0.252003312111,0.267424225807,0.285963594913,0.279434680939,0.272465229034,0.252514302731,0.278762698174,0.286699652672,0.295681357384,0.270127892494,0.299421906471,0.2939260602,0.0249961894006,11.7588348389
SNP_CN_1674481_T280G_S94A_inhA,0.291192531586,0.322278082371,0.311081409454,0.354305624962,0.308328688145,0.316070258617,0.265637218952,0.299759089947,0.270921766758,0.280320703983,0.290677607059,0.296313047409,0.291488349438,0.340697944164,0.304426670074,0.32162886858,0.340262830257,0.334443747997,0.327178120613,0.304940581322,0.315855443478,0.314553618431,0.29477083683,0.296215474606,0.311370909214,0.311905264854,0.311234772205,0.317479550838,0.336146354675,0.308327794075,0.303247869015,0.305250287056,0.303860425949,0.295700550079,0.272397696972,0.269932866096,0.336282789707,0.278672754765,0.295717298985,0.340680360794,0.312791526318,0.310149669647,0.297628700733,0.299362361431,0.316990613937,0.335003018379,0.297700703144,0.276092886925,0.276664018631,0.259747862816,0.268659293652,0.301957547665,0.301671504974,0.290725529194,0.303471624851,0.296115458012,0.322631835938,0.305424690247,0.271861076355,0.350323021412,0.288806200027,0.302013278008,0.323916971684,0.285644948483,0.292098701,0.306511461735,0.304679393768,0.322639882565,0.299966454506,0.268477141857,0.251441657543,0.281693518162,0.28648930788,0.274150907993,0.264818072319,0.262293338776,0.286207795143,0.249100625515,0.292838335037,0.251497864723,0.283784151077,0.253811717033,0.269894242287,0.256671845913,0.244544744492,0.307778477669,0.259607434273,0.271141350269,0.305924892426,0.28444892168,0.327091693878,0.304462313652,0.30761128664,0.30265802145,0.326294004917,0.302840530872,0.325626730919,0.337334156036,0.281740069389,0.305648088455,0.292663097382,0.280903398991,0.293049991131,0.274934530258,0.262631237507,0.243566989899,0.246056377888,0.276897609234,0.299868643284,0.254318833351,0.273414969444,0.293257653713,0.284817695618,0.316027700901,0.314062952995,0.277424275875,0.268317103386,0.272629857063,0.256157100201,0.233246445656,0.261787831783,0.250305712223,0.236031234264,0.254207253456,0.257506072521,0.299125134945,0.280471861362,0.270037770271,0.257819771767,0.260791361332,0.25858271122,0.235605895519,0.247255802155,0.27483022213,0.273923397064,0.287087380886,0.252786397934,0.298515558243,0.281132280827,0.278533279896,0.283931016922,0.287768065929,0.252011954784,0.257691919804,0.249926030636,0.239968061447,0.269735693932,0.263004362583,0.273316860199,0.277710497379,0.272391855717,0.284594714642,0.279456436634,0.288347542286,0.280944406986,0.289018929005,0.281257510185,0.25537788868,0.293681800365,0.25792402029,0.316564679146,0.259428560734,0.290331125259,0.278456807137,0.309490263462,0.291595697403,0.284753382206,0.285325407982,0.281404256821,0.273801505566,0.261192202568,0.273945331573,0.275506079197,0.272633731365,0.258483529091,0.250556111336,0.277480065823,0.269383788109,0.303289115429,0.293873548508,0.283755540848,0.284697234631,0.275350034237,0.248206079006,0.275056362152,0.250789165497,0.283421933651,0.290189921856,0.297302424908,0.28225004673,0.295988857746,0.260889291763,0.244651675224,0.273462474346,0.239064872265,0.246121525764,0.278454184532,0.269723474979,0.301848351955,0.268509268761,0.308916032314,0.309538304806,0.301051855087,0.283609569073,0.261456251144,0.270245611668,0.229825794697,0.29366928339,0.301730751991,0.289238631725,0.285529255867,0.281204521656,0.301214039326,0.27902340889,0.289413630962,0.261701762676,0.263400495052,0.253207981586,0.272926926613,0.247801363468,0.270317018032,0.265268623829,0.233381032944,0.254805624485,0.272399485111,0.277553260326,0.263941824436,0.273571074009,0.296432316303,0.290380597115,0.293696701527,0.296608805656,0.275926232338,0.277646005154,0.267932236195,0.275408685207,0.230197668076,0.285085737705,0.311245381832,0.267704188824,0.310751020908,0.275170981884,0.297529280186,0.289774239063,0.248847484589,0.297257423401,0.297419786453,0.27923810482,0.255537033081,0.298304796219,0.284322500229,0.0243101175874,11.6956443787
SNP_CN_1673449_A10C_T4P_fabG1,-0.069580078125,-0.0886083841324,-0.0317860841751,-0.0997135043144,-0.115377128124,-0.118558168411,-0.0718660950661,-0.114288449287,-0.0423082113266,-0.0571036338806,-0.0760055184364,-0.152620911598,-0.131857693195,-0.095520734787,-0.0587961673737,-0.115645349026,-0.0836102962494,-0.130324542522,-0.128480911255,-0.0779147148132,-0.0444836616516,-0.0624343156815,-0.0837475657463,-0.0690522193909,-0.0785908699036,-0.0595750212669,-0.0468863248825,-0.0842485427856,-0.0920155644417,-0.106281638145,-0.0815790891647,-0.0517797470093,-0.0469579100609,-0.124471396208,-0.049248456955,-0.0838844180107,-0.0862436294556,-0.0694445967674,-0.078153014183,-0.107751727104,-0.0725321769714,-0.0458938479424,-0.0636792778969,-0.0680263638496,-0.127764225006,-0.0664346218109,-0.073413848877,-0.0275648236275,-0.0616804361343,-0.130483746529,-0.0117451548576,-0.122014582157,-0.0435743927956,-0.0819696784019,-0.0146716833115,-0.0741751790047,-0.150440126657,-0.122857928276,-0.113131225109,-0.0936266183853,-0.0411292910576,-0.093821823597,-0.144199132919,-0.127604424953,-0.0955224633217,-0.122602641582,-0.114247143269,-0.073633491993,-0.0886063575745,-0.0847858190536,-0.114707648754,-0.120133280754,-0.0897515416145,-0.111227035522,-0.148393034935,-0.0975584983826,-0.125245094299,-0.0971846580505,-0.0883746147156,-0.0991460680962,-0.102964758873,-0.0972000360489,-0.121392309666,-0.0479683876038,-0.0875478386879,-0.07893627882,-0.0915583968163,-0.0778275728226,-0.0992723703384,-0.0994952917099,-0.125303387642,-0.0821785330772,-0.0873116254807,-0.120432376862,-0.112335860729,-0.125498592854,-0.0750006437302,-0.108703553677,-0.0643290877342,-0.0912075638771,-0.0486059784889,-0.0715929865837,-0.147199720144,-0.0633528828621,-0.0711997747421,-0.0644227266312,-0.100037157536,-0.110999941826,-0.120997309685,-0.0766432881355,-0.100538015366,-0.0486641526222,-0.160271584988,-0.0779256224632,-0.0887351632118,-0.0896903276443,-0.108041703701,-0.076920568943,-0.0743423700333,-0.0810348391533,-0.0853918194771,-0.0711187124252,-0.100099980831,-0.111950159073,-0.131965279579,-0.127624392509,-0.113437473774,-0.0470469594002,-0.0843195319176,-0.123513400555,-0.139567434788,-0.0769596099854,-0.0972856283188,-0.130123615265,-0.120238095522,-0.0481458902359,-0.10180157423,-0.107584178448,-0.123968720436,-0.146494120359,-0.160075217485,-0.10343337059,-0.0763557553291,-0.0781331658363,-0.0588359236717,-0.104537129402,-0.0824191570282,-0.0293834209442,-0.142421603203,-0.160694867373,-0.145955532789,-0.146162301302,-0.0807963609695,-0.15067589283,-0.11209243536,-0.104817211628,-0.0837278366089,-0.0662750005722,-0.127873688936,-0.124912321568,-0.114272594452,-0.0821058154106,-0.144451975822,-0.118878662586,-0.136258006096,-0.121777713299,-0.087530195713,-0.0957379937172,-0.0763204693794,-0.0970350503922,-0.0780606865883,-0.0422155857086,-0.116947293282,-0.133228957653,-0.121935606003,-0.143275797367,-0.0838235616684,-0.09266102314,-0.0325457453728,-0.0958257317543,-0.0697411298752,-0.0628435611725,-0.102531433105,-0.0875622630119,-0.0893374085426,-0.078400015831,-0.160900861025,-0.108489632607,-0.101832926273,-0.0962737798691,-0.12714728713,-0.143579930067,-0.117491424084,-0.0976074934006,-0.0603714585304,-0.0497388839722,-0.0593827366829,-0.0859817862511,-0.115904808044,-0.0961765646935,-0.123975872993,-0.0964931845665,-0.118635803461,-0.134819626808,-0.12347638607,-0.0761482715607,-0.0789948701859,-0.119077444077,-0.135630518198,-0.100131869316,-0.056593298912,-0.091875731945,-0.119501769543,-0.140821516514,-0.0589085817337,-0.126048713923,-0.139898240566,-0.151757657528,-0.0382550358772,-0.0196052789688,-0.0822350978851,-0.137448817492,-0.152483612299,-0.101674616337,-0.107614099979,-0.12628442049,-0.0826162099838,-0.069450378418,-0.15732896328,-0.122430324554,-0.0683415532112,-0.0881502628326,-0.111790060997,-0.079677939415,-0.117573976517,-0.0930927395821,-0.0816490054131,-0.0883175730705,-0.129017949104,-0.0643222332001,-0.0901151299477,-0.0667982697487,-0.0814375281334,-0.0750950574875,-0.0946455597878,-0.0664004087448,-0.12435477972,-0.123606383801,-0.106955170631,-0.0646663308144,-0.0953945890069,0.0309873521328,-3.07850074768
SNP_P_1673423_G17T_promoter_fabG1.inhA,0.15907138586,0.141421973705,0.195109963417,0.138183474541,0.144411444664,0.164029359818,0.166591525078,0.186241209507,0.154271960258,0.18861669302,0.0964975953102,0.107347428799,0.107219576836,0.0614937543869,0.0837647914886,0.116618156433,0.12963449955,0.0767385959625,0.0967378616333,0.213027834892,0.162345707417,0.150461912155,0.104755520821,0.128823459148,0.117616593838,0.106025516987,0.20756059885,0.0607447624207,0.122709870338,0.135667026043,0.132292151451,0.109031319618,0.169204592705,0.162972569466,0.147996306419,0.1117015481,0.117313623428,0.0936877727509,0.0984885692596,0.112434744835,0.158523082733,0.110385358334,0.161653876305,0.176895797253,0.157635509968,0.103996694088,0.132339477539,0.109367609024,0.0799744725227,0.122716546059,0.0861236453056,0.121262431145,0.0781386494637,0.0772017240524,0.0916233658791,0.072344481945,0.103415668011,0.0999789237976,0.145589828491,0.268198668957,0.0817157626152,0.0472956299782,0.158327043056,0.0889729261398,0.109581589699,0.132563471794,0.107281088829,0.0976531505585,0.14434748888,0.148350954056,0.208428144455,0.164759993553,0.17850458622,0.0262308716774,0.0187681913376,0.0946497321129,0.110735714436,0.0653802752495,0.0622822642326,0.0356775522232,0.0978491902351,0.105415761471,0.111137926579,0.0693624019623,0.0644513964653,0.0734966993332,0.0787592530251,0.0894882678986,0.128756821156,0.118332087994,0.103808045387,0.0729430317879,0.126352548599,0.0810045599937,0.0940138697624,0.109394729137,0.130714595318,0.157769203186,0.14346832037,0.144040048122,0.0379791855812,0.0248808264732,0.124433577061,0.188462913036,0.119931399822,0.109817504883,0.0697782039642,0.136976063251,0.145663917065,0.110399603844,0.0382971167564,0.106242716312,0.0492095947266,0.0980669260025,0.118466377258,0.192744672298,0.160834848881,0.119954288006,0.0778756141663,0.106173276901,0.128635764122,0.0718089342117,0.0964538455009,0.0889391303062,0.106424808502,0.111501216888,0.0914120078087,0.10294342041,0.128319203854,0.0574315190315,0.0572020411491,0.121569156647,0.145518124104,0.0997584462166,0.110845625401,0.12538343668,0.0868729948997,0.0855393409729,0.129449188709,0.10638064146,0.0687577724457,0.0900189876556,0.0976951122284,0.146160364151,0.0982158184052,0.104983627796,0.0869616866112,0.0812231898308,0.132206737995,0.137545883656,0.0880035758018,0.126551926136,0.0886088013649,0.072605907917,0.0810272097588,0.10842436552,0.145133793354,0.0687983632088,0.0581322908401,0.085450053215,0.0730777382851,0.0553777217865,0.0754329562187,0.130340576172,0.12757307291,0.126107335091,0.164230167866,0.142437338829,0.136018931866,0.12175732851,0.149875402451,0.134828448296,0.165251016617,0.124819636345,0.121491491795,0.100317239761,0.108876824379,0.0935353040695,0.141805291176,0.135339856148,0.119286179543,0.0340021848679,0.0759257674217,0.0949230790138,0.0835904479027,0.13464230299,0.114151299,0.133673071861,0.133516073227,0.119411110878,0.0719699859619,0.0692797899246,0.0615636706352,0.0749910473824,0.0712339878082,0.0493259429932,0.0717325210571,0.0995352864265,0.139518976212,0.0512380599976,0.138329982758,0.14426368475,0.144223093987,0.113049507141,0.122806727886,0.114112019539,0.0308477282524,0.101077497005,0.123412013054,0.100258708,0.109555184841,0.0926115512848,0.10871142149,0.10363984108,0.0581123828888,0.0695053339005,0.133793830872,0.12913018465,0.10087788105,0.109306037426,0.119450926781,0.104129612446,0.110211133957,0.111874580383,0.112022519112,0.161119163036,0.114557504654,0.091647028923,0.122155308723,0.102743804455,0.0486086010933,0.102651000023,0.0745572447777,0.0982878804207,0.0959591269493,0.0899903774261,0.0459121465683,0.124433577061,0.126390993595,0.0888984799385,0.170242786407,0.116923213005,0.134385883808,0.116104066372,0.0779027938843,0.079598903656,0.0721683502197,0.078785598278,0.0754635334015,0.109766721725,0.110119767487,0.0370737016201,2.97029328346
INS_CF_4326722_i752C_251_ethA,0.210007369518,0.168056368828,0.173755943775,0.140778720379,0.14463955164,0.296901524067,0.169362425804,0.153024673462,0.113859057426,0.00627017021179,0.2462464571,0.2173858881,0.17978310585,0.132215023041,0.153316497803,0.173848569393,0.00797122716904,0.0791119933128,0.120824694633,0.160912156105,0.118891477585,0.195289075375,0.175669848919,0.153520166874,0.158897221088,0.110539019108,0.143346071243,0.108088076115,0.141741633415,0.309151053429,0.309076011181,0.322546839714,0.281490147114,0.249080121517,0.223800003529,0.264955997467,0.240407943726,0.209024906158,0.209939777851,0.229269266129,0.242969453335,0.242119193077,0.257216453552,0.265747725964,0.25739967823,0.166665613651,0.165335953236,0.164069771767,0.0275657176971,0.156253397465,0.149340450764,0.0351672768593,0.0173756480217,0.17578047514,0.191159665585,0.200537979603,0.20081359148,0.18004232645,0.155133008957,-0.0811470150948,0.0835812687874,0.0484138727188,0.0306308865547,0.0930341482162,0.0702937245369,0.00860494375229,0.0410778522491,0.0328086018562,0.0859324932098,0.0899759531021,0.10744458437,0.113767325878,0.0797941088676,0.225607514381,0.224834501743,0.180200874805,0.169861257076,0.129820287228,0.135551214218,0.120764791965,0.142306208611,0.100034117699,0.142154157162,0.159332156181,0.163220643997,0.0898127555847,0.105549693108,0.119173467159,0.123050630093,0.106102526188,0.0333445668221,0.0882516503334,0.0669131875038,0.106516718864,0.107486188412,0.130996465683,0.147338926792,0.118185460567,0.194376111031,0.111665129662,0.0500376224518,0.0686960816383,0.119819581509,0.0824494361877,0.104243218899,0.0750644803047,0.078532576561,0.122585356236,0.137953877449,0.16536706686,0.150911748409,0.141173779964,0.120805382729,0.0841085314751,0.159545123577,0.0985789895058,0.10260695219,0.107328355312,0.130872905254,0.154453516006,0.133658647537,0.166895985603,0.159828424454,0.153413176537,0.126618266106,0.167220771313,0.1543379426,0.100458323956,0.0998585820198,0.134985804558,0.139908611774,0.115109682083,0.123177528381,0.183421969414,0.221032857895,0.261260509491,0.184531986713,0.207621872425,0.124180316925,0.168601691723,0.176655769348,0.156872689724,0.13777577877,0.112885117531,0.062616288662,0.13465231657,0.12170112133,0.106948494911,0.0594484806061,0.148599505424,0.168817043304,0.132884383202,0.164139986038,0.183141887188,0.1813788414,0.185807883739,0.141430020332,0.165374994278,0.177858233452,0.144367754459,0.0927056670189,0.110596418381,0.118422925472,0.118197202682,0.164169967175,0.111170053482,0.123902201653,0.125201642513,0.144592285156,0.128056585789,0.102801203728,0.097366809845,0.0989129543304,0.0700312852859,0.0516323447227,0.046846985817,0.0112546086311,0.0196855664253,0.0542435646057,0.0261688232422,0.0592457652092,0.0407330989838,0.0460547208786,0.0851269364357,0.0981202721596,0.089574277401,0.126854360104,0.0858917832375,0.0743225216866,0.0679267644882,0.0972283482552,0.118553698063,0.0831415057182,0.120167136192,0.118843436241,0.113075256348,0.110259652138,0.150169312954,0.14188760519,0.144810914993,0.131158649921,0.0719425082207,0.0918125510216,0.101224720478,0.0625529289246,0.0879055857658,0.0674623250961,0.0685775279999,0.063898563385,0.0769310593605,0.0932881236076,0.107805132866,0.081456720829,0.130495488644,0.193594634533,0.189609050751,0.159040391445,0.11183577776,0.139078199863,0.116749048233,0.107192754745,0.130537509918,0.141918241978,0.114843547344,0.1381534338,0.112914085388,0.119073271751,0.153236448765,0.159845709801,0.166278421879,0.193227946758,0.162978827953,0.137350022793,0.0658544898033,0.110299646854,0.0675559639931,0.119134485722,0.0911006331444,0.0885344743729,0.0983206033707,0.0657078027725,0.0812335014343,0.0637699961662,0.0531849861145,0.0812230706215,0.111400544643,0.115755796432,0.109993875027,0.090908229351,0.0761178731918,0.129227936268,0.0596899688244,2.16498589516
