SNP_CN_4326611_G863C_P288R_ethA,0.273881912231,0.300639033318,0.300951421261,0.273480117321,0.0854640007019,0.310315668583,0.193390846252,0.250603795052,0.295558929443,0.284856319427,0.26896071434,0.296586930752,0.258349835873,0.237380504608,0.272778570652,0.276648104191,0.285398602486,0.312694191933,0.260793805122,0.236055970192,0.247213602066,0.307972967625,0.279529988766,0.278210043907,0.286703288555,0.716888904572,0.0757099762559,9.46888256073
SNP_CN_4326116_G1358A_T453I_ethA,0.340398192406,0.287602543831,0.360696613789,0.328898906708,0.278215348721,0.325449407101,0.246973514557,0.274685323238,0.332409083843,0.354259192944,0.292937040329,0.284183084965,0.280940830708,0.333033323288,0.298206806183,0.339700579643,0.283193945885,0.335207521915,0.290330410004,0.33016705513,0.332091271877,0.314119398594,0.27291560173,0.315579652786,0.297114372253,0.495432585478,0.0661696046591,7.48731374741
SNP_P_4327484_T11C_promoter_ethA,0.254338920116,0.329625189304,0.34807908535,0.211081027985,0.200217962265,0.289121866226,0.168818712234,0.173634171486,0.325416624546,0.281350255013,0.318468987942,0.340568065643,0.250052750111,0.285954773426,0.237053692341,0.340260148048,0.254776477814,0.340749740601,0.221678733826,0.222631812096,0.172082364559,0.280101835728,0.240425169468,0.307680845261,0.251417458057,0.579247653484,0.0806242600083,7.1845331192
SNP_CN_4327380_A94C_Y32D_ethA,0.299226343632,0.300430715084,0.313934862614,0.36142039299,0.285796701908,0.326620578766,0.232265710831,0.29249048233,0.301210343838,0.327794075012,0.286400973797,0.285349428654,0.306340515614,0.310799539089,0.27747541666,0.295591294765,0.261071741581,0.382241427898,0.307340085506,0.276114523411,0.271082520485,0.318292558193,0.262463867664,0.35102391243,0.30847632885,0.860339999199,0.12102226913,7.10893964767
SNP_CN_4326908_G566T_T189K_ethA,-0.0451269745827,-0.0556005835533,-0.00172585248947,-0.0674179196358,-0.064521253109,-0.0598763227463,0.0672631859779,-0.0400932431221,-0.0591793656349,-0.0551555156708,0.00887846946716,0.0566344261169,0.0274504423141,0.0705751180649,-0.0595464706421,-0.0837017893791,-0.0725809335709,-0.0732320547104,-0.046335041523,0.076072871685,-0.0652126073837,0.0705164074898,-0.012702703476,-0.0849518179893,-0.0590471625328,0.561410367489,0.0817627087235,6.86633777618
SNP_CN_4327471_C3T_M1I_ethA,0.0330101847649,0.187984883785,0.135208308697,0.0430689454079,0.197474837303,0.178285717964,0.179398298264,0.140042543411,0.15607047081,0.00182592868805,0.0297031402588,0.18864017725,0.0634090900421,0.143627047539,0.199198186398,0.180084228516,0.173203527927,0.311944067478,0.155493438244,0.206572473049,0.138131380081,0.172366857529,0.143868863583,0.235218465328,0.153452038765,0.396102398634,0.0693804994226,5.70913171768
SNP_CN_4327322_G152A_P51L_ethA,0.0299819111824,0.0492947697639,0.0287152528763,0.0153504610062,0.234537482262,0.258259117603,0.049625813961,0.222973883152,0.239731669426,0.267498612404,0.0679984688759,0.067601621151,0.175545930862,0.0213660597801,0.211863517761,0.219474196434,0.206959068775,0.301174223423,0.231943547726,0.241751372814,0.179892241955,0.253140091896,0.220716655254,0.0426914095879,0.256546139717,0.785481095314,0.138706758618,5.66288995743
SNP_CN_4326305_G1169A_S390F_ethA,0.326592803001,0.334659337997,0.342906177044,0.33471339941,0.268650650978,0.352262914181,0.30177128315,0.273201584816,0.318330228329,0.338726222515,0.313172101974,0.302956998348,0.291611611843,0.334605455399,0.319792628288,0.326032400131,0.27243244648,0.330697476864,0.30952590704,0.33923459053,0.30841422081,0.34441614151,0.304628074169,0.319601535797,0.313653171062,0.335191875696,0.0595755763352,5.62633037567
INS_CF_4326802_i672C_224_ethA,0.238168537617,0.236852526665,0.207512676716,0.291067063808,0.178745388985,0.261358439922,0.241414785385,0.216833949089,0.24577319622,0.24997729063,0.217242896557,0.239906489849,0.276088118553,0.276554882526,0.225535273552,0.254803776741,0.237128794193,0.322018027306,0.233123719692,0.286766409874,0.221992790699,0.254152297974,0.179360926151,0.290188729763,0.21081674099,0.922570884228,0.166335225105,5.5464553833
SNP_CZ_4326278_G1196T_S399._ethA,0.224407434464,0.218937754631,0.181598186493,0.252734959126,0.185245096684,0.207719385624,0.172784090042,0.175972282887,0.190679788589,0.192873060703,0.191350996494,0.194939374924,0.206383287907,0.196653723717,0.181841611862,0.191421031952,0.195277869701,0.311620652676,0.155562281609,0.245465993881,0.203970074654,0.232978343964,0.173156857491,0.170334815979,0.22240036726,0.895375013351,0.176109865308,5.08418416977
SNP_P_4327480_A7G_promoter_ethA,0.00104129314423,0.00373333692551,-0.0163342356682,-0.0405931472778,-0.049593269825,-0.0396738052368,0.0127161741257,-0.0312189459801,-0.0435783267021,-0.0353631973267,-0.0306826233864,-0.0307708382607,0.0014625787735,-0.00946551561356,0.00200814008713,0.00807791948318,-0.033040702343,0.0486283302307,0.00232267379761,-0.00615245103836,0.00861030817032,-0.0394755005836,-0.0469787120819,0.0437527298927,-0.0500313043594,0.735320329666,0.167292162776,4.39542627335
SNP_CN_4326439_G1035T_N345K_ethA,0.00665384531021,-0.0718951225281,-0.00951880216599,-0.0417166948318,0.0191117525101,0.0116008520126,0.0198550820351,-0.059760093689,-0.039976477623,0.0182878375053,0.0143765211105,0.0245227217674,0.0747591853142,-0.0452793836594,-0.024617433548,-0.0744760036469,-0.037565112114,0.0528649091721,0.0174233317375,-0.0871887207031,-0.0378728508949,-0.0329034924507,0.0129507184029,0.0736389160156,-0.0337985754013,0.660446584225,0.163144692779,4.04822587967
SNP_CN_4326470_G1004T_A335D_ethA,0.274626076221,0.276447236538,0.256184577942,0.0518088936806,0.27066296339,0.265847325325,0.194292187691,0.233601570129,0.0502809882164,0.260402321815,0.249673068523,0.285748124123,0.219982504845,0.224767148495,0.0652174949646,0.279396951199,0.259638786316,0.123022794724,0.249006867409,0.225815296173,0.214949429035,0.255722463131,0.0758866667747,0.0636274218559,0.259975671768,1.17230343819,0.350276619196,3.34679317474
SNP_CN_4327311_A163C_S55A_ethA,0.235878825188,0.246512234211,0.247767269611,0.268138825893,0.249996244907,0.288289546967,0.173844456673,0.15527099371,0.280207812786,0.228759944439,0.238447129726,0.200305879116,0.202668070793,0.173784613609,0.251269519329,0.236954033375,0.23984348774,0.238705992699,0.165682077408,0.238442361355,0.244465649128,0.267925620079,0.233337283134,0.279935181141,0.265878140926,1.06871819496,0.349302709103,3.05957603455
SNP_CN_1674434_T233G_V78G_inhA,0.305164992809,0.332367181778,0.333601534367,0.340668559074,0.311088323593,0.341998696327,0.245595991611,0.300601243973,0.329549491405,0.343440413475,0.322449624538,0.333683609962,0.269866466522,0.281108796597,0.310074150562,0.335128426552,0.314159810543,0.352503657341,0.333767712116,0.308040857315,0.315581738949,0.338173031807,0.303428053856,0.286651551723,0.340947151184,1.19532811642,0.416195482016,2.87203526497
SNP_CN_4326263_C1211A_R404L_ethA,-0.108918249607,-0.109814465046,-0.0643445849419,-0.0457838177681,-0.0410767197609,-0.123733043671,0.0179943442345,-0.131013929844,-0.0995641946793,-0.0821974873543,-0.115655839443,-0.104169309139,0.0494878292084,0.00490266084671,-0.091763317585,-0.120444118977,-0.112632930279,0.0651869177818,-0.070404112339,-0.0302913784981,-0.0882890820503,-0.110007196665,-0.128818333149,0.0867338776588,-0.138973116875,0.506374001503,0.197056934237,2.56968379021
INS_CF_4327213_i261GC_87_ethA,0.0595886707306,0.0653710365295,0.0254638195038,0.224046885967,0.0740085840225,0.248863637447,0.175222814083,0.189685821533,0.0563231110573,0.199458479881,0.229715466499,0.0860539078712,0.191788196564,0.18075543642,0.23688942194,0.0723743438721,0.0897639393806,0.123338341713,0.19363206625,0.202947258949,0.202783048153,0.0815328359604,0.0884648561478,0.0200008749962,0.0652604699135,1.03121960163,0.420307666063,2.45348739624
SNP_CN_1673449_A10C_T4P_fabG1,-0.0920785069466,-0.116292655468,-0.0478242635727,-0.107699453831,-0.142290055752,-0.132537543774,-0.0463344454765,-0.157666265965,-0.0508383512497,-0.08755671978,-0.0754224061966,-0.142982721329,-0.103120207787,-0.0819506049156,-0.0856449604034,-0.134461313486,-0.111823737621,-0.139412641525,-0.118229717016,-0.0672270059586,-0.0990862250328,-0.0597224235535,-0.0893585085869,-0.0873073339462,-0.101594567299,0.621185958385,0.279263138771,2.22437500954
SNP_CZ_4326099_G1375A_Q459._ethA,0.0396323204041,0.038094997406,0.00344479084015,0.294934868813,0.245435118675,0.261264920235,0.165934026241,0.235057592392,0.249847531319,0.266339898109,0.228131353855,0.254612207413,0.250846982002,0.212087273598,0.245344221592,0.233160436153,0.224923074245,0.299623250961,0.212322235107,0.029177069664,0.212980210781,0.263107299805,0.22102445364,0.238243222237,0.24770539999,0.960807144642,0.450806975365,2.13130497932
SNP_CZ_4326714_G760A_Q254._ethA,0.347019135952,0.352490544319,0.368185698986,0.351977109909,0.326618373394,0.36740654707,0.303723871708,0.323857724667,0.337577044964,0.360703468323,0.340851843357,0.352055072784,0.297425091267,0.349521934986,0.338702857494,0.35235697031,0.324085772038,0.404397547245,0.359958291054,0.357653200626,0.313377320766,0.362118780613,0.325880348682,0.358463406563,0.362686216831,0.485950708389,0.237684011459,2.04452419281
SNP_CN_4327073_A401G_L134P_ethA,0.0376241803169,0.0322996377945,0.0593484640121,0.0140838623047,0.0493831038475,0.0726432204247,0.0213252902031,0.0396731495857,0.0698896050453,0.025702893734,0.0794901251793,0.0459180474281,-0.0137662887573,0.0135553479195,0.0811642408371,0.0546742677689,0.0585471987724,-0.101472854614,0.055988907814,0.0327316522598,0.0198333263397,0.0937828421593,0.0783351659775,0.0263295769691,0.0453408360481,1.03701984882,0.06925278157,14.9744148254
SNP_CN_4326749_T725G_N242T_ethA,0.23388338089,0.235927164555,0.212620735168,0.320384323597,0.195304334164,0.260094285011,0.0398672223091,0.233852624893,0.225313067436,0.0179709196091,0.225952029228,0.231888473034,0.237484812737,0.171526670456,0.232403576374,0.228581726551,0.167065322399,0.221921622753,0.220043838024,0.234735667706,0.0196267962456,0.229506850243,0.178642511368,0.219719827175,0.253321170807,0.780295133591,0.423733085394,1.84147799015
SNP_CZ_4326639_G835A_R279._ethA,0.0325349569321,0.105529427528,0.101847410202,-0.0143274068832,-0.0260920524597,-0.0380975008011,0.0232810378075,0.223201453686,0.0413916707039,0.0959082245827,0.0830605626106,-0.0370886921883,-0.0156402587891,0.0770949721336,0.203423857689,0.259246349335,0.0343316793442,0.0267328619957,0.238362550735,0.0223754048347,0.0303903222084,0.020198225975,0.0643628239632,0.0511560440063,0.0857934355736,0.970961034298,0.551134645939,1.76174926758
SNP_CN_4326111_A1363G_W455R_ethA,0.182694911957,0.123015582561,0.142034590244,-0.073591530323,0.192864537239,0.256074368954,0.144388079643,0.120067358017,0.0876873135567,0.1495693326,0.230891525745,0.300692915916,0.11505484581,0.186745524406,0.215882658958,0.199007987976,0.290215969086,-0.154433727264,0.117632389069,0.219301581383,0.0660506486893,0.333917856216,0.160374581814,0.037059366703,0.0915998220444,0.849150300026,0.493385702372,1.72106790543
SNP_CN_4326135_G1339A_P447S_ethA,0.136470139027,0.270867705345,0.123845100403,0.0673211216927,0.138349056244,0.176707446575,0.0633097887039,0.0935135483742,0.121998906136,0.121378004551,0.143620967865,0.11724114418,0.0876762866974,0.0910094380379,0.14575201273,0.0385946035385,0.13104134798,-0.0306199789047,0.0404369235039,0.072471678257,0.0310553312302,0.0877224802971,0.12416601181,0.315654337406,0.149607241154,0.542458772659,0.32244977355,1.68230473995
SNP_CN_4327445_A29C_V10G_ethA,0.039418399334,0.185258150101,0.0495912432671,0.25930172205,0.0155075788498,0.0563929080963,0.0548773407936,0.0918411016464,0.0509688258171,0.000937342643738,0.162933707237,0.0652442574501,0.111889064312,0.0569090247154,0.0538776516914,0.189539670944,-0.00473934412003,0.056046128273,0.0601889491081,0.0444499850273,0.0982224941254,0.0971873998642,0.053619325161,0.119852483273,0.016007065773,0.496717721224,0.304692625999,1.63022565842
SNP_CN_4327367_T107C_E36G_ethA,0.256272256374,0.280025064945,0.299428164959,0.231222271919,0.276778757572,0.27424454689,0.183836638927,0.269226968288,0.285233199596,0.256200015545,0.248545050621,0.252005577087,0.225769400597,0.249425172806,0.275201559067,0.284533321857,0.267391145229,0.264082551003,0.243059039116,0.267332971096,0.214914143085,0.295768558979,0.0739540457726,0.296931385994,0.269908905029,0.786816954613,0.52482765913,1.49919104576
SNP_CZ_4326396_G1078A_Q360._ethA,0.00997883081436,0.139196157455,0.143234670162,0.253087818623,0.111264288425,0.0343520641327,0.114442765713,0.121543169022,0.0985614061356,0.00274151563644,0.114479482174,0.098376095295,0.212557196617,0.172082901001,0.00471860170364,0.108698248863,-0.00148808956146,0.0788486003876,0.110020399094,0.167345046997,0.116904973984,0.124600529671,0.0870974063873,0.300888001919,0.0154750347137,0.233831256628,0.182223722339,1.28320980072
SNP_CN_4327293_T181C_T61A_ethA,0.0934479832649,0.0544121265411,0.112587451935,0.168394207954,0.0823168158531,0.138387620449,0.0416696071625,0.0729646682739,0.128511607647,0.229297280312,0.122110664845,0.123674571514,0.147774755955,0.127494096756,0.125745117664,0.0484379529953,0.164479076862,-0.030974984169,0.0782549381256,0.0430660843849,0.0914836525917,0.14982676506,0.198165297508,0.184268295765,0.125434875488,1.02144467831,0.816373467445,1.25119781494
DEL_CF_4326420_d1054C_352_ethA,-0.00896954536438,0.0532175302505,0.245713114738,0.0436695814133,0.245813369751,0.0620405673981,0.0557278990746,0.235480010509,0.0494869351387,0.266425490379,0.10554844141,0.268281042576,0.186378896236,0.231149435043,0.0910073518753,0.114526450634,0.00359553098679,0.286252200603,0.113083004951,0.226271629333,0.0975591540337,0.0826998949051,0.0980861783028,0.102503538132,0.0856082439423,0.625219404697,0.509197831154,1.22785162926
SNP_CN_4327145_G329C_S110W_ethA,0.053176343441,0.0285244584084,0.266193449497,0.113084852695,0.043273627758,0.0766595005989,0.04952698946,-0.00106775760651,0.00649666786194,0.028334915638,0.128643810749,0.0618656873703,0.133182168007,0.0102957487106,0.190246760845,0.0211975574493,0.00088095664978,0.0549304485321,0.0321165323257,0.0287884473801,0.125132024288,0.0103899240494,0.0645627975464,0.0313830971718,0.0649681091309,0.854190826416,0.697296738625,1.2250033617
SNP_CN_4326713_T761G_Q254P_ethA,0.185160577297,0.229904592037,0.262406647205,0.290495038033,0.209635257721,0.227155268192,0.111641347408,0.209290087223,0.19099521637,0.277808248997,0.203233063221,0.185052275658,0.219324350357,0.176981329918,0.210682094097,0.206285953522,0.226167082787,0.309647738934,0.237553417683,0.22045648098,0.189393281937,0.201713204384,0.194398999214,0.301723062992,0.250430822372,1.20996248722,1.01548755169,1.1915088892
SNP_CN_4326858_G616C_Q206E_ethA,0.196045935154,0.0306814908981,0.230144619942,0.0120914578438,0.225893616676,0.253984034061,0.126725673676,0.212123811245,0.218244671822,0.248472213745,0.217514514923,0.235778748989,0.169126451015,0.169913589954,0.220823645592,0.216398060322,0.0388009548187,0.117035984993,0.0138083696365,0.187204658985,0.19884365797,0.0516090393066,0.187532067299,0.0631708502769,0.0368669629097,0.392180353403,0.343421906233,1.14197826385
SNP_CN_4326553_G921T_H307Q_ethA,0.0753077864647,0.239554464817,0.251209139824,0.224349021912,0.25960278511,0.101902186871,0.241270184517,0.238377392292,0.272438645363,0.24668097496,0.265810132027,0.250156164169,0.0533091425896,0.220535933971,0.248601913452,0.262701034546,0.240503132343,0.24923235178,0.210545957088,0.243561863899,0.216010510921,0.29312068224,0.260548174381,0.221171736717,0.266485869884,0.640298724174,0.585131108761,1.0942825079
SNP_P_1673406_C34T_promoter_fabG1.inhA,-0.0275327563286,0.0146888494492,0.0196871757507,0.0221545100212,-0.0185606479645,-0.00468719005585,0.0691772699356,-0.0368804335594,0.0486759543419,0.0147784948349,0.0250965356827,0.0446733236313,0.00867408514023,0.0215528607368,-0.0163940787315,-0.0118919610977,0.0290312170982,0.0331510901451,-0.0110201239586,0.0353521108627,-0.0107847452164,0.0372633934021,-0.0294051766396,0.0807566046715,-0.0255978107452,0.709296524525,0.661145329475,1.07282996178
SNP_CN_4326273_A1201C_F401V_ethA,0.184562802315,0.179605960846,0.16888666153,0.0930473804474,0.18687671423,0.209328949451,0.179868817329,0.155252158642,0.155095756054,0.168966293335,0.180661797523,0.195653736591,0.110710084438,0.203797459602,0.193592309952,0.191841363907,0.184369146824,0.33034735918,0.138151705265,0.240083694458,0.153544306755,0.199290215969,0.15911847353,0.229549765587,0.159155786037,0.755733847618,0.7333740592,1.0304889679
SNP_CN_4327416_C58A_A20S_ethA,0.306103527546,0.304572165012,0.336078047752,0.331553399563,0.274450004101,0.345484256744,0.25164270401,0.231097459793,0.280980706215,0.322736799717,0.243808507919,0.318873822689,0.28036648035,0.31947606802,0.286228895187,0.283910512924,0.287376999855,0.394331693649,0.3075761199,0.324549973011,0.267202138901,0.330772459507,0.292227089405,0.334995150566,0.322378635406,0.501252412796,0.486658960581,1.02998697758
SNP_CN_1674782_T581C_I194T_inhA,0.283069193363,0.141887366772,0.206385076046,0.301142454147,0.281173288822,0.0979814529419,0.199949383736,0.144247293472,0.276790618896,0.291630268097,0.201881825924,0.126634657383,0.15094935894,0.148377537727,0.271569728851,0.154749512672,0.142684280872,0.24975246191,0.21024286747,0.0753039717674,0.255107462406,0.19320589304,0.235726833344,0.204804420471,0.231440961361,1.17132914066,1.1824016571,0.990635573864
DEL_CF_4326184_d1290G_430_ethA,0.260821759701,0.256969511509,0.331637740135,0.295158445835,0.210738778114,0.317900598049,0.205770492554,0.280265152454,0.303255617619,0.277986645699,0.244207382202,0.259796023369,0.296729803085,0.227250277996,0.210586369038,0.242510020733,0.248974084854,0.324025452137,0.255400538445,0.253915905952,0.279493808746,0.268393158913,0.187566161156,0.279110908508,0.264040589333,0.290687829256,0.309356153011,0.939654290676
SNP_CN_4326977_T497G_H166P_ethA,0.059091091156,0.0505167841911,0.255234181881,0.28989893198,0.0747846961021,0.27612555027,0.0628889799118,0.241467416286,0.260438323021,0.270542681217,0.258034169674,0.269216954708,0.247492492199,0.226691067219,0.263388633728,0.25279468298,0.250114262104,0.27701151371,0.242932200432,0.227556228638,0.038470685482,0.277951896191,0.236097335815,0.239635169506,0.253847658634,1.0993950367,1.18018901348,0.931541502476
SNP_CN_4327424_A50G_V17A_ethA,0.0241101980209,0.0490262508392,-0.0128440260887,0.167982876301,0.0367894768715,-0.0344138145447,0.0602852702141,0.0288066864014,0.0409598946571,-0.0169687271118,0.0266658067703,0.0125684738159,0.123967468739,0.0423638224602,0.0249239206314,0.0323837995529,0.0264966487885,0.208924293518,0.0436786413193,0.000872433185577,-0.0152092576027,-0.0296329855919,-0.0243939161301,0.030342400074,0.0330953001976,0.96466845274,1.03671622276,0.930503845215
SNP_CN_4327058_C416T_G139D_ethA,0.277448713779,0.0865198373795,0.244735240936,0.046902179718,0.0894935131073,0.290030837059,0.229603827,0.0448896884918,0.101034462452,0.0396201610565,0.265671789646,0.244541227818,0.178576886654,0.205390274525,0.250804066658,0.260068655014,0.25280714035,0.0072335600853,0.0491631627083,0.252781152725,0.0395000576973,0.287053287029,0.257516920567,0.174250781536,0.285868644714,1.08699536324,1.18998253345,0.913454890251
SNP_CN_4326630_A844C_F282V_ethA,0.0510100722313,0.110143065453,0.244369208813,0.293691158295,0.212975025177,0.23506385088,0.254949748516,0.27288621664,0.299748003483,0.229971528053,0.238916099072,0.232115447521,0.178290784359,0.168208777905,0.311655521393,0.175955533981,0.252878308296,0.232357084751,0.322287857533,0.318577587605,0.305741071701,0.332156181335,0.28226184845,0.246095836163,0.186398804188,0.931425333023,1.05391693115,0.883774876595
DEL_CF_4326877_d597G_199_ethA,0.16368418932,0.15319621563,0.162960290909,0.120145857334,0.10220426321,0.104082643986,0.120527207851,0.279605329037,0.156895816326,0.0974109172821,0.108207166195,0.163747429848,0.116210520267,0.14092707634,0.281457841396,0.120807528496,0.254027068615,0.156473278999,0.281703948975,0.0833333730698,0.271663069725,0.287593781948,0.0878981947899,-0.00667423009872,0.243745744228,0.91288548708,1.04875564575,0.870446324348
SNP_CN_4327136_T338C_E113G_ethA,0.234169185162,0.192976176739,0.0213353037834,0.0235030055046,0.198621273041,0.207902193069,0.168999969959,0.189945340157,0.222371041775,0.210467159748,0.0666056871414,0.260195910931,0.136867761612,0.1629550457,0.250729739666,0.0508327484131,0.208800792694,0.107099354267,0.193962991238,0.216427862644,0.175124824047,0.264663279057,0.0631622076035,0.280794799328,0.236692070961,0.712639272213,0.828230857849,0.860435545444
SNP_CN_4327301_T173G_D58A_ethA,0.309090673923,0.290351569653,0.0396128892899,0.282556295395,0.283336222172,0.34363847971,0.236353874207,0.261677622795,0.298297643661,0.291574060917,0.295221209526,0.290299296379,0.245685219765,0.265784204006,0.306683778763,0.301872074604,0.103884994984,0.256929457188,0.272185027599,0.288387477398,0.251862287521,0.307507157326,0.282991111279,0.278413176537,0.304846584797,1.02302479744,1.21845638752,0.83960723877
SNP_CN_4326380_G1094A_T365M_ethA,0.228751659393,0.253494560719,0.00365287065506,0.256427884102,0.241324663162,0.25308740139,0.237618386745,0.187545597553,0.153894424438,0.275020718575,0.228531062603,0.249279022217,0.207042872906,0.268775343895,0.214859962463,0.242594242096,0.137910723686,0.360222101212,0.257764220238,0.288766205311,0.132881760597,0.221557855606,0.217259585857,0.136828064919,0.0173633694649,1.13840675354,1.36051952839,0.836744129658
SNP_P_1673432_T8C_promoter_fabG1.inhA,0.0552926063538,0.0338726639748,0.138698160648,0.080074429512,0.150538742542,0.0576213002205,0.0584599375725,0.0968831777573,0.223665118217,0.158978819847,0.0637760162354,0.120759665966,0.098205268383,0.0141081809998,0.1209217906,0.097806930542,0.105310559273,0.0254044532776,0.0727913379669,0.167880058289,0.119956791401,0.236892402172,0.099700152874,0.0105087161064,0.0720208287239,0.97732257843,1.16959214211,0.835609734058
INS_CI_4326506_i968GTC_323_ethA,0.0772874951363,0.0189116001129,0.140629768372,0.0750396251678,0.0423402190208,0.0547863841057,-0.0317995548248,0.0147202014923,0.0999329090118,0.0688219070435,0.0976676344872,0.0713580846786,0.143398344517,-0.0129728317261,0.200857043266,-0.00895464420319,0.0730085372925,0.221495509148,0.123346328735,-0.0428311824799,0.0312933921814,0.107443213463,0.0387993454933,0.0855509638786,0.0975816845894,0.966115117073,1.20030784607,0.804889440536
SNP_CZ_4326608_C866T_W289._ethA,0.153276085854,-0.00157189369202,-0.0141760110855,0.245892941952,0.152572691441,0.169080376625,0.0918747186661,-0.0133540034294,-0.020045042038,0.170815348625,0.126248478889,0.140835285187,0.178772091866,0.156711995602,0.133008241653,0.169036448002,0.142587482929,0.335129261017,-0.00703281164169,-0.0198511481285,0.147050082684,0.136510789394,0.124799668789,0.258566737175,0.143260300159,0.17395336926,0.222405940294,0.78214353323
SNP_CN_4327448_A26G_I9T_ethA,0.284754753113,0.291532576084,0.286524415016,0.0732896327972,0.275487482548,0.0974574685097,0.240304410458,0.255240738392,0.266512453556,0.240135669708,0.0961911678314,0.280054688454,0.263365209103,0.268493175507,0.276249647141,0.295310556889,0.0953196287155,0.31072640419,0.235269606113,0.312207102776,0.277294039726,0.297951519489,0.115626513958,0.272239804268,0.270199716091,1.17170500755,1.68914294243,0.693668365479
SNP_CN_4326815_C659T_G220D_ethA,0.273305177689,0.285505712032,0.0386144518852,0.305967926979,0.272891402245,0.0682575106621,0.209611654282,0.248873054981,0.280960559845,0.280904054642,0.279358625412,0.0832235217094,0.0986487865448,0.241670966148,0.282366156578,0.291257143021,0.0787909626961,0.0242463350296,0.0535015463829,0.272687852383,0.242474317551,0.29622387886,0.256753027439,0.261522054672,0.054684817791,0.894188940525,1.29751932621,0.68915271759
INS_CF_4326414_i1060ATCT_354_ethA,0.196798920631,0.199979901314,0.17020970583,0.291924118996,0.19024348259,0.184087991714,0.159608244896,0.134240210056,0.203842878342,0.214605271816,0.204949378967,0.175806045532,0.228632211685,0.110078275204,0.19844353199,0.184334874153,0.18720728159,0.200611531734,0.204235911369,0.222414851189,0.157451033592,0.197029531002,0.185964345932,0.129977405071,0.197549343109,1.14709866047,1.72849559784,0.663639903069
SNP_CN_4326676_G798C_S266R_ethA,0.135571718216,0.136901438236,0.07994389534,0.123978376389,0.150279700756,0.188234627247,0.115160226822,0.11026763916,0.197010457516,0.208222448826,0.265111029148,0.300057053566,0.128369212151,0.120348930359,0.113538324833,0.150168836117,0.140512883663,0.285833656788,0.148049414158,0.152360975742,0.143527746201,0.188503563404,0.153181791306,0.19107490778,0.162104606628,0.964277088642,1.47949552536,0.651760756969
SNP_CZ_4326603_G871A_Q291._ethA,0.326543629169,0.340686142445,0.307513058186,0.333865344524,0.31740963459,0.363916635513,0.319688796997,0.30214369297,0.333573997021,0.302245378494,0.335265100002,0.338735818863,0.25539457798,0.345653355122,0.332185506821,0.248398303986,0.298969209194,0.335462808609,0.334182024002,0.350514113903,0.299543738365,0.363451480865,0.323045432568,0.265701115131,0.354835093021,0.76905053854,1.18950498104,0.646529912949
INS_CF_4327160_i314A_105_ethA,0.277848303318,0.290183663368,0.284324407578,0.273410379887,0.263203024864,0.0935901403427,0.247788667679,0.253628969193,0.25626295805,0.0285175442696,0.278348922729,0.0667726993561,0.228494107723,0.272172629833,0.263583540916,0.285157561302,0.264753520489,0.350929498672,0.266632378101,0.301941215992,0.238861382008,0.293468058109,0.253080248833,0.298694372177,0.0726697444916,0.386901348829,0.600984871387,0.643778860569
SNP_CN_4327347_C127T_G43S_ethA,0.218203663826,0.0306342244148,0.185611248016,0.234559774399,0.0216814279556,0.066345334053,0.0285308361053,0.139003694057,0.209604859352,0.186280608177,0.208902537823,0.20182788372,0.16372781992,0.00230276584625,0.206640839577,0.0211955904961,0.177502274513,0.324810564518,0.156524002552,0.19762212038,0.00579625368118,0.23158121109,0.0422592163086,0.277589559555,0.0550614595413,1.06677651405,1.66869914532,0.639286279678
SNP_CN_4326632_T842C_H281R_ethA,-0.0389714837074,0.179660737514,0.0729057192802,0.0630976557732,0.0133258104324,0.168065488338,0.104662120342,0.045844078064,0.145772874355,0.0618905425072,0.020471394062,0.0834360718727,0.18655616045,0.0516122579575,0.156546413898,0.0564554333687,0.0325191617012,0.0762182474136,0.0109211802483,0.131564557552,0.0355022549629,0.0701960921288,0.140083730221,0.0731825828552,-0.0330188274384,0.802338004112,1.26962983608,0.631946384907
INS_CF_4326370_i1104G_368_ethA,-0.00422322750092,-0.0143725275993,0.00723367929459,-0.103475362062,0.0285875201225,-0.0166524648666,0.0147116780281,-0.036084830761,-0.0297513604164,-0.0313126444817,0.00273221731186,0.0209832787514,-0.00632101297379,-0.00732356309891,-0.0296323299408,-0.0384987592697,0.0389844179153,-0.0443122982979,0.0221465826035,-0.0178914070129,-0.0157347917557,-0.00263077020645,-0.0171702504158,0.0687939524651,-0.00683516263962,0.654719531536,1.04362595081,0.627350747585
DEL_CF_4326187_d1287C_429_ethA,0.223188400269,0.231922268867,0.00509613752365,0.239080429077,0.00434297323227,0.235413253307,0.223496377468,0.18785816431,0.202817499638,-0.00335681438446,0.200053215027,0.206031739712,0.191070556641,0.25684607029,0.19683110714,0.0137314796448,0.0238437056541,0.0444929599762,0.207153916359,0.280022919178,0.00319790840149,0.0214074850082,0.188485741615,0.302209019661,0.215775668621,1.05941998959,1.72008216381,0.615912437439
SNP_CZ_4327148_C326T_W109._ethA,0.199310064316,0.246843576431,0.211270093918,0.0281072258949,0.0434321165085,0.223608970642,0.277176439762,0.233171224594,0.237230956554,0.256879866123,0.255104482174,0.286845982075,0.203890383244,0.242287456989,0.192744016647,0.264760375023,0.234654068947,0.074002623558,0.238022267818,0.312580347061,0.216221094131,0.223739206791,0.206142008305,0.257859945297,0.204444289207,0.572082936764,0.98763948679,0.579242646694
DEL_CF_4326722_d752CTGTACACGGC_251_ethA,0.0355415940285,0.232987642288,0.251542150974,0.0532771945,0.247611045837,0.271955549717,0.145332098007,0.219549059868,0.262556672096,0.26896494627,0.241098761559,0.0326715111732,0.23446637392,0.0119315385818,0.238278090954,0.0276625156403,0.225438416004,-0.0307729840279,0.224218547344,0.0214703083038,0.220467567444,0.258850932121,0.0350139141083,0.195163488388,0.257499992847,0.516209423542,0.89237588644,0.578466355801
SNP_CN_1673818_A379G_M127V_fabG1,0.0358074307442,0.186860382557,0.160249114037,-0.0259744524956,0.0564512014389,0.0541067123413,0.0726670026779,0.118029534817,0.0944868922234,0.145258247852,0.196001589298,0.0885177850723,-0.0566490292549,0.0447126626968,0.0805533528328,0.0672217011452,0.0520533323288,0.0155054330826,0.0397352576256,0.160280644894,0.0368459224701,0.0943319797516,0.0506767034531,0.176223099232,0.193109154701,0.702627360821,1.23008358479,0.571202933788
SNP_CN_4327289_A185T_L62Q_ethA,-0.0122584700584,0.0407052636147,0.0439625382423,0.0297447443008,0.0255682468414,0.0300481319427,0.0281172990799,0.0295585989952,0.00826549530029,0.0133059024811,0.0412536859512,0.0393485426903,0.010425388813,0.0244958996773,0.0169121026993,0.0305226445198,0.00384938716888,-0.147736161947,0.1221357584,0.182221591473,-0.0195854902267,0.0372072458267,-0.0361827611923,-0.0143520236015,0.000870227813721,0.970625400543,1.70912921429,0.5679063797
SNP_CZ_4326669_G805A_Q269._ethA,0.00447708368301,-0.0305989384651,0.00877070426941,-0.00515013933182,0.00489902496338,-0.049375474453,-0.00780391693115,-0.0415160655975,-0.0655398368835,0.00764691829681,-0.0489513278008,-0.0464720129967,0.0262166261673,0.00169610977173,-0.0387782454491,0.00527834892273,-0.0377788543701,-0.0064525604248,-0.0180720090866,-0.0325266122818,0.00538271665573,-0.000376582145691,-0.00178211927414,-0.0622020363808,0.00314521789551,0.391102254391,0.68938434124,0.567321062088
SNP_CN_4326980_T494G_Q165P_ethA,0.0672746300697,0.106669008732,0.149733364582,0.287793934345,0.09880900383,0.250785171986,0.0773615241051,0.218268454075,0.115337252617,0.0981948375702,0.0835748314857,0.160912752151,-0.0270424485207,0.213794529438,0.213167011738,0.114927470684,0.0895336270332,0.146670222282,0.162387311459,0.231191933155,0.0850827097893,0.203914880753,0.0806830525398,0.168233215809,0.0725462436676,1.08338689804,1.93465590477,0.559989452362
SNP_CN_4326476_A998C_L333R_ethA,0.282723605633,0.254018008709,0.240788042545,0.229835212231,0.256486058235,0.26142591238,0.212332367897,0.207221269608,0.257344186306,0.229358375072,0.260200321674,0.282801508904,0.161806583405,0.156580269337,0.253295719624,0.263055384159,0.264972627163,0.272760689259,0.23247140646,0.249585866928,0.217586874962,0.275890231133,0.253319680691,0.223863005638,0.271767020226,0.640536487103,1.14556193352,0.559146106243
INS_CF_4327294_i180G_60_ethA,0.187643170357,0.0515267848969,0.161430597305,0.00958573818207,0.220158755779,0.226236045361,0.100291788578,0.135393738747,0.228974163532,0.0384930968285,0.205840229988,0.182641386986,0.11679148674,0.0952165126801,0.216266572475,0.189498603344,0.187451422215,0.304037451744,0.135313570499,0.034488260746,0.158207535744,0.227468371391,0.057579100132,0.220045149326,0.207213044167,1.04185378551,1.88505280018,0.552692115307
INS_CF_4326719_i755GC_252_ethA,0.28981256485,0.291758537292,0.200797617435,0.249215066433,0.106748759747,0.168305158615,0.166956663132,0.147192835808,0.211092174053,0.209721505642,0.149662315845,0.278370678425,0.177051723003,0.227995812893,0.284451782703,0.168497860432,0.170484423637,0.272847592831,0.223797857761,0.29159450531,0.281894624233,0.184031963348,0.261502206326,0.267474412918,0.142132937908,1.09332478046,1.99020397663,0.549353122711
SNP_CZ_4326600_G874A_R292._ethA,0.271649301052,0.274740457535,0.284407436848,0.286400794983,0.243792593479,0.285022079945,0.245153427124,0.235987484455,0.28147560358,0.295151054859,0.265512764454,0.293273448944,0.244427680969,0.282723367214,0.286070346832,0.28035312891,0.236598193645,0.300780117512,0.288746356964,0.286227464676,0.263013184071,0.278857827187,0.236006140709,0.337329506874,0.276475250721,0.959626495838,1.7505325079,0.548191189766
SNP_P_1673432_T8G_promoter_fabG1.inhA,0.243074059486,0.240387439728,0.231916069984,0.0608579516411,0.238610446453,0.236869335175,0.100680947304,0.190973758698,0.0247556567192,0.244135200977,0.202050328255,0.255798578262,0.271934092045,0.198116123676,0.223193407059,0.237616300583,0.211508929729,0.363140463829,0.208663463593,0.173118829727,-0.0167534351349,0.261679887772,0.202415883541,0.257097601891,0.268908381462,0.619285941124,1.13063776493,0.547731518745
SNP_CZ_4326250_G1224T_Y408._ethA,-0.0716065764427,-0.114164888859,-0.0527746677399,-0.0791279673576,-0.116753697395,-0.0722863674164,-0.0578311085701,-0.10445100069,-0.0748260617256,-0.0785390138626,-0.0238589644432,-0.100195527077,-0.0302996039391,-0.0459895730019,-0.0510287284851,-0.110884428024,-0.0999762415886,-0.0925915837288,-0.0515109300613,-0.0831663012505,-0.0648933649063,0.00852525234222,-0.0845031738281,-0.0565300583839,-0.0820596814156,0.676512718201,1.24216532707,0.544623732567
SNP_CN_4326333_C1141G_A381P_ethA,0.30712133646,0.327850699425,0.35317248106,0.320410072803,0.311854541302,0.362278103828,0.314861416817,0.27546942234,0.31802624464,0.296966791153,0.339171886444,0.279736220837,0.28271484375,0.330549418926,0.286099910736,0.291853606701,0.327682197094,0.287710905075,0.324184775352,0.337463378906,0.344999670982,0.315557181835,0.290271341801,0.297629356384,0.337503492832,0.314559906721,0.582154273987,0.54033768177
DEL_CF_4326440_d1034T_345_ethA,0.31149315834,0.0401334762573,0.302421629429,0.289584994316,0.270282745361,0.328711092472,0.236711621284,0.159830391407,0.298697829247,0.296502113342,0.296790063381,0.289752304554,0.272465825081,0.268305420876,0.274090349674,0.239074647427,0.283717870712,0.295702934265,0.155364215374,0.287668883801,0.272333085537,0.333378195763,0.273572564125,0.0730244517326,0.309830844402,1.06576895714,1.9729193449,0.540198922157
SNP_P_4327501_G28A_promoter_ethA,-0.00482845306396,-0.0718331336975,-0.0303270816803,0.0845121145248,0.00138461589813,-0.0892916321754,-0.0167941451073,-0.0629872083664,-0.0805796980858,-0.0564998984337,-0.0563453435898,-0.000928580760956,0.0571554303169,0.0035417675972,-0.0624913573265,-0.0700858235359,-0.0548648834229,0.0738919377327,-0.0181702375412,-0.0578721165657,-0.000505030155182,-0.0577347874641,-0.0815535187721,0.0373110175133,-0.0732092857361,0.683960556984,1.27318191528,0.537205696106
SNP_CZ_4327081_G393T_C131._ethA,0.0240826010704,0.152574956417,0.196025252342,0.231237232685,0.154338121414,0.209426522255,0.0481887459755,0.13784635067,0.0225221514702,0.0033558011055,0.0301870107651,0.138295352459,0.196882963181,0.218265175819,0.018213391304,-0.00661343336105,0.140423953533,0.308552861214,0.0168112516403,0.0303258895874,0.127623975277,0.205574691296,0.0345759391785,0.0554360747337,0.201341509819,0.46358564496,0.868608653545,0.533710598946
SNP_CN_4327311_A163G_S55P_ethA,0.252940416336,0.255654513836,0.247561812401,0.255764067173,0.284916639328,0.0241723060608,0.000769138336182,0.250758647919,0.256544709206,0.260274231434,0.241347372532,0.276064038277,0.207081437111,0.197605550289,0.23648494482,0.250752806664,0.259085536003,0.316432356834,0.22831183672,0.254546582699,0.211671233177,0.0192722678185,0.209750711918,0.315457761288,0.294264256954,1.08432734013,2.03625369072,0.53251093626
SNP_CZ_4326724_G750C_Y250._ethA,0.0367892384529,0.00376850366592,-0.000875949859619,-0.0569997429848,-0.0005983710289,0.0574116706848,0.0176555514336,-0.0117019414902,0.00248783826828,-0.0611408948898,0.051279604435,0.0303081870079,-0.0486629009247,0.0341469049454,-0.0293270945549,0.0167834162712,0.0371404886246,-0.00590205192566,0.0527321100235,0.012248814106,0.0522534251213,0.0339117050171,-0.0244661569595,0.0407396554947,0.0233013033867,0.429725855589,0.809535384178,0.530830204487
SNP_CN_4326759_G715A_R239W_ethA,0.220902681351,0.270216584206,0.198945701122,0.269839704037,0.207914412022,0.269230484962,0.166760027409,0.222966909409,0.223554134369,0.23396730423,0.234238624573,0.244862675667,0.183934032917,0.208165884018,0.185490429401,0.200451612473,0.24694365263,0.351063668728,0.226219594479,0.253397285938,0.222257852554,0.225970029831,0.215422987938,0.254588007927,0.27442419529,0.768365561962,1.50717031956,0.509806752205
DEL_CF_4327442_d32C_11_ethA,-0.152435600758,-0.139299541712,-0.0806133151054,-0.200329035521,-0.197237104177,-0.184510707855,-0.0417405962944,-0.123925387859,-0.144690662622,-0.145976752043,-0.156978368759,-0.154258966446,-0.113389492035,-0.0788779854774,-0.16857662797,-0.157245874405,-0.177354812622,-0.186345487833,-0.0696199536324,-0.125455826521,-0.100478053093,-0.156072348356,-0.178902447224,-0.112299948931,-0.161796808243,0.256431013346,0.506878197193,0.505902647972
SNP_CN_4327211_G263A_T88I_ethA,0.213648915291,0.206522703171,0.140342414379,0.279586136341,0.191037297249,0.200500965118,0.140115141869,0.110730051994,0.178868472576,0.182779669762,0.0339944958687,0.186153352261,0.241361021996,0.132324159145,0.188014149666,0.178230285645,0.160930156708,0.288721323013,0.189548432827,0.15995323658,0.192175269127,0.170779943466,0.0310508608818,0.209714353085,0.0281382799149,0.792768955231,1.66169404984,0.4770847857
SNP_CN_4326452_G1022A_A341V_ethA,0.100623130798,0.0797689557076,0.0246297121048,0.0335233211517,0.0749140977859,0.0815424919128,0.0691596865654,0.0554707050323,0.0789295434952,0.0173016786575,0.0687409043312,0.0945023298264,0.0774127244949,0.0392203330994,0.0805857181549,0.10134345293,0.0917840600014,-0.0576034784317,0.070986866951,0.0512579679489,0.0473055243492,0.0674741268158,0.0801622271538,0.0203782916069,0.0843336582184,0.725144565105,1.57834327221,0.459434002638
SNP_CN_4327350_C124T_G42S_ethA,0.0112674832344,0.0675101280212,0.0909353494644,0.0164964795113,0.0994123220444,-0.0635395646095,0.0817472934723,0.165305018425,0.175466179848,0.188344180584,0.152844309807,0.15425080061,0.100923836231,0.102862715721,0.146087408066,-0.0630373954773,0.0672956705093,0.0159084796906,-0.00338846445084,0.0672048926353,0.0945553183556,0.158677637577,0.11030292511,0.247857689857,0.0748437047005,0.776906311512,1.73251521587,0.44842684269
INS_CF_4326141_i1333C_445_ethA,0.216967225075,0.241323292255,0.282202064991,0.350399971008,0.246881783009,0.209782063961,0.174964308739,0.264816939831,0.157545566559,0.29781550169,0.222798526287,0.269369006157,0.286682784557,0.241510272026,0.21162456274,0.234941124916,0.234529554844,0.347916007042,0.245787322521,0.177287578583,0.239694297314,0.213915407658,0.179531872272,0.294585943222,0.24112534523,0.523803889751,1.18557655811,0.441813647747
SNP_P_1673425_C15T_promoter_fabG1.inhA,0.339944601059,0.330094277859,0.320089042187,0.364970207214,0.317780792713,0.348263919353,0.325986266136,0.336403727531,0.322006881237,0.352207779884,0.298412621021,0.345093607903,0.326632738113,0.36766898632,0.336881458759,0.344946622849,0.369947314262,0.306179940701,0.340708911419,0.29402923584,0.315816342831,0.324886977673,0.356234490871,0.329730927944,0.306459248066,0.749877095222,1.70434141159,0.439980566502
SNP_CN_4326996_G478A_P160S_ethA,0.0578499436378,0.263907849789,0.255218923092,0.0634905695915,0.0609620213509,0.0817838311195,0.0741550922394,0.0232957601547,0.0465106368065,0.0222738981247,0.0760272145271,0.0573155283928,0.246351361275,0.247172296047,0.220558226109,0.246242403984,0.232507765293,0.338710486889,0.226273059845,0.269103944302,0.0202063322067,0.076492190361,0.223404705524,0.300675094128,0.255813121796,0.748757660389,1.71346855164,0.43698361516
SNP_CN_4327065_A409G_C137R_ethA,0.0963358283043,0.117188811302,0.121351420879,-0.0317072272301,0.242991626263,0.11112165451,0.0979328751564,0.0656101703644,0.12086468935,0.0317748785019,0.115761637688,0.0913233160973,0.044358253479,0.0748862028122,0.132282197475,0.0980956554413,0.126178562641,-0.0634217262268,0.210467159748,0.0985650420189,0.0937685370445,0.142700850964,0.136989593506,0.038870871067,0.137299776077,0.792463779449,1.9121992588,0.414425313473
DEL_CF_4327409_d65T_22_ethA,0.21514993906,0.207633256912,0.142704725266,0.242574810982,0.18201059103,0.230176627636,0.121408462524,0.153835237026,0.22399276495,0.21611726284,0.200193345547,0.166063666344,0.231774806976,0.123302578926,0.215848684311,0.196024239063,0.178973078728,0.317219555378,0.174623608589,0.145309448242,0.183828830719,0.214786708355,0.167444229126,0.223899960518,0.196678161621,0.510378599167,1.28155350685,0.398249924183
SNP_CZ_4326213_G1261A_R421._ethA,0.23187571764,0.235964417458,0.236372351646,0.32125377655,0.221525251865,0.253860473633,0.220921576023,0.201724052429,0.17748773098,0.236406803131,0.226167976856,0.238460302353,0.267497181892,0.256171584129,0.196211576462,0.223081588745,0.216489315033,0.268772900105,0.207535564899,0.270284295082,0.171386241913,0.234882056713,0.200888454914,0.247359395027,0.219673752785,0.784112095833,1.97892439365,0.39623144269
SNP_CN_4326800_A674G_L225P_ethA,0.134442448616,0.11399936676,0.19300287962,0.318118333817,0.149700582027,0.168440103531,0.105774521828,0.177976429462,0.0890048742294,0.211294591427,0.103277862072,0.132700800896,0.262722671032,0.158540070057,0.162141025066,0.155086874962,0.105066120625,0.260125160217,0.177972018719,0.179769217968,0.124251246452,0.12436413765,0.0871397852898,0.252578496933,0.150405406952,0.690973877907,1.74757575989,0.395389944315
INS_CF_4326585_i889GCACC_297_ethA,0.263711035252,0.280549108982,0.293134391308,0.307055532932,0.268039524555,0.0279569029808,0.20825445652,0.0103760361671,0.27525883913,0.296553134918,0.238257169724,0.27005815506,0.275199174881,0.212188601494,0.271145224571,0.270790338516,0.22945100069,0.369284451008,0.27067810297,0.270880401134,0.222887456417,0.264383435249,0.230039656162,0.0413063764572,0.283013284206,0.375153839588,0.952022969723,0.394059658051
SNP_CN_1674481_T280G_S94A_inhA,0.294784128666,0.294099628925,0.323307573795,0.349610328674,0.283859372139,0.300160348415,0.192798614502,0.29937928915,0.241179943085,0.28975635767,0.269613444805,0.303156852722,0.282613635063,0.303755998611,0.270422816277,0.319083869457,0.301203489304,0.350944638252,0.306583404541,0.252459645271,0.296534359455,0.29805880785,0.278416633606,0.318954944611,0.302602350712,0.638494312763,1.63312280178,0.390965282917
SNP_CN_4326182_A1292G_F431S_ethA,0.233158290386,0.233098506927,0.269935905933,0.323880374432,0.179213941097,0.155836641788,0.189089775085,-0.00339204072952,0.193349719048,0.27062857151,0.186202824116,0.248202681541,0.256821751595,0.253194987774,0.1881685853,0.209791958332,0.183907806873,0.324534058571,0.220229148865,0.249478697777,0.162566959858,0.215294122696,0.174626588821,0.283525884151,0.214849710464,0.731536924839,1.87929189205,0.389261990786
SNP_CN_4326341_G1133A_P378L_ethA,0.201510488987,0.152843475342,0.192745447159,0.133496046066,0.229506194592,0.206445753574,0.102997422218,0.184486031532,0.239193439484,0.169003129005,0.117385387421,0.14250856638,0.0900570750237,0.161394000053,0.155056357384,0.148555934429,0.173982381821,0.232424438,0.16239875555,0.113272070885,0.199871957302,0.105548739433,0.17786103487,0.174041628838,0.156447291374,0.467253923416,1.21152770519,0.385673314333
SNP_P_1673432_T8A_promoter_fabG1.inhA,0.173983931541,0.0497695207596,0.277685463428,0.104378342628,0.183797895908,0.174574613571,0.114979743958,0.177032470703,0.236768841743,0.145316362381,0.256963670254,0.284385740757,0.186988770962,0.215701818466,0.177059471607,0.280309021473,0.137704908848,0.18182849884,0.17767560482,0.137439668179,0.0200133919716,0.186187446117,0.127870559692,-0.0724716186523,0.117200374603,0.455739915371,1.1821051836,0.385532468557
SNP_CN_4327022_A452G_F151S_ethA,-0.0529208183289,-0.0934444665909,-0.0311390757561,-0.0607151985168,-0.0921925902367,-0.0541727542877,-0.0439745187759,-0.0652359127998,-0.0114952921867,-0.0561634898186,-0.0468268990517,-0.0468629002571,-0.0227313041687,-0.0174475312233,-0.0357382297516,-0.0949377417564,-0.0163717269897,0.0654547810555,-0.0266684889793,-0.0713052749634,-0.0578213334084,-0.0380349755287,-0.0501306056976,0.0924082398415,-0.0015681385994,0.713741004467,1.87951123714,0.37974819541
DEL_CF_4327133_d341T_114_ethA,0.0330340266228,0.248663246632,0.0182971358299,-0.0122486352921,0.213237226009,0.257351696491,0.110217392445,0.0323625206947,0.236526668072,0.0391157269478,0.0546842217445,0.0690949559212,0.188628852367,0.234932363033,0.0495332479477,0.00251972675323,0.19470512867,0.000792503356934,0.187436580658,0.10530102253,0.0506065487862,0.0893751978874,0.0319263935089,0.0288619399071,0.0472272634506,0.312115430832,0.828054368496,0.376926243305
DEL_CF_4326614_d860T_287_ethA,0.224776029587,0.22617650032,0.237844526768,0.226319611073,0.211693584919,0.272538542747,0.171171188354,-0.00653576850891,0.016538977623,0.245451807976,0.232358396053,0.0100829005241,0.191627204418,0.225183904171,0.225793600082,-0.00109678506851,0.208830535412,0.299766778946,0.202474296093,0.248567283154,0.171438217163,0.257816672325,0.0289314389229,0.0571821331978,0.262283027172,0.216943383217,0.599484443665,0.361883252859
SNP_CN_4326860_A614G_L205P_ethA,0.0335232019424,0.0410885214806,0.106856644154,0.231665313244,0.084318459034,-0.0596582889557,0.11766153574,0.1300329566,0.16973400116,-0.0191266536713,0.0906305909157,-0.00638371706009,0.0408545136452,0.143908977509,0.0534560084343,-0.0225513577461,0.0702549815178,0.371247470379,0.0877071619034,0.0351465940475,0.0705454945564,0.159912407398,0.0569764375687,0.101821780205,0.150879442692,0.174664318562,0.493837207556,0.353688061237
SNP_CN_4327121_A353C_V118G_ethA,0.335098206997,0.341081738472,0.340336918831,0.213165998459,0.328616321087,0.368045806885,0.263573169708,0.307729065418,0.326375722885,0.313477873802,0.33081895113,0.317446887493,0.159194111824,0.309585750103,0.321510612965,0.337676286697,0.316539883614,0.381888687611,0.3048350811,0.281350255013,0.314287543297,0.357438623905,0.295783817768,0.329267680645,0.349117994308,0.451244443655,1.27927553654,0.352734357119
SNP_CN_1673822_A383G_Q128R_fabG1,0.0370715856552,0.028711616993,0.000703692436218,-0.00778192281723,0.0273510813713,0.0335083007812,0.00307524204254,0.0138449668884,0.032265663147,-0.0215029120445,0.0494437813759,0.0380167365074,0.0457154512405,0.00879913568497,0.0430899262428,0.0302731394768,0.0245497822762,-0.108505517244,0.00203567743301,0.00282526016235,0.00886249542236,0.051986515522,0.0270054340363,-0.0689165592194,0.024423122406,0.636746287346,1.88793647289,0.337271034718
SNP_CN_4326996_G478C_P160A_ethA,-0.0319963693619,0.0571746826172,0.0948140621185,-0.153158277273,-0.0383584499359,0.0768935084343,0.0263919234276,0.00563311576843,0.0307980179787,0.0266674757004,0.136503636837,0.0554525256157,0.0180875062943,-0.0164797902107,0.00925767421722,-0.019605576992,-0.0253730416298,-0.127594202757,0.0377311110497,0.0251562595367,-0.0675918459892,0.12587416172,0.0269104838371,0.0923959612846,0.102371633053,0.557534992695,1.68339538574,0.331196695566
SNP_CZ_4326858_G616A_Q206._ethA,0.221059143543,0.0524617433548,0.0712385773659,0.0410143733025,0.184908628464,0.208962202072,0.0746876597404,0.258158564568,0.145540356636,0.293237149715,0.150119900703,0.189247071743,0.0370673537254,0.0909348726273,0.303847193718,0.167834877968,0.179832696915,0.31783336401,0.143113553524,0.161178052425,0.141238510609,0.216631233692,0.152772128582,0.144565224648,0.23174893856,0.432716012001,1.33692407608,0.323665350676
INS_CF_4326083_i1391T_464_ethA,0.31698101759,0.323830723763,0.314948379993,0.268920242786,0.302216410637,0.333121240139,0.293461203575,0.0539580583572,0.314567387104,0.0464212298393,0.321522057056,0.343189060688,0.249727845192,0.317454814911,0.296757996082,0.113896846771,0.29845225811,0.285907447338,0.0516362786293,0.327014625072,0.284453690052,0.338218867779,0.307034015656,0.226719379425,0.335734724998,0.593290746212,1.8495875597,0.320769220591
SNP_CN_1674263_T62C_I21T_inhA,0.287363111973,0.262625098228,0.297221541405,0.310888648033,0.298695325851,0.327993750572,0.246537268162,0.293200016022,0.263267934322,0.338086426258,0.26767539978,0.262258589268,0.233184337616,0.269524216652,0.236832082272,0.238983154297,0.241586685181,0.34089422226,0.260690391064,0.263098418713,0.292024075985,0.311849296093,0.205926775932,0.280274033546,0.279353260994,0.368739932775,1.1553388834,0.319161713123
SNP_CN_4326113_G1361A_P454L_ethA,0.271874904633,0.274189352989,0.0470525026321,0.139579713345,0.27805018425,0.0975648164749,0.0961092710495,0.238835215569,0.0921828150749,0.237721145153,0.257342278957,0.271712303162,0.0116736292839,0.224357664585,0.263720214367,0.28617733717,0.107738137245,0.304612994194,0.241952836514,0.0898922085762,0.228473782539,0.293228685856,0.0835657715797,0.23109036684,0.0844363570213,0.477900743484,1.58098125458,0.302281081676
SNP_CN_4326717_A757G_C253R_ethA,0.330871641636,0.333568990231,0.325142860413,0.285736680031,0.315742433071,0.349153578281,0.279951274395,0.289853692055,0.318646490574,0.0585649013519,0.326420009136,0.327587068081,0.234530687332,0.0447321534157,0.134938716888,0.127733588219,0.313392400742,0.29975104332,0.307223856449,0.321860730648,0.066866338253,0.150659382343,0.300474405289,0.270239710808,0.336178004742,0.277873009443,0.935884773731,0.296909421682
SNP_CZ_4326715_G759T_C253._ethA,0.229000747204,0.0225197076797,-7.58171081543e-05,0.304768383503,0.208276152611,0.245800852776,0.175383269787,0.20638448,0.0061411857605,0.224037647247,0.223732769489,0.0104457736015,0.0733253359795,0.224373221397,0.0257756114006,0.234012544155,0.218406677246,0.0683565735817,0.00203311443329,0.243345379829,0.190371751785,0.239433050156,0.199285805225,0.317178368568,0.223068416119,0.336955726147,1.28742420673,0.261728584766
DEL_CF_4327334_d140A_47_ethA,0.167496085167,0.203143179417,0.194194495678,0.32204669714,0.103512823582,0.207347273827,0.186699688435,0.180313646793,0.0992402434349,0.233930587769,0.201423287392,0.209177851677,0.21246534586,0.251139581203,0.121834039688,0.130956113338,0.138687729836,0.337654411793,0.184729516506,0.242404401302,0.190419733524,0.156797230244,0.183807015419,0.308659315109,0.198467314243,0.368492335081,1.54754674435,0.238113865256
SNP_CN_1674262_A61G_I21V_inhA,0.194873094559,0.211917519569,0.169286310673,0.0483359098434,0.22431397438,0.212097764015,0.210907280445,0.159594655037,0.248778104782,0.249615609646,0.200793087482,0.229440748692,0.238024353981,0.02044069767,0.197891950607,0.251997590065,0.0708930492401,0.347034692764,0.190767943859,0.225727260113,0.182485342026,0.207610309124,0.200480759144,0.259615600109,0.226918101311,0.329222232103,1.40550875664,0.234237059951
INS_CF_4326722_i752C_251_ethA,0.161562204361,0.13156247139,0.153984606266,0.101883292198,0.204211950302,0.276794373989,0.0738046169281,0.0957622528076,0.110981047153,0.00621050596237,0.246306478977,0.105972290039,0.0476949214935,0.113485634327,0.164105653763,0.161461591721,0.00930780172348,0.156177639961,0.185940563679,0.167312443256,0.0991799235344,0.212081432343,0.0943347811699,0.152411699295,0.122345924377,0.338647305965,1.55799090862,0.217361539602
SNP_CN_4326297_G1177C_L393V_ethA,0.135301530361,-0.0163205862045,0.156262814999,0.195780098438,0.156207621098,0.151488482952,0.00523197650909,-0.00882852077484,0.141126513481,0.180926084518,-0.0159517526627,0.130556464195,0.157472372055,0.1833345294,0.145189344883,0.143609881401,0.124305725098,0.316002309322,0.149936914444,0.172501564026,-0.0126841068268,0.164140343666,-0.024443089962,0.262521386147,-0.0168207287788,0.389001756907,2.01791930199,0.19277369976
SNP_CN_4327313_C161A_R54L_ethA,0.183725178242,0.196493327618,0.00703704357147,0.314466714859,0.253826200962,0.287075459957,0.141680240631,0.0113499760628,0.254479706287,0.215923666954,0.250592112541,0.171262443066,0.228853464127,0.00142794847488,0.0572009086609,0.1718121171,0.17041349411,0.299960613251,0.0014716386795,0.151246368885,0.236797571182,0.234116017818,0.0297339558601,0.292026937008,0.195850551128,0.339707136154,1.93007600307,0.176007121801
SNP_CN_4327376_G98C_A33G_ethA,-0.115370929241,-0.103003680706,-0.106178641319,-0.0275650024414,-0.0976261496544,-0.0408862829208,-0.0729846954346,-0.149116665125,-0.0538796186447,-0.139524519444,-0.0524412989616,-0.15615683794,0.0551145076752,-0.0377587676048,-0.0362223386765,-0.126900285482,-0.0796967148781,-0.0127487778664,-0.0787020325661,-0.103548884392,-0.0878421068192,-0.0589581727982,-0.121724009514,0.00289785861969,-0.0478436946869,0.3471609056,1.98949193954,0.174497261643
SNP_CN_4327325_T149C_Y50C_ethA,0.0575704574585,0.135305643082,0.0443722009659,0.12371635437,0.0820503234863,0.138278365135,0.127642095089,0.127704441547,0.198332250118,0.172083377838,0.148683786392,0.128432333469,0.159686267376,0.0989149808884,0.103436172009,0.0544509887695,0.0501391887665,0.121119737625,-0.00552034378052,0.174758553505,0.0830296278,0.0840718150139,0.118746161461,-0.00307065248489,0.100306034088,0.203316435218,1.21342146397,0.16755631566
DEL_CD_4326366_d1108TGTAGGCCATCG_370_ethA,0.29141330719,0.302537679672,0.274779140949,0.303604185581,0.283091247082,0.316223144531,0.167100965977,0.0237720608711,0.300113797188,0.0182200670242,0.290748000145,0.0895015001297,0.281705737114,0.212627291679,0.304339170456,0.28287178278,0.25930327177,0.355072796345,0.269870579243,0.232954502106,0.019722700119,0.31563025713,0.268860459328,0.294522166252,0.286515295506,0.307804226875,1.88226008415,0.163529068232
SNP_CN_4326449_G1025T_T342K_ethA,0.261289536953,0.135979175568,0.0922394394875,0.209034085274,0.257214128971,0.259392678738,0.11901819706,0.126734435558,0.170396208763,0.0657712817192,0.253467142582,0.173168420792,0.0434704422951,0.116953849792,0.156437933445,0.26623159647,0.248750925064,0.0848717093468,0.236161112785,0.0601698160172,0.0464442968369,0.265788555145,0.216683328152,0.108547210693,0.147290885448,0.304136604071,1.9737637043,0.154089674354
SNP_CZ_4326399_G1075A_Q359._ethA,0.205007731915,0.241857767105,0.224280774593,0.168202161789,0.225137233734,0.167689919472,0.187555849552,0.187082111835,0.19304651022,0.127993643284,0.199673652649,0.210409402847,0.217943608761,0.231617689133,0.0101274251938,0.0263942480087,0.19955265522,0.313584983349,0.221404254436,0.169676184654,0.192346155643,0.138231813908,0.184234261513,0.295842647552,0.153607547283,0.241062551737,1.57006716728,0.153536453843
SNP_P_1673423_G17T_promoter_fabG1.inhA,0.138614952564,0.112369835377,0.185919761658,0.195476055145,0.120491564274,0.17038667202,0.140835106373,0.183893203735,0.155275642872,0.176411926746,0.11575293541,0.123153269291,0.176876246929,0.0967756509781,0.120848596096,0.108515799046,0.116285979748,0.0937323570251,0.123897135258,0.241228640079,0.151754438877,0.147479355335,0.0962854027748,0.149294257164,0.110722899437,0.288846999407,1.97516310215,0.146239563823
SNP_CN_4327409_T65G_H22P_ethA,0.0380138754845,0.0750870108604,0.0320791602135,0.0397783517838,0.113477647305,0.0765221118927,0.0693837404251,0.0993167757988,0.0243420600891,0.00115013122559,0.0705879926682,0.0363564491272,0.117305159569,0.0560359358788,0.0411387085915,0.0188775658607,-0.00535291433334,0.10671544075,0.00554203987122,0.0928418040276,-0.0147392749786,0.113541603088,0.0302310585976,0.26880222559,0.0275155305862,0.0807489603758,0.58706176281,0.137547641993
INS_CF_4326217_i1257G_419_ethA,0.271890044212,0.283471286297,0.277576804161,0.0955283045769,0.2819429636,0.300060689449,0.0364810228348,0.25950050354,0.278109490871,0.289045929909,0.274812817574,0.280352473259,0.263573229313,0.0224254131317,0.273682057858,0.0768079161644,0.0768336653709,0.0273020863533,0.273350179195,0.23671579361,0.243739128113,0.0684706568718,0.244193851948,0.297290086746,0.282189846039,0.240920335054,1.93588864803,0.1244494766
SNP_CZ_4326755_C719T_W240._ethA,0.0465978384018,0.0566934347153,0.0783867835999,0.155916750431,0.0305269360542,0.0282008051872,0.0746663212776,0.00782638788223,-0.0233602523804,0.0438426136971,0.0516827106476,0.0453644990921,0.139985442162,0.0882600545883,-0.0148023962975,0.00824117660522,0.0200175642967,0.235881507397,0.0409340262413,0.0838465690613,-0.0090217590332,0.0509213805199,0.012866795063,0.190585374832,0.0585413575172,0.162438511848,1.34059739113,0.121168754995
DEL_CF_4326173_d1301A_434_ethA,-0.0188847184181,0.061673283577,0.059245288372,0.16320335865,0.0369299650192,-0.00159388780594,0.0130807161331,0.0310706496239,0.010544359684,-0.018493771553,-0.0050635933876,0.0300300121307,0.132417082787,-0.00106048583984,0.0393805503845,0.0256564021111,-0.0175946950912,0.00447362661362,0.0398286581039,0.0840072035789,0.037102162838,0.0492503643036,-0.0120376944542,0.147162675858,0.0488455891609,0.152312889695,1.94477260113,0.0783191248775
SNP_CN_4326705_G769C_P257A_ethA,0.00838762521744,0.0367210507393,0.0493377447128,0.00869083404541,0.0921852588654,0.0727229118347,-0.0156635642052,0.0639443397522,0.2390614748,0.0422574281693,0.00843268632889,0.00914007425308,-0.0630741119385,0.0757984519005,0.0851855278015,0.0682709217072,0.0595222115517,0.0857842564583,0.0871947407722,0.0757774710655,0.0239571332932,0.0534361600876,0.0110004544258,0.0183261632919,-0.0182994604111,0.150349915028,2.03227162361,0.0739812105894
SNP_CN_4326612_G862C_P288A_ethA,-0.00509810447693,0.0392916202545,0.100721120834,0.191653430462,0.0907304883003,-0.00484693050385,0.0766552686691,0.0650849938393,0.077312707901,0.0758925676346,0.109515607357,0.0755612850189,0.0236210227013,0.062648832798,0.0977041721344,0.0548658370972,0.0628908872604,0.170573055744,0.0404408574104,0.0806887149811,0.0427221059799,0.144373774529,0.0634794235229,0.224834263325,0.0904467105865,0.0849408730865,1.93370485306,0.0439264923334
DEL_CF_4326771_d703A_235_ethA,-0.0895531773567,-0.078612446785,-0.0576469898224,-0.0910583734512,-0.131652772427,-0.104339271784,-0.0334748029709,-0.0911586880684,-0.0437598824501,-0.0554411411285,-0.0365523695946,-0.093379676342,0.0507518649101,-0.0327864289284,0.00832790136337,-0.00175833702087,-0.0726372599602,-0.0717090964317,0.00333243608475,-0.0631970763206,-0.060611307621,-0.0792326331139,-0.109800934792,0.0120694041252,-0.111080527306,-0.0415772236884,0.615611374378,-0.0675381049514
SNP_CN_4326327_T1147G_T383P_ethA,-0.124119460583,-0.12763273716,-0.0566521883011,-0.067090690136,-0.157877534628,-0.140406966209,-0.0535576343536,-0.106078982353,-0.125199556351,-0.080363214016,-0.0790134072304,-0.0219340324402,-0.0697292685509,-0.0628911852837,-0.087746322155,-0.166536837816,-0.123207509518,0.0683128237724,-0.112375110388,-0.0890644788742,-0.0792610645294,-0.0729300379753,-0.126867890358,0.0364503860474,-0.0958563089371,-0.0586541816592,1.41099381447,-0.0415694117546
