"id","DEL_F_4326184_d1289G_ethA_P430A","INS_F_2288725_i516C_pncA_E173E","INS_F_2288887_i354A_pncA_W119W","INS_F_4326141_i1332C_ethA_E445E","INS_F_4326719_i754GC_ethA_A252A","SNP_CN_1673449_AC_fabG1_T4P","SNP_CN_1674263_TC_inhA_I21T","SNP_CN_1674434_TG_inhA_V78G","SNP_CN_1674481_TG_inhA_S94A","SNP_CN_1918745_AG_tlyA_.269W","SNP_CN_2155167_GT_katG_S315R","SNP_CN_2155168_CG_katG_S315T"
"inh",0.986554544651881,0.0962780169211328,0.597665125271305,0.319806143408641,0.294945038855076,0.803807101910934,0.61264706403017,0.840374310966581,0.671740767313167,0.168090421706438,0.574449244420975,0.451243274612352
"rif",0.489110680297017,0.546394276665524,0.944934957427904,0.846891099819914,0.550137509824708,0.820134930079803,0.91245429799892,0.211832982487977,0.337351163849235,0.749848851468414,0.185318550560623,0.0491889405529946
"pza",0.844595175236464,0.527333228616044,0.934151146793738,0.409889773931354,0.666790573857725,0.141770312329754,0.836968038929626,0.0653585437685251,0.530482836300507,0.33977263700217,0.345216891495511,0.0661927876062691
"emb",0.674487307667732,0.0945865323301405,0.798156051663682,0.114466715836897,0.952582090627402,0.103196571813896,0.362166994484141,0.0320296681020409,0.915866016177461,0.177705474663526,0.25440729316324,0.918121073395014
"str",0.546779655385762,0.689207361778244,0.99678811035119,0.52549898554571,0.980603182222694,0.144199406495318,0.445176522014663,0.134196186903864,0.756702720653266,0.301579707767814,0.0460467094089836,0.564097023801878
"eth",0.599756095791236,0.590353364823386,0.302645516814664,0.226758770179003,0.99458230799064,0.18715720390901,0.59413923532702,0.764012021478266,0.932382203638554,0.986799225676805,0.947977260220796,0.729818820022047
"kan",0.232212074333802,0.248974207323045,0.901673186803237,0.821623361902311,0.551928429864347,0.291934409411624,0.410031630890444,0.299355734838173,0.928290876792744,0.215336823603138,0.212600825354457,0.329880680190399
"cap",0.915400320198387,0.396673093317077,0.63639463740401,0.131529829232022,0.352137208683416,0.64684431347996,0.419041444547474,0.149654145352542,0.0875383105594665,0.515589928952977,0.866287445649505,0.525018876884133
"amk",0.270689555443823,0.188100489787757,0.500040842453018,0.889929885976017,0.202480486128479,0.378183943452314,0.123910848749802,0.869549647206441,0.45756721124053,0.211617309367284,0.396742056589574,0.0865500734653324
"cip",0.782704697689041,0.53191126906313,0.92033558501862,0.499690328724682,0.688040759880096,0.030874983407557,0.584339761408046,0.895649840356782,0.417736652074382,0.738129928475246,0.375299697043374,0.582801417913288
"levo",0.682182170217857,0.0449441957753152,0.220388531684875,0.410905356984586,0.110788243124261,0.337697760667652,0.455173276131973,0.150531222112477,0.249215039424598,0.764802233316004,0.865693901898339,0.979716619942337
"oflx",0.723341551609337,0.0717416505794972,0.100183685077354,0.836624779505655,0.849354386795312,0.711207796121016,0.646915313554928,0.0736641201656312,0.225378240691498,0.611843524035066,0.662054541287944,0.820196057204157
"moxi",0.471316523384303,0.859673244645819,0.324988627340645,0.0813230006024241,0.790354445576668,0.394235766027123,0.85750889359042,0.548068748787045,0.122618912952021,0.167184100253507,0.602708687772974,0.333170955535024
"gati",0.140869145980105,0.801461491733789,0.469511063536629,0.149361250223592,0.872843881137669,0.408282200340182,0.103852036874741,0.671517552109435,0.207508767256513,0.618114281445742,0.483140164287761,0.792979191290215
"pas",0.875119224889204,0.977891456801444,0.894442038610578,0.374422859633341,0.200448937946931,0.00343537679873407,0.770458749961108,0.515827190130949,0.808616119902581,0.834791224682704,0.111490432405844,0.175446536391973
