SNP_CN_4247429_A916G_M306V_embB,0.408759057522,0.388029843569,0.385483264923,0.378706723452,0.403125077486,0.406330764294,0.381528168917,0.391068816185,0.402017951012,0.378008544445,0.388580650091,0.39357560873,0.383777916431,0.409340232611,0.390069395304,0.402836591005,0.406450420618,0.389238893986,0.370854973793,0.393859088421,0.399563580751,0.389490246773,0.406905323267,0.424550265074,0.375956207514,0.372525364161,0.384764254093,0.383256614208,0.401058882475,0.364558964968,0.400806963444,0.388603121042,0.379767566919,0.38714197278,0.400791823864,0.403871834278,0.366607517004,0.376049160957,0.377191334963,0.412203341722,0.407375782728,0.389044195414,0.384165793657,0.405260771513,0.411101490259,0.401263445616,0.431143581867,0.381258517504,0.403000235558,0.40025305748,0.442533403635,0.378197789192,0.403737068176,0.38312035799,0.395160913467,0.38881456852,0.391203641891,0.410354226828,0.392940551043,0.387018889189,0.377386897802,0.376212060452,0.412604182959,0.42459192872,0.409191459417,0.42625144124,0.373800873756,0.395845413208,0.39636027813,0.419046074152,0.391370862722,0.434213489294,0.392535865307,0.398560762405,0.384314447641,0.390663325787,0.396820932627,0.39786913991,0.412413030863,0.355054318905,0.419892340899,0.393291771412,0.376826256514,0.409299641848,0.402969181538,0.376952409744,0.384688705206,0.402571737766,0.407754808664,0.393333166838,0.404041945934,0.386446923018,0.412603825331,0.368827998638,0.418573647738,0.424598127604,0.425159871578,0.402066528797,0.413801252842,0.382607191801,0.378447085619,0.406478881836,0.421866625547,0.388128489256,0.393365561962,0.391709148884,0.391837239265,0.396088182926,0.39165943861,0.391494899988,0.408917158842,0.386427670717,0.369893997908,0.404050260782,0.415429294109,0.390031009912,0.413677424192,0.405398547649,0.462934076786,0.37878549099,0.401899188757,0.379801273346,0.412513494492,0.387079566717,0.421928524971,0.385902911425,0.386748582125,0.410628318787,0.405959397554,0.390203773975,0.418611288071,0.388597935438,0.393709182739,0.409967064857,0.403524398804,0.409987449646,0.381422489882,0.381413787603,0.395739853382,0.406451970339,0.454621642828,0.408035844564,0.420608729124,0.395173698664,0.395755022764,0.387651652098,0.398188501596,0.404691010714,0.381779968739,0.413974434137,0.423090308905,0.395236253738,0.371379107237,0.40347725153,0.397069573402,0.403640657663,0.422328919172,0.387029767036,0.398766607046,0.394238829613,0.387473672628,0.381727457047,0.406101554632,0.410729944706,0.374364227057,0.421459972858,0.39066016674,0.414644032717,0.382381528616,0.396512329578,0.388365447521,0.390928924084,0.421299666166,0.416727721691,0.38964676857,0.388565868139,0.384522408247,0.40064278245,0.386984825134,0.372360885143,0.382026612759,0.397925764322,0.410060733557,0.405516326427,0.395180374384,0.445574015379,0.397013396025,0.364163935184,0.412515938282,0.399506062269,0.375587522984,0.425059437752,0.407263725996,0.396629571915,0.395274043083,0.429710865021,0.380288332701,0.404698222876,0.423290669918,0.404146134853,0.382706403732,0.393293738365,0.445566803217,0.398108184338,0.391704559326,0.434087693691,0.387185424566,0.399793207645,0.406270265579,0.412575989962,0.385300219059,0.410757005215,0.413074821234,0.392224401236,0.3853738904,0.392807632685,0.394744426012,0.414964348078,0.401797413826,0.416304647923,0.373891443014,0.388372778893,0.421322971582,0.413510739803,0.397683054209,0.367539733648,0.385891973972,0.410519897938,0.393180519342,0.41038480401,0.399941027164,0.407495379448,0.392972379923,0.374725222588,0.412255734205,0.391597419977,0.39653852582,0.386162340641,0.425981938839,0.407395541668,0.417759358883,0.369460582733,0.393186599016,0.362916737795,0.393187761307,0.392464965582,0.38405251503,0.390590310097,0.38048261404,0.398236483335,0.397908121347,0.0167574714869,23.7451171875
SNP_CN_4247431_G918T_M306I_embB,0.283264011145,0.25363945961,0.271831184626,0.258601874113,0.275073409081,0.290165394545,0.282679378986,0.284331858158,0.28356474638,0.277386546135,0.257571280003,0.287589848042,0.272737950087,0.277159929276,0.251966774464,0.243963599205,0.273975104094,0.276098638773,0.279707729816,0.268275767565,0.276775568724,0.284668713808,0.25566393137,0.293189257383,0.270897299051,0.269955843687,0.277300179005,0.268384635448,0.281797736883,0.258225858212,0.287179410458,0.254063785076,0.270083039999,0.261681288481,0.29341045022,0.289896428585,0.251610547304,0.271578520536,0.266656517982,0.268943458796,0.29038476944,0.269930750132,0.275698125362,0.271206587553,0.285275787115,0.267326593399,0.298604607582,0.268455982208,0.278521746397,0.267192900181,0.301316976547,0.275661826134,0.27527192235,0.266745984554,0.284861713648,0.280752152205,0.267427116632,0.304400980473,0.30966719985,0.26882815361,0.253885537386,0.24304959178,0.28789755702,0.280371278524,0.271545529366,0.28184902668,0.260938644409,0.275308400393,0.273837804794,0.29736712575,0.261265486479,0.304604589939,0.288661688566,0.275955289602,0.267990261316,0.281235665083,0.273040980101,0.262805461884,0.301814347506,0.269783258438,0.29495716095,0.273476272821,0.265348106623,0.285399585962,0.268966674805,0.279620915651,0.279690742493,0.270676910877,0.270473986864,0.280094444752,0.274770021439,0.261134028435,0.281064301729,0.265006661415,0.284465581179,0.282150328159,0.30851110816,0.280134886503,0.276290148497,0.267296969891,0.278245806694,0.280502051115,0.261766046286,0.270594120026,0.260225117207,0.278291583061,0.268409758806,0.283803224564,0.283370554447,0.275565773249,0.292327851057,0.280754327774,0.252126157284,0.308645486832,0.303384512663,0.278293251991,0.265118122101,0.272905230522,0.287189036608,0.266468554735,0.268941342831,0.284288674593,0.265752255917,0.271132260561,0.311111658812,0.267068594694,0.291168749332,0.273962587118,0.285067051649,0.259734690189,0.285070836544,0.272564083338,0.270052820444,0.287765294313,0.29043468833,0.281927525997,0.265202105045,0.286698073149,0.258008688688,0.284849762917,0.320915281773,0.257088392973,0.28649866581,0.263416856527,0.277533829212,0.276966392994,0.275473862886,0.28877055645,0.248265177011,0.296224087477,0.298715531826,0.285842806101,0.267879486084,0.285393595695,0.274895757437,0.271607905626,0.266120254993,0.265474826097,0.286638140678,0.284880101681,0.266659796238,0.267363339663,0.283276557922,0.292089790106,0.250558853149,0.298179537058,0.271216779947,0.287657350302,0.283293992281,0.277159720659,0.259262382984,0.265541613102,0.281511247158,0.269628345966,0.262748688459,0.264309585094,0.273341238499,0.26955473423,0.270276755095,0.275201201439,0.286181271076,0.276647090912,0.283709436655,0.257121145725,0.263794630766,0.297164320946,0.281324714422,0.267190158367,0.27086442709,0.287922024727,0.276512026787,0.298273295164,0.292835652828,0.281861931086,0.295283347368,0.294485926628,0.27037987113,0.284546762705,0.2895642519,0.289752870798,0.262067705393,0.25904276967,0.276105195284,0.251912534237,0.260025322437,0.300445854664,0.278994888067,0.285795629025,0.280025035143,0.271059930325,0.267686009407,0.271744608879,0.271346181631,0.270775109529,0.261114239693,0.29160580039,0.283885896206,0.291225463152,0.277749180794,0.297184914351,0.270724117756,0.260831058025,0.287912964821,0.295624107122,0.275929033756,0.260280102491,0.283401161432,0.290437042713,0.28223913908,0.281072407961,0.271080315113,0.297548443079,0.27061778307,0.276371836662,0.279205441475,0.288178920746,0.262411236763,0.267503738403,0.308715045452,0.275189906359,0.291269868612,0.268275499344,0.266540288925,0.256022632122,0.283770769835,0.271487444639,0.279045283794,0.288317263126,0.25882101059,0.277518004179,0.276838243008,0.0132519649342,20.8903541565
SNP_CN_4247429_A916C_M306L_embB,0.279777228832,0.246406957507,0.2658624053,0.253993213177,0.271156221628,0.284107893705,0.278160065413,0.282124221325,0.281595289707,0.268666893244,0.259905517101,0.287095874548,0.269880831242,0.275418430567,0.250921040773,0.243626326323,0.270264327526,0.27998894453,0.280511885881,0.271834075451,0.274282157421,0.291072577238,0.249653339386,0.298537492752,0.270383507013,0.268155694008,0.275496095419,0.271345406771,0.280337125063,0.25442096591,0.284893631935,0.253730207682,0.269718319178,0.259805113077,0.290310919285,0.292495310307,0.252047240734,0.266822963953,0.270124852657,0.267792135477,0.288548767567,0.266752481461,0.274975001812,0.267708271742,0.284111201763,0.268727660179,0.299049049616,0.263654977083,0.272984921932,0.270765721798,0.300565630198,0.271938771009,0.271710395813,0.26638096571,0.284760415554,0.280620396137,0.267768740654,0.304567486048,0.307168215513,0.271740734577,0.251145362854,0.247148513794,0.283257573843,0.278067886829,0.267178595066,0.282780885696,0.260798931122,0.277747869492,0.275360375643,0.302070140839,0.262110173702,0.302794277668,0.284994870424,0.274284213781,0.26242262125,0.271201074123,0.270103871822,0.258786708117,0.295099467039,0.268225282431,0.293313145638,0.272144466639,0.25961714983,0.282852172852,0.267130702734,0.278819471598,0.247594043612,0.273922353983,0.267155200243,0.288772732019,0.270731180906,0.256798893213,0.278545886278,0.264420926571,0.284014075994,0.28762948513,0.302385628223,0.265416383743,0.273267000914,0.264882415533,0.278857022524,0.290543466806,0.259722620249,0.269497931004,0.261501312256,0.27538639307,0.271910250187,0.280795365572,0.280602633953,0.27480494976,0.289145767689,0.276621758938,0.250582665205,0.307986617088,0.300611615181,0.278554171324,0.262718707323,0.273325622082,0.281495600939,0.250905543566,0.276332765818,0.279910027981,0.257729589939,0.270698606968,0.311101049185,0.262972891331,0.288754343987,0.271754533052,0.282420188189,0.26946502924,0.286148607731,0.27171638608,0.266907036304,0.285085916519,0.290506273508,0.279319524765,0.263763964176,0.288571983576,0.252568393946,0.281716674566,0.31962671876,0.260314166546,0.28057050705,0.262221843004,0.273281484842,0.276327311993,0.266764849424,0.288904070854,0.248827904463,0.292073309422,0.291789442301,0.287686824799,0.266227155924,0.282527238131,0.271637678146,0.268879383802,0.27505749464,0.261703819036,0.283616602421,0.283296018839,0.259306252003,0.267282128334,0.285649985075,0.286827862263,0.248486101627,0.298144698143,0.269258707762,0.285429298878,0.28168156743,0.27221351862,0.255554258823,0.263984978199,0.272974908352,0.268766582012,0.25814422965,0.25980386138,0.25166234374,0.267482608557,0.272150039673,0.271848857403,0.284569680691,0.274383962154,0.277596652508,0.25621303916,0.265440165997,0.297104626894,0.280851781368,0.263783723116,0.271599501371,0.282725304365,0.273310929537,0.294783651829,0.291782915592,0.280310809612,0.293953001499,0.291780799627,0.267344117165,0.280868470669,0.285351157188,0.294819116592,0.261139512062,0.253471583128,0.27197638154,0.248950272799,0.258477181196,0.297831892967,0.27414020896,0.2867603302,0.279550403357,0.270823150873,0.265795767307,0.262348115444,0.269229948521,0.264799386263,0.267647087574,0.287551105022,0.277825474739,0.283671855927,0.274654120207,0.298091411591,0.26849848032,0.258571535349,0.282743096352,0.290102422237,0.271619766951,0.258683741093,0.282050162554,0.288936346769,0.283199667931,0.272696644068,0.264883428812,0.294428646564,0.264521867037,0.27421233058,0.278800308704,0.28467220068,0.259017944336,0.265311747789,0.305534511805,0.27461078763,0.287025749683,0.274479717016,0.264272391796,0.256047964096,0.280400902033,0.272485464811,0.281755357981,0.285917878151,0.2566152215,0.27415817976,0.274771183729,0.013623108156,20.1694927216
SNP_P_4243222_C11A_promoter_embA.embB,0.267907172441,0.247516170144,0.260222315788,0.253895282745,0.2694272995,0.28825250268,0.279141336679,0.279379040003,0.264173179865,0.275475919247,0.254721552134,0.278923898935,0.267724126577,0.270765334368,0.253665596247,0.237614497542,0.27063536644,0.276312112808,0.273739516735,0.266778290272,0.273888170719,0.278741180897,0.247299537063,0.293618679047,0.266915351152,0.268478572369,0.272201418877,0.267994642258,0.281651377678,0.250958502293,0.280557125807,0.250713467598,0.260689973831,0.258773773909,0.285894244909,0.277659475803,0.252751082182,0.258111655712,0.268393963575,0.26390644908,0.260204583406,0.267937242985,0.273351609707,0.262934446335,0.27639362216,0.268001437187,0.291084259748,0.265107244253,0.274181902409,0.264532148838,0.297600328922,0.267335563898,0.269123673439,0.265177845955,0.28431558609,0.276186347008,0.262550979853,0.291754186153,0.305734068155,0.247925311327,0.251875162125,0.241489112377,0.282721012831,0.262512624264,0.262690514326,0.281625419855,0.255361378193,0.27550008893,0.242272943258,0.265593826771,0.259199380875,0.299195289612,0.288779497147,0.270034074783,0.266364574432,0.278061300516,0.266457468271,0.256399184465,0.296412229538,0.230574578047,0.292283117771,0.269704043865,0.25666680932,0.275614619255,0.266136676073,0.264770150185,0.274979680777,0.271948873997,0.267712593079,0.285331130028,0.26717671752,0.255893200636,0.280757695436,0.263240873814,0.282588779926,0.28311637044,0.306777268648,0.276822000742,0.259521245956,0.263913810253,0.278613090515,0.287190318108,0.25760063529,0.259093016386,0.255672544241,0.271824717522,0.267892807722,0.276588350534,0.188696503639,0.271599680185,0.28324303031,0.274339109659,0.249807804823,0.302575051785,0.290481954813,0.275135993958,0.238094672561,0.26557546854,0.280131429434,0.239849433303,0.271397858858,0.279570996761,0.263713121414,0.270377159119,0.306153506041,0.261534631252,0.284960597754,0.266350090504,0.277942031622,0.263182282448,0.279021084309,0.260576188564,0.265539437532,0.280851304531,0.284785062075,0.277519673109,0.258532822132,0.281890124083,0.249341383576,0.279411673546,0.317446500063,0.262903630733,0.282975912094,0.254449099302,0.273202180862,0.272424012423,0.267462491989,0.28662237525,0.246466994286,0.292781382799,0.298690736294,0.283693045378,0.240188449621,0.278687179089,0.272823989391,0.264170706272,0.269336372614,0.257209718227,0.277554899454,0.270926862955,0.263294219971,0.264474242926,0.268674582243,0.284944057465,0.246716961265,0.295164525509,0.266165673733,0.282350838184,0.280917227268,0.265182375908,0.251816689968,0.263387948275,0.272785574198,0.263369739056,0.241096958518,0.261007934809,0.266107201576,0.258347332478,0.269473552704,0.268261432648,0.281748116016,0.273247212172,0.272692024708,0.245677292347,0.263230293989,0.294664740562,0.26778909564,0.239594101906,0.266618818045,0.259506344795,0.266099214554,0.290042102337,0.274816930294,0.281123667955,0.291684657335,0.288998275995,0.269050687551,0.283466279507,0.280751615763,0.285423725843,0.261245667934,0.222165673971,0.273842126131,0.244478940964,0.252652525902,0.295038998127,0.27225074172,0.275861978531,0.266696810722,0.264006316662,0.257946074009,0.24422185123,0.269848316908,0.269485473633,0.256582915783,0.28827342391,0.264154672623,0.284740656614,0.270729333162,0.291439890862,0.267536848783,0.254442512989,0.274918615818,0.295098364353,0.262860119343,0.24204492569,0.277167916298,0.279841095209,0.279545366764,0.273113042116,0.264079064131,0.296019434929,0.262224435806,0.268511891365,0.276782929897,0.278721094131,0.251197010279,0.263463258743,0.304126739502,0.274660110474,0.28634005785,0.263404786587,0.262281686068,0.254809588194,0.272468656301,0.273709535599,0.276066571474,0.283510684967,0.256647616625,0.270927220583,0.269974440336,0.0155558083206,17.35521698
SNP_CN_4247495_G982T_D328Y_embB,0.276327371597,0.24440561235,0.260127484798,0.250226318836,0.266253113747,0.283237665892,0.22920922935,0.275281578302,0.274242758751,0.269317001104,0.253557831049,0.28168168664,0.236350998282,0.269352048635,0.247127562761,0.237557396293,0.266434371471,0.270446002483,0.274149775505,0.264564603567,0.27446821332,0.283738821745,0.248314902186,0.285318464041,0.262979537249,0.260071843863,0.269505232573,0.265004903078,0.271850079298,0.253269016743,0.282074451447,0.245582193136,0.261184871197,0.257142543793,0.283717751503,0.281679064035,0.247828379273,0.26257866621,0.264665335417,0.262399107218,0.279570609331,0.263211101294,0.273146480322,0.263126045465,0.279533714056,0.260116308928,0.291306018829,0.263891726732,0.271261006594,0.270904451609,0.294221788645,0.270145773888,0.266432970762,0.250913262367,0.277258217335,0.275498002768,0.260468274355,0.295192360878,0.283813536167,0.269230782986,0.248578608036,0.2397043854,0.278241187334,0.271890491247,0.264740228653,0.277481764555,0.253126561642,0.267624229193,0.266018122435,0.297745674849,0.255813658237,0.298511117697,0.273988723755,0.274293810129,0.263686746359,0.274252384901,0.266013652086,0.254994869232,0.295702904463,0.263924390078,0.288046479225,0.269792497158,0.256351947784,0.27411788702,0.258326590061,0.274042695761,0.27153468132,0.264589250088,0.263424307108,0.280959546566,0.266668945551,0.25361058116,0.273300856352,0.259897261858,0.27932420373,0.276566594839,0.300402522087,0.269089072943,0.260275989771,0.259658098221,0.273515731096,0.288414388895,0.251913964748,0.263440817595,0.25389778614,0.260165512562,0.267634987831,0.277516812086,0.275797218084,0.264690518379,0.286757022142,0.274676442146,0.236871957779,0.302737116814,0.291868150234,0.272633671761,0.255012661219,0.265959590673,0.276606857777,0.250116050243,0.271110028028,0.278198897839,0.256672292948,0.251446098089,0.304018884897,0.231211677194,0.285141170025,0.26639264822,0.277475982904,0.262544453144,0.272099077702,0.263588279486,0.259855210781,0.281459599733,0.285306096077,0.271927982569,0.251759588718,0.278043121099,0.249847695231,0.276262104511,0.314716905355,0.259724378586,0.274024605751,0.240465536714,0.268858969212,0.267226547003,0.270004689693,0.282428860664,0.245552822948,0.270425766706,0.293419927359,0.283174574375,0.254755735397,0.275957047939,0.267709553242,0.254501074553,0.27172011137,0.258052736521,0.279247075319,0.276808530092,0.247323840857,0.255268633366,0.279883593321,0.28497377038,0.24726459384,0.289013713598,0.26490688324,0.27630135417,0.272279947996,0.272292792797,0.250772476196,0.259581118822,0.273959696293,0.263615995646,0.251715540886,0.256690472364,0.264352738857,0.264010190964,0.262688189745,0.266740977764,0.279735803604,0.267085671425,0.27547454834,0.250458627939,0.257195025682,0.244626149535,0.279412597418,0.258235126734,0.265220195055,0.274424493313,0.260606259108,0.280049800873,0.287527114153,0.276961624622,0.284922719002,0.287089288235,0.263807237148,0.277105182409,0.276819676161,0.288942456245,0.257087469101,0.247079715133,0.268934160471,0.240892007947,0.243649497628,0.292896211147,0.272688150406,0.28015089035,0.265851974487,0.256319314241,0.261725753546,0.260378986597,0.26578143239,0.256593465805,0.255660861731,0.279005467892,0.274275243282,0.275802403688,0.271766960621,0.29121658206,0.26550373435,0.25161793828,0.280639648438,0.289149284363,0.270670980215,0.25491937995,0.277813136578,0.282420068979,0.257987320423,0.273570269346,0.263456940651,0.293956011534,0.259104639292,0.26335015893,0.270846098661,0.279615432024,0.253481924534,0.259725004435,0.298211216927,0.26951944828,0.285675287247,0.2654312253,0.254095643759,0.146360501647,0.273026317358,0.267143577337,0.265741884708,0.280790627003,0.252728253603,0.257923990488,0.267974883318,0.0160101484507,16.7378139496
SNP_CN_4247431_G918A_M306I_embB,0.298406422138,0.274158030748,0.301956295967,0.290097296238,0.318971246481,0.312626123428,0.310593277216,0.337994992733,0.314336270094,0.318902015686,0.292563229799,0.309739232063,0.320675462484,0.332728207111,0.287189394236,0.298530369997,0.291713386774,0.33841240406,0.301119506359,0.283062070608,0.308934628963,0.325372517109,0.262869864702,0.3305105865,0.301239699125,0.298886090517,0.293276458979,0.293188214302,0.326310604811,0.28202816844,0.322324633598,0.263213723898,0.271831691265,0.299579918385,0.30818349123,0.295866817236,0.276987850666,0.337511301041,0.294857770205,0.309353023767,0.316034406424,0.278627872467,0.305635899305,0.309448957443,0.286471873522,0.306074470282,0.326089382172,0.278037548065,0.34176748991,0.297572165728,0.317633122206,0.301124691963,0.294097423553,0.29505777359,0.32154071331,0.302533179522,0.290510386229,0.338866263628,0.335019767284,0.292750000954,0.28784930706,0.279083758593,0.314639955759,0.30172291398,0.281788170338,0.308393478394,0.291449815035,0.290061146021,0.280066460371,0.318347215652,0.28879866004,0.335327297449,0.303486257792,0.289758116007,0.297488331795,0.314833462238,0.288706362247,0.312127560377,0.324967861176,0.298608362675,0.30143776536,0.286199510098,0.291794270277,0.309844762087,0.297895520926,0.307344287634,0.317503839731,0.291000783443,0.293132305145,0.325199782848,0.283999413252,0.280739307404,0.286820471287,0.297955334187,0.317179530859,0.305058479309,0.340880513191,0.318337202072,0.29132220149,0.288053482771,0.317266196012,0.336402744055,0.278353989124,0.336444497108,0.322846084833,0.297574341297,0.296260982752,0.3334197402,0.282481253147,0.289124786854,0.315843075514,0.303368508816,0.278160840273,0.312545061111,0.329691648483,0.304401904345,0.26606631279,0.274230033159,0.291780591011,0.308300226927,0.301250904799,0.337145745754,0.322464734316,0.319138079882,0.314417660236,0.311085820198,0.301334142685,0.297669172287,0.319456636906,0.309017270803,0.307278096676,0.297171384096,0.296507507563,0.320178389549,0.303718984127,0.311127990484,0.27955186367,0.325838983059,0.277800440788,0.325396329165,0.342755645514,0.266297638416,0.293061941862,0.295792669058,0.312921971083,0.274020016193,0.283770501614,0.300862044096,0.253528773785,0.326330274343,0.322226643562,0.317437589169,0.297115772963,0.343424737453,0.314720183611,0.303117483854,0.300672054291,0.281786262989,0.314908564091,0.296456545591,0.264103680849,0.291997909546,0.31778600812,0.307772934437,0.309015899897,0.325782299042,0.307701319456,0.317624539137,0.28362852335,0.314875662327,0.264028638601,0.28960493207,0.320320874453,0.313770771027,0.30919611454,0.307887285948,0.274786710739,0.269621580839,0.282102048397,0.290480852127,0.298912853003,0.311001390219,0.293944209814,0.288555234671,0.262908041477,0.320381820202,0.305423140526,0.281245142221,0.289930015802,0.327350080013,0.332267701626,0.271446228027,0.315920293331,0.288744091988,0.310257762671,0.307825177908,0.282619416714,0.28974711895,0.295626610518,0.330615282059,0.268833220005,0.293758302927,0.318589836359,0.311396926641,0.290541082621,0.322206348181,0.304218769073,0.29391258955,0.282765835524,0.298087358475,0.337143361568,0.300153255463,0.278568148613,0.287796497345,0.287130713463,0.336322873831,0.298262089491,0.299001544714,0.29966172576,0.307509273291,0.33413630724,0.313867032528,0.329224169254,0.31045293808,0.312859743834,0.274223446846,0.315338462591,0.345298409462,0.290638655424,0.307465165854,0.314293593168,0.317567706108,0.271742671728,0.331533640623,0.304884105921,0.292407363653,0.288941323757,0.29584017396,0.345168918371,0.295738816261,0.318592637777,0.307593613863,0.294663012028,0.2978720963,0.28757789731,0.300684452057,0.2918446064,0.303575575352,0.27371904254,0.310590147972,0.303058177233,0.0188303459436,16.0941371918
SNP_CN_4248003_A1490G_Q497R_embB,0.289550572634,0.2850677073,0.296515673399,0.244682073593,0.261110424995,0.277997195721,0.291176915169,0.291058659554,0.265738636255,0.308297842741,0.26936340332,0.274212151766,0.286026090384,0.265562921762,0.28856369853,0.236758306623,0.282219439745,0.265819728374,0.26098805666,0.308773398399,0.289027452469,0.293792128563,0.259490400553,0.306180149317,0.303709059954,0.261190474033,0.259918034077,0.256659507751,0.293887227774,0.243823766708,0.322560548782,0.249759912491,0.262115240097,0.253265440464,0.29725292325,0.277895957232,0.286358267069,0.278329074383,0.302894562483,0.25978076458,0.297857046127,0.301844596863,0.264650166035,0.262059986591,0.272377163172,0.278620094061,0.307954251766,0.253812491894,0.292592257261,0.251921385527,0.308343112469,0.257341146469,0.280551314354,0.275862544775,0.301795125008,0.286464989185,0.297647058964,0.309733569622,0.300744920969,0.308718860149,0.247894406319,0.252369642258,0.276624858379,0.29233905673,0.280199408531,0.294352412224,0.249160856009,0.284139543772,0.262847334146,0.285666048527,0.274000883102,0.311783581972,0.268823862076,0.267507314682,0.251286298037,0.292006641626,0.254487276077,0.250903815031,0.283403038979,0.281097650528,0.295381754637,0.306028902531,0.275501310825,0.289903283119,0.258413732052,0.28778642416,0.288076937199,0.280811399221,0.261877775192,0.277172327042,0.282560199499,0.246323987842,0.29230505228,0.277177274227,0.295225888491,0.287042409182,0.319852411747,0.288158357143,0.287955164909,0.275506168604,0.268659204245,0.301237761974,0.25140863657,0.264997154474,0.255377143621,0.289577454329,0.263905912638,0.293446928263,0.288278728724,0.286819219589,0.29974848032,0.268192976713,0.239807114005,0.297487437725,0.305496513844,0.311950564384,0.251164108515,0.284826248884,0.296868681908,0.268734663725,0.283110320568,0.308611601591,0.279270231724,0.262194991112,0.289914429188,0.299881249666,0.27098891139,0.254539549351,0.291892081499,0.252015888691,0.274759292603,0.307680308819,0.301537483931,0.32173499465,0.32674407959,0.264605402946,0.258132070303,0.272958308458,0.244725182652,0.272840976715,0.314939767122,0.255766421556,0.287875562906,0.256737738848,0.280487716198,0.263748764992,0.28353446722,0.29921746254,0.2780418396,0.287419110537,0.284715294838,0.274936914444,0.278812050819,0.289361298084,0.269508063793,0.255880832672,0.287269622087,0.305052369833,0.274824798107,0.266755610704,0.280740588903,0.255566686392,0.275504916906,0.27926325798,0.240864142776,0.287190288305,0.28213840723,0.280610710382,0.267912149429,0.267833352089,0.243341490626,0.303821831942,0.287889927626,0.257718265057,0.294085353613,0.277624130249,0.257221758366,0.279743254185,0.254446536303,0.279785633087,0.270548850298,0.28404122591,0.288428992033,0.268932789564,0.251555681229,0.285394221544,0.293869018555,0.299348771572,0.260240703821,0.276846826077,0.282898962498,0.332115203142,0.301544576883,0.288825899363,0.282467514277,0.285983234644,0.308105409145,0.272411257029,0.270965486765,0.278378039598,0.298084080219,0.262452363968,0.279864907265,0.242681145668,0.247070893645,0.289767950773,0.269893735647,0.274151414633,0.287600517273,0.280063122511,0.29489299655,0.255048453808,0.2596398592,0.302491784096,0.260318547487,0.299937188625,0.284600913525,0.275789380074,0.284873992205,0.277818113565,0.300185620785,0.252429455519,0.296986550093,0.282832831144,0.284978896379,0.266335010529,0.289102375507,0.277457982302,0.262605339289,0.284774333239,0.278978675604,0.324951261282,0.25930377841,0.26376670599,0.293849945068,0.267129540443,0.276386111975,0.252052098513,0.314978927374,0.283577829599,0.29803776741,0.258184432983,0.274318724871,0.28628334403,0.316327393055,0.265131622553,0.29049924016,0.277846306562,0.269133120775,0.285514473915,0.27948153019,0.0189289599657,14.7647590637
SNP_CN_4247431_G918C_M306I_embB,0.28286921978,0.242001771927,0.313393563032,0.275754243135,0.263393551111,0.283308714628,0.297228336334,0.297350555658,0.282496571541,0.278906315565,0.27390897274,0.271494209766,0.278319031,0.269176095724,0.260999262333,0.225017160177,0.26065915823,0.300037145615,0.304262071848,0.288674235344,0.287971198559,0.27554166317,0.260504543781,0.277643680573,0.265036761761,0.265268713236,0.27511498332,0.270569056273,0.316546201706,0.272966980934,0.279313832521,0.289928585291,0.285918474197,0.267718613148,0.289575606585,0.30704537034,0.270326375961,0.298783540726,0.305341571569,0.264991849661,0.337661832571,0.261091440916,0.275875002146,0.251869142056,0.272869735956,0.270247608423,0.279426723719,0.295549720526,0.275942951441,0.273117691278,0.33107227087,0.289902210236,0.262646555901,0.265295684338,0.303892850876,0.284531056881,0.288882344961,0.317591011524,0.311530381441,0.308642357588,0.250398188829,0.261589705944,0.27448284626,0.273326396942,0.281475961208,0.275737524033,0.253305494785,0.285167634487,0.268989831209,0.276790142059,0.259196847677,0.32206684351,0.276305764914,0.30885630846,0.275086760521,0.262131929398,0.301422685385,0.269245803356,0.293626248837,0.30382373929,0.304000198841,0.262111097574,0.267680853605,0.269078940153,0.26559728384,0.32455933094,0.289032161236,0.264809638262,0.268451660872,0.285477250814,0.280981898308,0.235067099333,0.275122135878,0.263871967793,0.293601006269,0.311024576426,0.295868635178,0.278390258551,0.292741030455,0.281313836575,0.295776635408,0.303745150566,0.244607582688,0.255912035704,0.252249956131,0.290138363838,0.25958186388,0.266149103642,0.291890025139,0.282404303551,0.27518248558,0.317911088467,0.256457686424,0.334373861551,0.285684913397,0.285862356424,0.278165638447,0.293513983488,0.259599864483,0.260748952627,0.298073410988,0.284277170897,0.281612098217,0.260466992855,0.313601493835,0.28283572197,0.329047501087,0.253293544054,0.30233708024,0.273264706135,0.281706124544,0.258394151926,0.297118932009,0.301416784525,0.299633324146,0.276811212301,0.283038288355,0.274074494839,0.242836892605,0.290041953325,0.298999577761,0.269226312637,0.323865175247,0.249748557806,0.297882944345,0.302832245827,0.30001565814,0.283456534147,0.241289570928,0.287591844797,0.315972715616,0.295646131039,0.270113378763,0.311908721924,0.269761443138,0.266943126917,0.266225427389,0.275508105755,0.286668270826,0.299094706774,0.265179187059,0.252404242754,0.303094297647,0.270972549915,0.26897546649,0.302897781134,0.267184704542,0.30248016119,0.288356482983,0.304799407721,0.249822080135,0.264748543501,0.290117800236,0.257149785757,0.238770723343,0.255904793739,0.289616435766,0.262474477291,0.289919734001,0.274983167648,0.291262686253,0.305805176497,0.276933968067,0.262717396021,0.298590540886,0.305499821901,0.301214993,0.295840412378,0.262672275305,0.280500173569,0.312529355288,0.273985594511,0.288938075304,0.297477036715,0.304943144321,0.337394982576,0.275766789913,0.294307410717,0.300867855549,0.301765173674,0.26800891757,0.263352751732,0.278885453939,0.246051415801,0.246874049306,0.282508045435,0.291578024626,0.293176323175,0.272001862526,0.263964742422,0.271465212107,0.295113146305,0.273676514626,0.286624014378,0.256828725338,0.291587710381,0.312117666006,0.329189360142,0.313249051571,0.289800316095,0.293171554804,0.284414052963,0.328605681658,0.301218479872,0.293126791716,0.262859404087,0.282348930836,0.293974965811,0.285428464413,0.273187249899,0.286787688732,0.28112757206,0.253929257393,0.299692481756,0.283896416426,0.31299045682,0.2715061903,0.287637025118,0.33537787199,0.289815068245,0.300340265036,0.264291077852,0.27637475729,0.273809731007,0.286391466856,0.291371971369,0.28586819768,0.324642896652,0.245097830892,0.301651299,0.282989025116,0.0206975806504,13.6725654602
SNP_CN_4247730_G1217C_G406A_embB,0.276160567999,0.248111248016,0.261165082455,0.245169505477,0.243773967028,0.27106782794,0.252757579088,0.254566192627,0.268702030182,0.292088150978,0.235660776496,0.280529737473,0.247711479664,0.277388185263,0.254234135151,0.248855933547,0.26917797327,0.248372793198,0.260598361492,0.238654017448,0.242532372475,0.250952422619,0.258979707956,0.274955779314,0.281889110804,0.268002420664,0.273810684681,0.252919375896,0.279209852219,0.238376006484,0.28993088007,0.267671018839,0.26435393095,0.229847356677,0.286443352699,0.262699246407,0.259632527828,0.217512249947,0.251941502094,0.264229893684,0.27944368124,0.243225812912,0.261681288481,0.266366034746,0.287350744009,0.258426606655,0.268193900585,0.300685554743,0.243095010519,0.247115775943,0.274148643017,0.266980648041,0.253627866507,0.241397440434,0.265029966831,0.319402426481,0.234027534723,0.26819396019,0.26098304987,0.24583722651,0.22845505178,0.238002732396,0.256615996361,0.268967747688,0.229247823358,0.263114929199,0.254102766514,0.256212800741,0.260986238718,0.341883182526,0.264222294092,0.278714179993,0.305044412613,0.261749565601,0.252741277218,0.250753313303,0.25366127491,0.260722875595,0.31068405509,0.263648599386,0.288354277611,0.294403791428,0.243572682142,0.253935039043,0.289160519838,0.252439886332,0.257316946983,0.252564877272,0.23074413836,0.301205813885,0.274925261736,0.231407687068,0.305351555347,0.233836963773,0.262931287289,0.291935622692,0.279560238123,0.276070028543,0.242873892188,0.267290323973,0.29043290019,0.281299293041,0.225974857807,0.265238791704,0.248546987772,0.284770816565,0.27555128932,0.288310617208,0.244942441583,0.306394398212,0.264765053988,0.253830552101,0.226739689708,0.273980051279,0.280212491751,0.262102633715,0.26532638073,0.263683855534,0.24144564569,0.262466907501,0.243870362639,0.260902494192,0.273267716169,0.274015933275,0.329806387424,0.239360749722,0.274437874556,0.268870234489,0.250059127808,0.255424797535,0.254062980413,0.249285757542,0.268359869719,0.268524229527,0.270830661058,0.278255522251,0.245245441794,0.30259129405,0.247540324926,0.282231241465,0.288471996784,0.253227859735,0.26308465004,0.270237386227,0.294718503952,0.252724736929,0.279736936092,0.288325548172,0.245851099491,0.25852265954,0.272364526987,0.257891386747,0.241141438484,0.277066022158,0.267057597637,0.253819137812,0.244265571237,0.217437162995,0.279850810766,0.267548948526,0.27446821332,0.240630239248,0.270873934031,0.280045956373,0.248478755355,0.254697024822,0.257298380136,0.276752054691,0.294914215803,0.265853047371,0.251821935177,0.224229902029,0.271282702684,0.250613600016,0.256554722786,0.268333911896,0.230578675866,0.302742123604,0.254343241453,0.257641285658,0.307680755854,0.250687867403,0.266307920218,0.29563999176,0.270170271397,0.263947099447,0.27048394084,0.247493952513,0.250326365232,0.264207780361,0.237080574036,0.265108376741,0.268665671349,0.27961486578,0.267428010702,0.263573020697,0.25291800499,0.266569972038,0.257302463055,0.299617141485,0.260578989983,0.248082429171,0.242692306638,0.244147434831,0.243299931288,0.289368540049,0.258413910866,0.2950912714,0.253461837769,0.290928721428,0.274281084538,0.211208060384,0.258367925882,0.232406675816,0.235752865672,0.273950099945,0.274267166853,0.246865391731,0.30986392498,0.283883452415,0.266631394625,0.234612569213,0.272780299187,0.287339985371,0.250988662243,0.243016809225,0.258823812008,0.264350295067,0.27906486392,0.254786461592,0.257835388184,0.264706432819,0.299349039793,0.305029302835,0.258856862783,0.291140854359,0.243467718363,0.24706672132,0.347115844488,0.24788595736,0.273209691048,0.226215288043,0.252918601036,0.279686063528,0.259671032429,0.223076656461,0.250473231077,0.269652307034,0.242617353797,0.268857210875,0.263786703348,0.0212291609496,12.4256772995
SNP_CN_4249518_A3005G_H1002R_embB,0.225826784968,0.255235880613,0.27056440711,0.256468236446,0.274283707142,0.23596534133,0.284229427576,0.284857809544,0.281294256449,0.27793610096,0.208463817835,0.28356680274,0.216793715954,0.225431442261,0.252914875746,0.245160549879,0.219535052776,0.241214156151,0.190419077873,0.226973548532,0.222373127937,0.291448414326,0.211330458522,0.239626422524,0.224360600114,0.271054774523,0.276121169329,0.273913562298,0.229321584105,0.260069638491,0.239638224244,0.220872044563,0.204694136977,0.202617645264,0.24830339849,0.2395183146,0.201611340046,0.214667364955,0.26933580637,0.227974116802,0.290248185396,0.199512630701,0.279577642679,0.230509847403,0.242979928851,0.222258970141,0.298029124737,0.211117058992,0.277534514666,0.237183615565,0.303933024406,0.276329517365,0.274179309607,0.186643883586,0.215087339282,0.280399441719,0.206183165312,0.251553028822,0.253492772579,0.231160789728,0.205027863383,0.246418476105,0.240852847695,0.282964169979,0.270818978548,0.237914472818,0.261657059193,0.281261414289,0.277482897043,0.252548158169,0.257527530193,0.261316657066,0.246271595359,0.281618446112,0.26845279336,0.238532394171,0.227887883782,0.170726507902,0.30152323842,0.270753145218,0.258893966675,0.277441859245,0.264647156,0.28537184,0.210063114762,0.280784755945,0.24456974864,0.217813819647,0.271771937609,0.242235779762,0.274182319641,0.204251095653,0.23143479228,0.267105549574,0.186695426702,0.245777457952,0.24829813838,0.225855439901,0.220617190003,0.225981816649,0.233964160085,0.227084830403,0.213343650103,0.206920966506,0.210403263569,0.229480013251,0.276258587837,0.249056816101,0.240464866161,0.235591694713,0.200188696384,0.23790858686,0.247689366341,0.240346834064,0.263963222504,0.226788878441,0.221667140722,0.232459321618,0.288341939449,0.178600892425,0.279033839703,0.242481693625,0.233264252543,0.235376775265,0.312188327312,0.265751928091,0.243524909019,0.236739739776,0.243150129914,0.226938009262,0.2316531986,0.271408945322,0.220481157303,0.252841413021,0.239089742303,0.233197137713,0.2279548347,0.283523142338,0.206128954887,0.243708178401,0.262470543385,0.213047266006,0.287013053894,0.261737406254,0.222345620394,0.228429511189,0.20416559279,0.289939552546,0.252030193806,0.300804316998,0.252501726151,0.246119499207,0.219841122627,0.248349606991,0.235492408276,0.271776139736,0.235956430435,0.257969170809,0.231230184436,0.285140812397,0.213767662644,0.266458809376,0.288176745176,0.223946467042,0.252174735069,0.259794324636,0.227595552802,0.250993609428,0.225219324231,0.217208653688,0.20549480617,0.222155213356,0.228076919913,0.270014166832,0.184123933315,0.207524299622,0.272239774466,0.234698385,0.223429396749,0.217789813876,0.284414947033,0.277534812689,0.233472958207,0.205858051777,0.212557584047,0.246283203363,0.243545636535,0.205852538347,0.271582245827,0.231468737125,0.226905092597,0.298756718636,0.239130795002,0.230443283916,0.295490384102,0.240883514285,0.273317992687,0.240103244781,0.289637744427,0.234831720591,0.224418252707,0.215187877417,0.177833244205,0.207956001163,0.25834441185,0.224106609821,0.244384884834,0.217389091849,0.230976074934,0.215718612075,0.231876775622,0.217819213867,0.275041878223,0.216459557414,0.209485113621,0.243489772081,0.210506856441,0.236796990037,0.2384647578,0.254215866327,0.230798333883,0.215471357107,0.228110983968,0.219781279564,0.226366490126,0.259579688311,0.285051494837,0.288675993681,0.22563368082,0.235716164112,0.214417770505,0.250786691904,0.212762400508,0.231270641088,0.231014922261,0.24422249198,0.227169394493,0.22737108171,0.308369725943,0.238488093019,0.199838519096,0.228578940034,0.221183270216,0.210386618972,0.283741593361,0.199690639973,0.218714624643,0.287823349237,0.214995875955,0.23074953258,0.242299094796,0.0282850563526,8.56632900238
SNP_CN_4247729_G1216A_G406S_embB,0.224714130163,0.208096399903,0.182057976723,0.194780424237,0.205007746816,0.208663314581,0.197925657034,0.23154784739,0.233215019107,0.219784244895,0.197138547897,0.239888489246,0.236692905426,0.190228387713,0.184201151133,0.200894117355,0.23916131258,0.230821847916,0.206895291805,0.203845396638,0.231394916773,0.2283821702,0.179700031877,0.24528631568,0.210475474596,0.249924361706,0.243767440319,0.193232864141,0.210810914636,0.205424368382,0.255080342293,0.202078402042,0.274024754763,0.192230299115,0.20203499496,0.240378558636,0.188523679972,0.236249759793,0.263248562813,0.200496852398,0.22153647244,0.174948051572,0.213112533092,0.240365296602,0.22120988369,0.235983133316,0.266590446234,0.204348638654,0.191907554865,0.190750539303,0.251034677029,0.209704399109,0.221499443054,0.19062744081,0.234787687659,0.251851737499,0.197021409869,0.224440261722,0.254557609558,0.205043673515,0.187675774097,0.166025087237,0.229351580143,0.209051474929,0.192180484533,0.206660032272,0.220070078969,0.183732315898,0.220554500818,0.209041893482,0.174105018377,0.256926625967,0.246839597821,0.233513072133,0.215180411935,0.217582195997,0.218712180853,0.218118414283,0.270963400602,0.1786057055,0.287925243378,0.230379462242,0.207911610603,0.260693401098,0.192972898483,0.182901546359,0.237231343985,0.243183344603,0.180626243353,0.321606516838,0.214751601219,0.242181569338,0.216735959053,0.180370286107,0.285048276186,0.198419496417,0.255842536688,0.193441599607,0.220398887992,0.200943127275,0.221270158887,0.236614465714,0.224933117628,0.225496664643,0.221958264709,0.202612534165,0.203397512436,0.223206996918,0.237647920847,0.202782690525,0.207868725061,0.202456265688,0.192459434271,0.231584817171,0.193937316537,0.223925769329,0.196531921625,0.204973563552,0.214481651783,0.186591699719,0.227118566632,0.274811685085,0.223848298192,0.197489112616,0.223799332976,0.208806857467,0.265287905931,0.194527521729,0.234806090593,0.22264687717,0.203280761838,0.196044668555,0.198950737715,0.192839130759,0.250050514936,0.203133240342,0.199936047196,0.240950316191,0.229612469673,0.205352336168,0.239127531648,0.262975871563,0.225340262055,0.200162172318,0.217377439141,0.227268084884,0.234309390187,0.197237357497,0.21927087009,0.271945506334,0.22564893961,0.197104424238,0.183285728097,0.190452024341,0.249395474792,0.243535786867,0.210752412677,0.169867575169,0.198613062501,0.250305205584,0.185870856047,0.213585108519,0.288293391466,0.262495070696,0.153989061713,0.282414406538,0.199965372682,0.208693191409,0.163855731487,0.18724386394,0.214783638716,0.208959817886,0.24715308845,0.250411093235,0.181003242731,0.198669120669,0.198637634516,0.216441184282,0.243296861649,0.222093239427,0.245996311307,0.208052352071,0.20891712606,0.191860720515,0.196583762765,0.216219738126,0.23961904645,0.243076235056,0.196589872241,0.256068229675,0.210628166795,0.2608268857,0.213827118278,0.272001445293,0.1909968853,0.209968477488,0.196790829301,0.237497717142,0.204900175333,0.23545974493,0.23478038609,0.226205468178,0.224560558796,0.210472330451,0.164491310716,0.254429161549,0.227813214064,0.217391073704,0.195936530828,0.196718841791,0.215412661433,0.185463115573,0.263083636761,0.215694203973,0.194822356105,0.243932470679,0.253160327673,0.189068377018,0.201519235969,0.194978162646,0.219593331218,0.211530953646,0.238471120596,0.26312482357,0.197845101357,0.255022376776,0.246275126934,0.220352530479,0.215187743306,0.175642281771,0.219153895974,0.230668962002,0.206068113446,0.197763025761,0.212820708752,0.214134693146,0.208125725389,0.230994597077,0.248060047626,0.202036455274,0.235127091408,0.245014891028,0.199931964278,0.197444498539,0.248306363821,0.212731689215,0.205018103123,0.218772307038,0.1782361269,0.194425806403,0.218326553702,0.026455167681,8.25269985199
SNP_CN_4247574_A1061C_D354A_embB,0.199049696326,0.14864988625,0.150610804558,0.093852750957,0.212585017085,0.172059759498,0.145071461797,0.140376999974,0.166519939899,0.136911645532,0.125477686524,0.191284999251,0.167504295707,0.188307538629,0.169660508633,0.170641839504,0.185765966773,0.210521638393,0.150724768639,0.147970989347,0.202930063009,0.156207412481,0.15733911097,0.150694102049,0.151638537645,0.208005622029,0.220152139664,0.209793969989,0.134903088212,0.227532237768,0.175187155604,0.12043812871,0.167626276612,0.176580071449,0.157539457083,0.189643040299,0.155751496553,0.17076562345,0.15584397316,0.161242216825,0.215599760413,0.145978435874,0.180197879672,0.169241651893,0.129333212972,0.114672869444,0.195823267102,0.143320858479,0.164280518889,0.152759775519,0.17805826664,0.158804699779,0.191981315613,0.163813427091,0.19014954567,0.17968198657,0.177884802222,0.168801531196,0.152871966362,0.193885326385,0.121797561646,0.139439344406,0.144871219993,0.15527099371,0.15374648571,0.170451596379,0.173760026693,0.134867981076,0.176515266299,0.220547348261,0.155530378222,0.20168530941,0.120495446026,0.1577989012,0.143836379051,0.125576376915,0.158850669861,0.226293131709,0.17904523015,0.164794430137,0.137852951884,0.18681974709,0.191250994802,0.142232164741,0.154773339629,0.150138735771,0.167307347059,0.145728394389,0.176810726523,0.153336346149,0.184655889869,0.147199898958,0.146494746208,0.135535985231,0.150274887681,0.155056044459,0.136400133371,0.147853776813,0.197644114494,0.143407195807,0.149387851357,0.147957101464,0.131237715483,0.167656868696,0.188777208328,0.159761399031,0.125370666385,0.174814194441,0.145728677511,0.162517383695,0.185955002904,0.223204091191,0.126048192382,0.122189104557,0.181605070829,0.137331366539,0.148496434093,0.204118937254,0.1656267941,0.149769023061,0.152766898274,0.16680072248,0.162056058645,0.177676692605,0.137926712632,0.15035764873,0.237744659185,0.12878908217,0.154351890087,0.136162385345,0.203456044197,0.12154327333,0.166741088033,0.13682410121,0.170757696033,0.154456526041,0.140257671475,0.18932890892,0.144833639264,0.140011698008,0.19845995307,0.176758617163,0.125300019979,0.179750278592,0.131320595741,0.153109177947,0.137621566653,0.213637501001,0.166082307696,0.175671249628,0.148947894573,0.181511551142,0.147655710578,0.162638813257,0.140588030219,0.185241937637,0.169029861689,0.150863811374,0.162393286824,0.166558891535,0.143249392509,0.140863209963,0.148597434163,0.150402873755,0.148296654224,0.178406611085,0.165542945266,0.151877313852,0.14543056488,0.144119143486,0.194900870323,0.15999956429,0.171165168285,0.143580913544,0.15914554894,0.129326552153,0.186576411128,0.195599377155,0.164786577225,0.132646083832,0.13338111341,0.122225232422,0.105303011835,0.174196839333,0.134243637323,0.209136620164,0.189774692059,0.176802366972,0.189986884594,0.145429477096,0.13975957036,0.174944832921,0.13907212019,0.173461556435,0.125348210335,0.183417037129,0.120425060391,0.150497958064,0.162159010768,0.155212298036,0.204958170652,0.12869296968,0.16449610889,0.166037544608,0.155832991004,0.191590443254,0.161186113954,0.135011747479,0.171250745654,0.237152650952,0.135600343347,0.182474926114,0.189183533192,0.135583564639,0.138013675809,0.182479828596,0.152830839157,0.161460235715,0.181696087122,0.170782595873,0.154755160213,0.143026858568,0.14164827764,0.157565280795,0.206097453833,0.163582652807,0.136795327067,0.218496575952,0.148427411914,0.160702720284,0.150807648897,0.164516597986,0.155364573002,0.163523361087,0.138156473637,0.1340778023,0.159076228738,0.228059187531,0.160961002111,0.153203621507,0.156766235828,0.128682494164,0.155918762088,0.186233013868,0.160071447492,0.153077796102,0.153352022171,0.0884837433696,0.149984672666,0.149194896221,0.161744788289,0.0258808750659,6.24958753586
SNP_CN_409569_G208A_A70T_iniB,0.237850293517,0.256436496973,0.187947750092,0.206563711166,0.189987033606,0.173405885696,0.142689704895,0.223015487194,0.195273339748,0.163970828056,0.181735232472,0.139701709151,0.187893748283,0.155168712139,0.210704281926,0.156920552254,0.190543398261,0.215250775218,0.206383660436,0.177886798978,0.194869235158,0.210886329412,0.18430274725,0.1858510077,0.173978179693,0.207162767649,0.140019893646,0.225757688284,0.150220811367,0.184311270714,0.18185994029,0.152633607388,0.14348039031,0.178193509579,0.203376308084,0.186954453588,0.172416910529,0.157008826733,0.147638574243,0.207746297121,0.149899318814,0.267071932554,0.186884447932,0.184030860662,0.188419565558,0.267274200916,0.192098394036,0.269942373037,0.159530699253,0.137421950698,0.240218356252,0.215831965208,0.198624625802,0.210582822561,0.192678526044,0.193147942424,0.149212539196,0.229328483343,0.268941313028,0.200338214636,0.175179839134,0.178632497787,0.22475874424,0.200177624822,0.195295259356,0.1467512995,0.215348571539,0.174449920654,0.230074241757,0.232300713658,0.193635568023,0.217715397477,0.10128403455,0.179037883878,0.216154798865,0.163417011499,0.169256478548,0.185397446156,0.266584545374,0.175083130598,0.203568980098,0.223413869739,0.263925999403,0.167509779334,0.149511367083,0.25138515234,0.169505238533,0.143843069673,0.232631757855,0.154192328453,0.175249859691,0.200907588005,0.212125331163,0.191941067576,0.164812609553,0.217927664518,0.171099916101,0.232746228576,0.21073615551,0.174617648125,0.199407204986,0.176420390606,0.226151585579,0.156603962183,0.185074105859,0.141539126635,0.24116243422,0.214690864086,0.327816784382,0.152027130127,0.156611546874,0.240323275328,0.236822322011,0.233385145664,0.232221677899,0.227577835321,0.206275224686,0.16478267312,0.217809975147,0.198458313942,0.19876408577,0.165688753128,0.190139517188,0.181965559721,0.205292955041,0.22238175571,0.244454219937,0.197927266359,0.248791947961,0.163266807795,0.153183922172,0.19911596179,0.172701239586,0.193655878305,0.209585860372,0.178608372808,0.233680158854,0.171259850264,0.152495890856,0.218284472823,0.21961414814,0.231543779373,0.192673146725,0.197549492121,0.211788132787,0.190485849977,0.195668444037,0.198989719152,0.183562725782,0.205879360437,0.22543656826,0.248068198562,0.151600927114,0.154231771827,0.169540464878,0.217596009374,0.185556396842,0.206626430154,0.174278199673,0.21974362433,0.235764369369,0.183921813965,0.174877986312,0.189719229937,0.168535560369,0.243525311351,0.235337346792,0.226002708077,0.21697857976,0.161206588149,0.216119065881,0.174330040812,0.207323491573,0.208014428616,0.175644874573,0.125211372972,0.236122235656,0.187524706125,0.230344951153,0.189402252436,0.210514336824,0.242223694921,0.197910577059,0.116798616946,0.168749049306,0.220004111528,0.240608215332,0.154902398586,0.156834304333,0.246335834265,0.189963936806,0.196381807327,0.239961996675,0.206918776035,0.26695945859,0.199932903051,0.225424930453,0.177409082651,0.229206189513,0.168719127774,0.228862762451,0.25643107295,0.227940455079,0.157330229878,0.223692446947,0.20536249876,0.213420659304,0.228338032961,0.187321186066,0.18807195127,0.154173776507,0.19178314507,0.159458860755,0.20493209362,0.156207486987,0.205794781446,0.195373162627,0.258288294077,0.186302095652,0.200927004218,0.160017237067,0.147717371583,0.161303043365,0.232158258557,0.191305369139,0.228921428323,0.273043721914,0.172101721168,0.196003094316,0.210896879435,0.230973929167,0.260432928801,0.264094054699,0.179477676749,0.215207725763,0.163466662169,0.204530805349,0.147292017937,0.214360237122,0.177930995822,0.173932492733,0.208780750632,0.182453647256,0.179177716374,0.170209750533,0.185058966279,0.219913691282,0.224983364344,0.217212110758,0.15298050642,0.197104513645,0.0335882306099,5.86826133728
SNP_CN_4243392_A160G_N54D_embA,0.0257765427232,0.0228907000273,0.0206168927252,0.0243207309395,0.0488413497806,0.0457682386041,0.0315355062485,0.0413705520332,0.0297158136964,0.0181549098343,0.0333622694016,0.0345428735018,0.0220404770225,0.0452330112457,0.0186620485038,0.0286217126995,0.0260019879788,0.0368243157864,0.0439887158573,0.0182636994869,0.0273559838533,0.0423671752214,0.0190810803324,0.0415949709713,0.016612874344,0.0298873223364,0.0411337502301,0.0258936379105,0.0362597331405,0.0275434330106,0.056986130774,0.0313900411129,0.033488098532,0.0290022771806,0.0349649637938,0.0367392413318,0.0360973402858,0.0445182397962,0.0237708613276,0.0190294999629,0.0371106602252,0.0296886507422,0.028155753389,0.0209105182439,0.0440114587545,0.0225444417447,0.0414474196732,0.0227485224605,0.0297639630735,0.0333164595068,0.0131805054843,0.0202132500708,0.0274264365435,0.0228547584265,0.0319745950401,0.0146065475419,0.0367014929652,0.0337897799909,0.0291087646037,0.0259919390082,0.0314585380256,0.0233097951859,0.0406307019293,0.0361559875309,0.0155723588541,0.0386337116361,0.0270842220634,0.0414261296391,0.050813883543,0.0612237080932,0.0435619279742,0.0351954735816,0.034563858062,0.0284307636321,0.0369429029524,0.0442164540291,0.0286595355719,0.0272354334593,0.0457049049437,0.0435559153557,0.0362874791026,0.0408245809376,0.0262324847281,0.0324819423258,0.0325309596956,0.0323467105627,0.0340562239289,0.0309544485062,0.036933131516,0.0306797400117,0.0345438718796,0.0449781157076,0.0657744407654,0.0390704236925,0.0239650812,0.012561400421,0.0302676279098,0.0236894432455,0.014773985371,0.0430380217731,0.0345102325082,0.0226665828377,0.0151441767812,0.0287130605429,0.0389241725206,0.0342864319682,0.0361212007701,0.040769405663,0.0160782430321,0.024094061926,0.0282121729106,0.0187036208808,0.0311775282025,0.0541862770915,0.0339935421944,0.0309851951897,0.0332610793412,0.0452217012644,0.0454096347094,0.0223338156939,0.0268423650414,0.0249468870461,0.0261078830808,0.0374901145697,0.0282303001732,0.0233544148505,0.0231189597398,0.0306508727372,0.0374219790101,0.030478367582,0.0433202125132,0.0344203561544,0.0309507511556,0.0123201394454,0.0284842923284,0.0152888447046,0.0397075302899,0.0422524660826,0.0377693995833,0.0324723981321,0.0486464165151,0.0179674904794,0.0281188227236,0.0323029048741,0.0326407700777,0.0508620738983,0.0390621460974,0.0288190897554,0.0100360205397,0.037141956389,0.0428229086101,0.0380823090672,0.0321032442153,0.0337584353983,0.0275533366948,0.0306640584022,0.0340404808521,0.0325601696968,0.0377737544477,0.0416425876319,0.0365159995854,0.0334342978895,0.0409428477287,0.026987195015,0.0300836730748,0.0342973768711,0.0324727222323,0.0248050056398,0.027512088418,0.019280185923,0.0366825014353,0.0231997650117,0.0318341888487,0.0339921079576,0.0305716134608,0.0208447482437,0.04430789873,0.0174470748752,0.0372203141451,0.0346914380789,0.0342907607555,0.0282801166177,0.0316969677806,0.0228258222342,0.0374151840806,0.0327378287911,0.0339456573129,0.0247971303761,0.0319301821291,0.0385987274349,0.0239134263247,0.0336787886918,0.0276433564723,0.0467282161117,0.033350482583,0.0447047613561,0.0110220685601,0.0416436418891,0.0394650734961,0.0388504862785,0.0324392840266,0.0261330679059,0.0213297307491,0.0498394332826,0.0341623164713,0.0355509109795,0.0583502687514,0.0220577083528,0.0375168174505,0.0232458487153,0.0173423103988,0.0250640027225,0.0418971590698,0.0255714859813,0.0403980910778,0.0380215570331,0.0327623188496,0.0522131621838,0.0223013292998,0.0395376570523,0.0333955660462,0.0372113846242,0.021467378363,0.0431811064482,0.02996041812,0.0332411117852,0.0288301892579,0.0435356795788,0.0288279503584,0.0181036088616,0.0344774797559,0.0353952422738,0.0248141214252,0.0333549119532,0.0503248237073,0.0344465151429,0.0199250336736,0.0234788563102,0.0147133693099,0.0268998108804,0.0416127890348,0.0347602143884,0.0410567186773,0.0455806180835,0.0321151763201,0.026909019798,0.037894167006,0.0391918160021,0.0230522807688,0.0376984663308,0.0323160476983,0.00944473594427,3.42159366608
SNP_CN_4242182_G2320T_A774S_embC,0.0710415542126,0.10364561528,0.113364972174,0.0596572682261,0.0767046585679,0.0873389095068,0.0457792468369,0.0978194996715,0.102019369602,0.0921255499125,0.0777518674731,0.0309553984553,0.0345935449004,0.0616523064673,0.0677637457848,0.0546524301171,0.113028302789,0.0634447783232,0.0672942474484,0.0786230117083,0.0907236114144,0.105334378779,0.0074238604866,0.0774508416653,0.0450251847506,0.0731475502253,0.0652171000838,0.0741056725383,0.112386539578,0.0519644394517,0.0877164229751,0.0874879062176,0.0827628970146,0.0503630451858,0.0656337141991,0.074080966413,0.0850385650992,0.0855682119727,0.0598643310368,0.0644403472543,0.0799221843481,0.0866717174649,0.0857103541493,0.0839260369539,0.0770002380013,0.105578526855,0.035758446902,0.0727705881,0.0705009847879,0.0858432799578,0.0892348662019,0.0903235375881,0.106507360935,0.013725140132,0.104972407222,0.0313265994191,0.0882590711117,0.11694406718,0.0822390839458,0.0506542511284,0.0521958805621,0.111896149814,0.0894344449043,0.0730026587844,0.082621961832,0.063670925796,0.0571475066245,0.0794598758221,0.0431189909577,0.0897058546543,0.0466590933502,0.098434753716,0.0847848653793,0.0966616943479,0.0634235963225,0.0787176638842,0.0243039932102,0.0997616201639,0.102945312858,0.102747038007,0.100282855332,0.0536585375667,0.072083555162,0.065848313272,0.0759709253907,0.0810140222311,0.0901820361614,0.0568998008966,0.0856453254819,0.116395540535,0.051651738584,0.0402574762702,0.0792923867702,0.0648451223969,0.0632675886154,0.0911411270499,0.0778332427144,0.0755521357059,0.0663733109832,0.0599358975887,0.0603262744844,0.0823161378503,0.0778300687671,0.125933751464,0.0801049619913,0.112512372434,0.0529520735145,0.0949153900146,0.0749209076166,0.110676027834,0.103559292853,0.0942614674568,0.106088101864,0.0620631687343,0.107420913875,0.0976539999247,0.0879459902644,0.0923480764031,0.113340698183,0.0807631239295,0.10522185266,0.0931789577007,0.0715665966272,0.0550581514835,0.0441152341664,0.0663571283221,0.0910428315401,0.0578155368567,0.0807514041662,0.0778473690152,0.0638898462057,0.0924258828163,0.0781095921993,0.0748188495636,0.0581917688251,0.0341984853148,0.072676345706,0.05691607669,0.0848798602819,0.105910331011,0.0451212823391,0.0790251195431,0.0996448919177,0.0833626240492,0.0865553766489,0.0490131415427,0.034721173346,0.0467325858772,0.0462721958756,0.0771434009075,0.0612876228988,0.112636879086,0.0633519440889,0.035648342222,0.0467359162867,0.080334700644,0.0343818031251,0.0487653389573,0.028968360275,0.0813912376761,0.116632819176,0.060091599822,0.104641839862,0.0676439628005,0.0600903779268,0.0624471195042,0.0956003665924,0.0861339792609,0.0546781010926,0.115074768662,0.0931031480432,0.0902592614293,0.0409079939127,0.0822423323989,0.0754614621401,0.0200910866261,0.0646788403392,0.0566919371486,0.0766502022743,0.0442797057331,0.0855213627219,0.0794600248337,0.083526596427,0.0732425898314,0.0573551803827,0.0852394104004,0.0699270218611,0.103101417422,0.0702278986573,0.123022437096,0.0874765589833,0.0560918860137,0.129609540105,0.123946271837,0.0637435317039,0.117910765111,0.106789797544,0.018177183345,0.0405308157206,0.0862819030881,0.056863296777,0.0861142128706,0.0774484053254,0.043232511729,0.0589845776558,0.0331462882459,0.0778158679605,0.0870146080852,0.112851522863,0.0647922605276,0.0754639580846,0.0753152891994,0.0555492565036,0.0798404738307,0.0793404728174,0.0621822290123,0.0891981348395,0.0206758789718,0.123311810195,0.113152392209,0.0806308537722,0.0910536497831,0.118065401912,0.10077252984,0.0932092964649,0.0892455130816,0.0664178729057,0.0305160675198,0.0850505456328,0.0114523246884,0.0528989285231,0.0855810642242,0.0873460993171,0.0861521586776,0.099478803575,0.0945326238871,0.124074846506,0.0433198697865,0.0995533466339,0.0714539065957,0.0841524079442,0.056994240731,0.0893826782703,0.0748975872993,0.0864107608795,0.0901028811932,0.0955290570855,0.0954101979733,0.0709526836872,0.0856179893017,0.0763072520494,0.0240081790835,3.17838573456
SNP_CN_4249583_G3070A_D1024N_embB,0.0924696624279,0.0986013785005,0.0789306759834,0.118200093508,0.231146857142,0.191763699055,0.120751813054,0.143124490976,0.239750802517,0.174892380834,0.179502397776,0.116251267493,0.137311667204,0.177381902933,0.0698194727302,0.178203687072,0.0683790072799,0.0986448973417,0.216572165489,0.119266182184,0.245502352715,0.132562294602,0.142867311835,0.167183890939,0.132657065988,0.0821396782994,0.167487576604,0.187455326319,0.206373244524,0.0622039325535,0.198954552412,0.241968646646,0.142044767737,0.211520150304,0.186563506722,0.162535056472,0.204205110669,0.126632302999,0.119162023067,0.200715050101,0.122711420059,0.162420973182,0.185368582606,0.191037744284,0.103334844112,0.0751154646277,0.0602912418544,0.211477562785,0.232916027308,0.109611786902,0.0932844951749,0.153615355492,0.0845734775066,0.0763136073947,0.0832464247942,0.0824526101351,0.126716852188,0.193738952279,0.0694751888514,0.198026314378,0.145232722163,0.130710139871,0.0607338361442,0.117190688848,0.012249997817,0.167831152678,0.142025083303,0.116626210511,0.128382563591,0.108243472874,0.135423347354,0.135302037001,0.127554967999,0.131854474545,0.0817105323076,0.183051899076,0.160825952888,0.139180585742,0.18900693953,0.110595531762,0.143474549055,0.146576732397,0.142314389348,0.149557873607,0.0855755954981,0.203202292323,0.0757428556681,0.0984227359295,0.163139253855,0.150303825736,0.194506749511,0.139313548803,0.0753273889422,0.211757972836,0.116829842329,0.148267135024,0.174531430006,0.218381270766,0.113919943571,0.211434900761,0.171435430646,0.123575568199,0.180490240455,0.13872140646,0.211012035608,0.141781941056,0.0787994414568,0.209721654654,0.224487543106,0.0775840729475,0.124705500901,0.145366132259,0.215646475554,0.166404113173,0.0979132130742,0.187120392919,0.0587795525789,0.125416249037,0.155248999596,0.131770268083,0.182415485382,0.181369557977,0.152453631163,0.160421282053,0.111603066325,0.138437867165,0.116436727345,0.157106116414,0.139599055052,0.122724615037,0.17333304882,0.119528435171,0.145296141505,0.253341883421,0.0981272384524,0.119544602931,0.0941959246993,0.22008189559,0.147111520171,0.0899014100432,0.145585715771,0.12520506978,0.150411844254,0.110674537718,0.105773083866,0.100630521774,0.153583690524,0.102431200445,0.153114631772,0.157383024693,0.244285643101,0.103845976293,0.0140711627901,0.0394613519311,0.0852845907211,0.141744062304,0.132663473487,0.0945877805352,0.146190449595,0.210247322917,0.0678500309587,0.138037055731,0.163974896073,0.054482806474,0.17228217423,0.149304106832,0.207289665937,0.139861911535,0.0846590101719,0.161424472928,0.0914986208081,0.126669764519,0.085997492075,0.105979911983,0.116249032319,0.129774153233,0.225443825126,0.132202267647,0.138381421566,0.115553207695,0.160381630063,0.0646336376667,0.0935086756945,0.253870487213,0.076143398881,0.272173285484,0.258203536272,0.182263985276,0.0875040218234,0.140679433942,0.151877343655,0.152389585972,0.0831383168697,0.234846130013,0.240994855762,0.179291248322,0.172105967999,0.113760448992,0.1142424196,0.154021203518,0.080975741148,0.151258245111,0.155962362885,0.11591757834,0.171166047454,0.182772368193,0.155036821961,0.0724312216043,0.178467944264,0.141382098198,0.120215602219,0.172034591436,0.140124291182,0.136585831642,0.225594758987,0.125909224153,0.159039378166,0.161947667599,0.234293654561,0.141960039735,0.155675858259,0.0916429758072,0.270275264978,0.161771059036,0.150581374764,0.20920497179,0.127254247665,0.133547738194,0.074874073267,0.184204399586,0.148299053311,0.167410537601,0.218243151903,0.109157249331,0.179106429219,0.167283982038,0.132070079446,0.085971146822,0.192538410425,0.0954432934523,0.144625991583,0.115621268749,0.0726438760757,0.0985029116273,0.199712663889,0.0970370471478,0.122609548271,0.0625932067633,0.144872277975,0.137088358402,0.142983168364,0.0491303019226,2.91028475761
SNP_CN_4247729_G1216T_G406C_embB,0.210491135716,0.153842836618,0.216907352209,0.170141071081,0.145975649357,0.226261258125,0.23112373054,0.0196262802929,0.238561436534,0.16251078248,0.195981740952,0.24532559514,0.218738049269,0.231499359012,0.150516569614,0.152175322175,0.208750933409,0.159033298492,0.170398190618,0.225982218981,0.159103274345,0.163069978356,0.16990852356,0.157653078437,0.160071477294,0.21550115943,0.15775988996,0.141580790281,0.230484992266,0.204462572932,0.158259794116,0.205111384392,0.201137438416,0.209132954478,0.181632474065,0.0,0.16476534307,0.207861125469,0.016295671463,0.175516739488,0.178307235241,0.162908405066,0.158140301704,0.224801644683,0.00898682326078,0.215406388044,0.248082637787,0.222489371896,0.173667579889,0.227799713612,0.0,0.0,0.160616666079,0.174767881632,0.217726141214,0.172907546163,0.211739912629,0.249498069286,0.246410146356,0.186737939715,0.167111307383,0.164698421955,0.150798454881,0.0113855181262,0.180343717337,0.242336168885,0.136179387569,0.218836113811,0.222603186965,0.181920230389,0.222135946155,0.256907939911,0.232355818152,0.219647556543,0.150506809354,0.226323083043,0.16307322681,0.140051349998,0.176736146212,0.219694122672,0.237419649959,0.236058458686,0.155157908797,0.231717363,0.202796965837,0.0113309277222,0.15945571661,0.231631278992,0.214946746826,0.185886651278,0.0137969199568,0.211914107203,0.14792701602,0.226301282644,0.226795315742,0.22819852829,0.186621069908,0.185427069664,0.208607509732,0.200748190284,0.154893398285,0.170301899314,0.0,0.158556446433,0.206280395389,0.00606738729402,0.147137492895,0.224448740482,0.16725628078,0.183675289154,0.229923531413,0.228756129742,0.156814575195,0.17584271729,0.176475599408,0.162422478199,0.181480750442,0.163708403707,0.222396865487,0.20148062706,0.22983546555,0.237853705883,0.0207043010741,0.229535669088,0.26629036665,0.211515665054,0.180669009686,0.219015821815,0.176829114556,0.229453831911,0.174866989255,0.216768443584,0.163354441524,0.167334258556,0.152990013361,0.237284734845,0.222139686346,0.176158443093,0.205808222294,0.0204102881253,0.172668486834,0.154564157128,0.168621078134,0.151818022132,0.169072657824,0.180461838841,0.223467946053,0.179524630308,0.196283057332,0.193943738937,0.236426949501,0.232810199261,0.0330539755523,0.240416437387,0.178003698587,0.199622035027,0.236548483372,0.218397706747,0.174963966012,0.161550045013,0.1545856148,0.162473335862,0.222148880363,0.154339045286,0.162273272872,0.149806529284,0.221336752176,0.202609717846,0.134365066886,0.0,0.205666229129,0.0,0.183456599712,0.143570140004,0.153863012791,0.143481895328,0.223426058888,0.154020339251,0.155208468437,0.0320167019963,0.235714524984,0.173846572638,0.15716843307,0.208425432444,0.169802874327,0.145085349679,0.177963718772,0.174448415637,0.210811302066,0.243933528662,0.198445826769,0.20593225956,0.233211457729,0.229189485312,0.0,0.184577196836,0.0,0.234998270869,0.247521728277,0.16865965724,0.176995292306,0.15779106319,0.208375528455,0.150236919522,0.151986479759,0.249087080359,0.137973338366,0.175354525447,0.154498964548,0.235482797027,0.191104874015,0.223610401154,0.239678367972,0.176357924938,0.203735083342,0.241721183062,0.155087187886,0.180573046207,0.188014551997,0.238487824798,0.158751398325,0.157557189465,0.149680241942,0.0459141470492,0.233123660088,0.214143529534,0.185067757964,0.179006785154,0.153760954738,0.219997406006,0.021418588236,0.232922405005,0.0,0.182699844241,0.158114135265,0.227420181036,0.204079985619,0.171452254057,0.174557238817,0.168406695127,0.0234358496964,0.22764018178,0.152983769774,0.202720820904,0.215981960297,0.217015609145,0.226934477687,0.236190229654,0.152386054397,0.160296082497,0.17619073391,0.0606636293232,2.90438818932
SNP_P_4243225_C8T_promoter_embA.embB,0.087783202529,0.123390451074,0.0417887866497,0.239543482661,0.0962169542909,0.103086620569,0.182105436921,0.106581516564,0.234300374985,0.0489373169839,0.0869960933924,0.22193312645,0.0418832302094,0.124020755291,0.0550099536777,0.0638243407011,0.192997157574,0.0719246044755,0.155400291085,0.184163570404,0.0274190772325,0.195559903979,0.0769233703613,0.109238736331,0.13475805521,0.0860626474023,0.179592266679,0.0904773920774,0.0087831504643,0.238611936569,0.0973283275962,0.00136191921774,0.0873215869069,0.139771580696,0.0343502610922,0.192145764828,0.0664822906256,0.100402012467,0.0429246164858,0.145142257214,0.0933805555105,0.068518795073,0.0639293193817,0.00585749885067,0.0542334280908,0.0810765698552,0.166589617729,0.0757162570953,0.123433299363,0.188998505473,0.102041617036,0.129365280271,0.152790591121,-0.151294752955,0.173093095422,0.262515902519,0.195223420858,0.105231389403,0.0362395308912,0.161799222231,0.0997312515974,0.0993386730552,0.0525556989014,0.0503112450242,0.257202059031,0.14342418313,-0.122733637691,0.18061555922,0.0345202237368,0.12812949717,0.0886130854487,0.111248746514,0.131353870034,0.0723039805889,0.115932352841,0.118869557977,0.127916797996,0.0776831135154,0.152525112033,0.218558400869,0.235085949302,0.165050178766,0.082690179348,0.0246757436544,0.0540022999048,0.185085564852,0.162500083447,0.0165131576359,0.152649715543,0.15365806222,0.149474367499,0.0660535171628,0.0954161509871,0.12097569555,0.130968943238,0.211621209979,0.0962512642145,0.0934643223882,0.201699391007,0.0772116631269,0.0574285201728,-0.048368204385,0.0850764885545,0.0869691297412,0.121039092541,0.124459423125,0.0979264900088,0.197583511472,0.151507228613,0.0954038128257,0.105552963912,0.0929579660296,-0.0114112040028,0.232599154115,0.147469490767,0.114723324776,0.15347853303,-0.132045209408,0.228745132685,0.192858695984,0.184544429183,0.136574342847,0.130839750171,0.0890220850706,0.148472696543,0.0515356436372,0.0663846805692,0.131431639194,0.170440450311,0.175950169563,0.163096934557,0.0597122311592,0.136276423931,0.131314441562,0.0792267620564,0.159603625536,0.246799975634,0.164355278015,0.085345633328,0.0946278497577,0.0965813696384,0.169627204537,0.131806150079,0.139505654573,0.0870859399438,-0.035881511867,-0.110321447253,0.228163689375,0.145361751318,0.104969367385,0.0708745792508,0.161997973919,0.0559503771365,0.110970884562,0.198233947158,0.110236674547,0.0500082820654,0.0591824315488,0.0649857148528,0.0242207553238,0.0730457827449,0.0907096043229,0.100557900965,0.129370436072,0.116869419813,0.222829386592,0.0908895134926,0.0563005208969,0.205850079656,0.186151027679,0.078549683094,0.110382482409,0.092727124691,0.15087094903,0.157851427794,0.147172987461,0.195366963744,0.113363370299,0.196703627706,0.115323886275,0.135587155819,0.139280185103,0.151625961065,0.0957157239318,0.183432891965,0.168389737606,-0.133029133081,0.136545777321,0.122501134872,0.12826782465,0.178405985236,0.244611114264,0.155879482627,0.157107308507,0.0751736909151,0.202074095607,0.121305964887,0.237931549549,0.169638469815,0.138493254781,0.160842970014,0.0774707272649,-0.0312087461352,0.228013649583,0.0575946122408,0.19203813374,0.151534423232,0.101766362786,0.134688645601,0.129398927093,0.247004538774,0.026439268142,0.151850998402,0.0739776343107,-0.0548241771758,0.188288226724,0.0510450154543,0.0918746069074,0.16520537436,0.134590998292,0.0889189988375,0.177401542664,0.0850945115089,0.0699745640159,0.177654355764,0.0935048833489,0.141252979636,0.209657415748,0.0879140496254,0.0352133177221,0.138519793749,0.0928675159812,0.174253791571,-0.00116492423695,0.113448679447,-0.0235831197351,0.0545954145491,0.238774314523,0.0412666611373,0.0865936055779,0.167591094971,0.0853478386998,0.170711904764,0.13176253438,0.195013150573,0.204086482525,0.172582566738,0.268277496099,0.142827883363,0.0118875019252,0.116524666548,0.07136079669,1.63289475441
