SNP_CN_4247429_A916G_M306V_embB,0.163034452085
SNP_CN_4247431_G918A_M306I_embB,0.106187212892
SNP_CN_4247431_G918C_M306I_embB,0.058744160478
SNP_CN_4247730_G1217C_G406A_embB,0.0381054490672
SNP_CN_4248003_A1490G_Q497R_embB,0.0380848057481
SNP_CN_414042_C1286G_S429W_iniC,0.0219792905977
SNP_CN_4247574_A1061C_D354A_embB,0.0209707463919
SNP_CN_4247729_G1216A_G406S_embB,0.020747759896
SNP_CN_4248725_T2212G_S738A_embB,0.0204945463814
SNP_CN_413903_T1147C_Y383H_iniC,0.0192391611762
SNP_CN_4242803_G2941C_V981L_embC,0.019084172812
SNP_CN_4242425_C2563G_R855G_embC,0.0187744642898
SNP_CN_409569_G208A_A70T_iniB,0.0187479746221
SNP_CN_4247402_T889G_S297A_embB,0.0179424539029
SNP_CN_4242182_G2320T_A774S_embC,0.0174895818831
SNP_CN_4247730_G1217A_G406D_embB,0.0170245731639
SNP_CN_4247431_G918T_M306I_embB,0.0153271565622
SNP_CN_4249583_G3070A_D1024N_embB,0.0137033007928
SNP_CN_4247429_A916C_M306L_embB,0.0126453030068
SNP_CN_4249518_A3005G_H1002R_embB,0.0121093658578
SNP_CN_4246423_T3191G_V1064G_embA,0.0115093300576
SNP_P_4243221_C12T_promoter_embA.embB,0.0113176186152
SNP_CN_414041_T1285G_S429A_iniC,0.0104033133208
SNP_CN_4245961_A2729G_Q910R_embA,0.00989601582354
SNP_P_4243225_C8T_promoter_embA.embB,0.00954212848428
SNP_CN_4249757_A3244G_T1082A_embB,0.00953331286117
SNP_CN_4243392_A160G_N54D_embA,0.00923553738517
SNP_P_4243217_C16T_promoter_embA.embB,0.00849692721873
SNP_P_4243222_C11A_promoter_embA.embB,0.00832143767779
SNP_CN_4248002_C1489A_Q497K_embB,0.00804968669412
SNP_P_4243217_C16G_promoter_embA.embB,0.0080289593398
SNP_CN_4242075_G2213A_R738Q_embC,0.00778413773603
SNP_CN_412017_C1180G_Q394E_iniA,0.00745573700772
SNP_CN_4247495_G982T_D328Y_embB,0.00743719982986
SNP_CN_4247469_A956G_Y319C_embB,0.00738116247311
SNP_CN_410962_A125G_H42R_iniA,0.00706937388284
SNP_CN_412339_C1502G_S501W_iniA,0.00653293317855
SNP_CN_4247861_A1348C_I450L_embB,0.00637063920592
SNP_CN_4247469_A956C_Y319S_embB,0.00611056429919
SNP_P_409296_C66T_promoter_iniB.iniA.iniC,0.00609883284097
SNP_CN_4245055_C1823A_T608N_embA,0.00583705413883
SNP_CN_4242303_T2441A_L814Q_embC,0.00576536540437
SNP_CN_4242369_G2507C_R836P_embC,0.00510608686072
SNP_CN_412689_A1852G_S618G_iniA,0.00486731883345
SNP_P_4243190_G43C_promoter_embA.embB,0.00476215069954
SNP_P_4243217_C16A_promoter_embA.embB,0.00469500360663
SNP_CN_4248441_C1928T_T643I_embB,0.00409854397498
SNP_CN_4247729_G1216T_G406C_embB,0.00394907546922
SNP_CN_4247496_A983G_D328G_embB,0.00381221307921
SNP_I_414336_G45A_inter_iniC_lpqJ,0.00362417558145
SNP_CN_411582_G745A_A249T_iniA,0.00340300184902
SNP_CN_4245969_C2737T_P913S_embA,0.00337866714702
SNP_P_409360_A2C_promoter_iniB.iniA.iniC,0.00329816766685
SNP_CZ_413819_C1063T_Q355._iniC,0.00317570726954
SNP_CN_4246734_T221C_L74P_embB,0.00310659717585
SNP_CN_4241042_A1180G_N394D_embC,0.00307774738543
SNP_P_409297_A65G_promoter_iniB.iniA.iniC,0.00301653481958
SNP_CN_413747_G991A_G331R_iniC,0.00300075088874
SNP_CN_409906_C545T_A182V_iniB,0.00294852331221
SNP_CN_4247553_G1040T_S347I_embB,0.00285582102572
SNP_CN_4247847_A1334G_Q445R_embB,0.00278325656079
SNP_CN_4242822_T2960G_V987G_embC,0.00273024585595
SNP_CN_4246085_G2853T_E951D_embA,0.00271365975535
SNP_CN_4247646_A1133C_E378A_embB,0.0026917649892
SNP_CN_4247728_G1215C_E405D_embB,0.00266019419831
SNP_CN_4241358_C1496A_A499D_embC,0.00261260820999
SNP_CN_4249071_A2558C_Q853P_embB,0.0024745327277
SNP_CN_4247429_A916T_M306L_embB,0.00244259578502
SNP_CN_4243848_G616A_V206M_embA,0.00232490413022
SNP_CN_4249773_G3260A_G1087D_embB,0.00224121771878
SNP_CN_411958_C1121T_A374V_iniA,0.00215605672616
SNP_CN_4248437_A1924G_T642A_embB,0.00213222604994
SNP_CN_4246970_A457T_T153S_embB,0.00209179132747
SNP_CN_4239891_T29C_I10T_embC,0.00198250622672
SNP_CN_4245025_A1793G_H598R_embA,0.00198030328643
SNP_P_4243218_C15G_promoter_embA.embB,0.0019726794
SNP_CN_4248315_C1802G_A601G_embB,0.00195822591159
SNP_CN_4244958_G1726A_A576T_embA,0.00188806548958
SNP_CN_4243963_T731G_V244G_embA,0.00187092284886
SNP_CN_412280_T1443G_H481Q_iniA,0.00179779076161
SNP_CN_4241562_G1700A_R567H_embC,0.00172289734641
SNP_CN_4244668_T1436G_V479G_embA,0.00172057125841
SNP_CN_4240671_C809T_T270I_embC,0.00169350673727
SNP_CN_411928_T1091G_V364G_iniA,0.00166780065487
SNP_CN_4240172_G310A_V104M_embC,0.00157921466053
INS_CF_409548_i186G_63_iniB,0.00155583085455
SNP_CN_411934_G1097A_G366D_iniA,0.00150780395339
SNP_CN_4245961_A2729C_Q910P_embA,0.0014699075617
SNP_CN_4247972_A1459G_T487A_embB,0.0014620390652
SNP_CN_409516_G155T_G52V_iniB,0.00142002342286
SNP_P_4243222_C11T_promoter_embA.embB,0.00138686002664
SNP_CN_413727_C971T_A324V_iniC,0.00138506296285
SNP_CN_4249512_T2999G_M1000R_embB,0.00131646524716
SNP_CN_4248003_A1490C_Q497P_embB,0.0012950803702
SNP_CN_4248004_G1491T_Q497H_embB,0.00121715896854
SNP_CN_4244403_G1171C_V391L_embA,0.00119019243772
DEL_CD_412976_d219GCCACCGAG_74_iniC,0.00107960629021
SNP_CN_414182_C1426T_R476C_iniC,0.00107850271032
SNP_CN_4247420_A907C_I303L_embB,0.000929659880772
SNP_CN_4245621_G2389C_A797P_embA,0.000902029177977
DEL_P_4243202_d31C_promoter_embA.embB,0.000829801839002
SNP_CN_413276_G520A_V174M_iniC,0.00078710765546
INS_CF_4243703_i470AGAT_157_embA,0.00074540985775
SNP_CN_4246551_A38G_N13S_embB,0.000683585522948
SNP_CN_413022_C266T_T89I_iniC,0.000674925339596
INS_CF_4247350_i836TTCCAGAATATTGG_279_embB,0.000671933940737
SNP_CN_4244148_T916C_W306R_embA,0.000645755676154
DEL_CD_4247356_d842CGTGGT_281_embB,0.000641930558986
SNP_CN_4243245_G13C_G5R_embA,0.000624057411289
SNP_CN_413772_G1016C_R339P_iniC,0.00054956893706
SNP_CN_411100_A263G_N88S_iniA,0.000519460560421
INS_CF_4242521_i2658TCCCCGCCATGCT_887_embC,0.000491826512053
DEL_P_4243192_d41A_promoter_embA.embB,0.000437553057226
INS_CF_4247020_i506CC_169_embB,0.000436950420992
SNP_CN_412114_C1277T_A426V_iniA,0.000432514282173
INS_CF_4247970_i1456GT_486_embB,0.000429437854467
SNP_CN_4243590_G358A_D120N_embA,0.000409264117755
SNP_CN_4241022_C1160T_A387V_embC,0.000394247792373
SNP_CN_4247619_T1106C_V369A_embB,0.000309162669155
SNP_P_4243225_C8A_promoter_embA.embB,0.00020414948959
SNP_CN_412645_G1808T_R603L_iniA,0.000202500549998
SNP_CN_4245945_A2713G_I905V_embA,0.000201757891099
SNP_CN_409384_T23C_I8T_iniB,0.000172856511141
SNP_CN_4245966_T2734C_F912L_embA,0.000161794633912
SNP_CN_4241699_A1837G_M613V_embC,0.000160155179843
SNP_CN_4240592_G730A_A244T_embC,0.000135914346116
SNP_CN_4244841_C1609T_R537W_embA,9.22775148391e-05
SNP_CN_410560_A1199C_N400T_iniB,7.90526030863e-05
SNP_CN_411694_T857A_F286Y_iniA,0.0
SNP_CN_4243872_G640T_V214F_embA,0.0
SNP_CN_409770_G409C_G137R_iniB,0.0
SNP_CN_4241093_T1231C_C411R_embC,0.0
SNP_CN_4247451_C938T_A313V_embB,0.0
DEL_CF_410982_d144CTGAACG_49_iniA,0.0
SNP_CN_4245193_C1961T_S654L_embA,0.0
SNP_CN_411009_C172T_R58W_iniA,0.0
INS_CF_411691_i853C_285_iniA,0.0
DEL_CF_4241603_d1740TTCACCCCGAC_581_embC,0.0
SNP_CN_4248320_G1807C_G603R_embB,0.0
SNP_CZ_411090_C253T_Q85._iniA,0.0
SNP_I_410806_C32G_inter_iniB_iniA,0.0
