SNP_CN_4247429_A916G_M306V_embB,0.433783531189,0.398074448109,0.388409554958,0.38299870491,0.403868973255,0.412477195263,0.388916611671,0.405169665813,0.418413221836,0.389955043793,0.396421194077,0.397578239441,0.391622900963,0.418969094753,0.391477048397,0.409229576588,0.424948453903,0.40054410696,0.387078225613,0.397594809532,0.402169406414,0.400907754898,0.402377903461,0.420190393925,0.380116641521,0.382947921753,0.389881074429,0.394146263599,0.412223339081,0.379144906998,0.407482147217,0.399646222591,0.392251431942,0.394093930721,0.415370702744,0.40640693903,0.383716344833,0.38732534647,0.382460296154,0.415389895439,0.418793082237,0.396182775497,0.39134657383,0.407717347145,0.419756174088,0.407168388367,0.435432732105,0.391943991184,0.4067248106,0.406042397022,0.438282191753,0.388692378998,0.413230419159,0.38377571106,0.40831142664,0.391348540783,0.398677825928,0.425646066666,0.390807032585,0.384052634239,0.381478726864,0.383168101311,0.417593002319,0.422878980637,0.414347589016,0.4277805686,0.390428841114,0.394866645336,0.403069913387,0.431059122086,0.398145496845,0.434300303459,0.402099132538,0.401417851448,0.390103280544,0.39960539341,0.399877309799,0.405496120453,0.418809950352,0.375716090202,0.428644478321,0.412638425827,0.387162089348,0.410856902599,0.412426054478,0.388600885868,0.394750118256,0.404921114445,0.418357670307,0.403531372547,0.408015966415,0.396431684494,0.419878900051,0.382816851139,0.416836678982,0.425669670105,0.429702937603,0.411973357201,0.405498802662,0.393125653267,0.393898546696,0.407789945602,0.415697216988,0.392811715603,0.402190923691,0.40026563406,0.401678800583,0.404608309269,0.40012049675,0.394239723682,0.412509679794,0.392611503601,0.3809928298,0.414156854153,0.425472080708,0.407277166843,0.412294566631,0.408286750317,0.457659125328,0.392491519451,0.403516352177,0.390664577484,0.405940234661,0.389252603054,0.4269515872,0.390336751938,0.393705606461,0.417846858501,0.407714247704,0.39784258604,0.42571914196,0.402579009533,0.393468439579,0.408270776272,0.412521123886,0.404735028744,0.386294662952,0.397691488266,0.401230871677,0.411265492439,0.452152073383,0.418479502201,0.423698246479,0.404378771782,0.405395448208,0.4009116292,0.403546750546,0.411654174328,0.381951391697,0.424729764462,0.430053651333,0.406399250031,0.376568198204,0.404268145561,0.401534974575,0.410758197308,0.421511292458,0.389406383038,0.41212952137,0.400397121906,0.406542301178,0.391067683697,0.414065659046,0.414776742458,0.388504445553,0.419809043407,0.394060075283,0.419666469097,0.392329216003,0.401644945145,0.39932602644,0.399491846561,0.415728867054,0.420520603657,0.394366264343,0.386075854301,0.397840261459,0.403178572655,0.397501528263,0.379867851734,0.393427908421,0.405922949314,0.413605391979,0.402514517307,0.401808798313,0.441727519035,0.403436124325,0.375965118408,0.419132828712,0.408183336258,0.381089746952,0.421119809151,0.417807281017,0.410542011261,0.401335716248,0.432435393333,0.39369982481,0.411606252193,0.431608498096,0.411629974842,0.390334665775,0.403136670589,0.429118156433,0.399327635765,0.405139267445,0.43147957325,0.404884755611,0.401358783245,0.413321495056,0.411188423634,0.39924031496,0.412089169025,0.418385505676,0.40599834919,0.392722427845,0.403890907764,0.400700330734,0.418005406857,0.410242855549,0.421568334103,0.381895720959,0.383943200111,0.425238251686,0.416099309921,0.398719966412,0.380483984947,0.398874104023,0.415482163429,0.399836957455,0.408094167709,0.404252231121,0.418336570263,0.401755273342,0.387151777744,0.420608580112,0.396559655666,0.395562410355,0.39136660099,0.431880831718,0.403475701809,0.417662322521,0.377277910709,0.399158298969,0.377363920212,0.404008328915,0.390835821629,0.391524493694,0.405723929405,0.390845537186,0.402768969536,0.404408723116,0.0145258018747,27.8407154083
SNP_CN_4247431_G918T_M306I_embB,0.338892936707,0.289218664169,0.301555931568,0.28731751442,0.300281882286,0.331075966358,0.318161666393,0.32488411665,0.325810372829,0.316788971424,0.305770337582,0.327519774437,0.312370061874,0.31645065546,0.295514047146,0.277695536613,0.318171262741,0.322729408741,0.318295955658,0.313023626804,0.315587997437,0.337254106998,0.292517185211,0.323592662811,0.307845234871,0.316290736198,0.304405868053,0.322351038456,0.321931362152,0.30664819479,0.320704638958,0.299976050854,0.318384647369,0.30679243803,0.335895299911,0.329208374023,0.294538021088,0.306309461594,0.309322118759,0.311306416988,0.32823497057,0.308817744255,0.322633087635,0.311235785484,0.331375479698,0.30841678381,0.336425662041,0.305032610893,0.313372969627,0.321649074554,0.332037270069,0.315482378006,0.316493034363,0.306257128716,0.327783942223,0.312469959259,0.309381306171,0.343843817711,0.349405765533,0.30862390995,0.296669840813,0.289733767509,0.328121781349,0.317225575447,0.306973457336,0.32502669096,0.302549302578,0.318015754223,0.317701160908,0.346153557301,0.30349868536,0.337771952152,0.328768312931,0.321232974529,0.30912810564,0.323511183262,0.310649514198,0.299657404423,0.330681502819,0.314094185829,0.334296882153,0.316729187965,0.309249281883,0.322535336018,0.312562465668,0.317412137985,0.323961019516,0.315626859665,0.317704439163,0.3310765028,0.319967925549,0.308805882931,0.32177489996,0.303502380848,0.323868453503,0.330189347267,0.342231750488,0.320489346981,0.312807261944,0.311746478081,0.324002563953,0.327410399914,0.29943138361,0.311704695225,0.312471449375,0.315245211124,0.320639133453,0.318989932537,0.322703361511,0.317398250103,0.329152524471,0.327659130096,0.293428659439,0.352415800095,0.342039465904,0.328030347824,0.301819682121,0.309875011444,0.32627248764,0.302238047123,0.310718417168,0.321791946888,0.297927677631,0.304479181767,0.343093931675,0.300446629524,0.333107888699,0.316122293472,0.322865843773,0.307316064835,0.326293051243,0.319740653038,0.299033582211,0.320656180382,0.325794875622,0.318471312523,0.309912502766,0.329272985458,0.301378011703,0.313854515553,0.355301737785,0.315165936947,0.325846374035,0.304929733276,0.31630808115,0.316941678524,0.312209904194,0.330687761307,0.296925604343,0.342054665089,0.341241061687,0.335164606571,0.30341142416,0.317337214947,0.320397377014,0.318010091782,0.324860751629,0.3083319664,0.32967466116,0.322759926319,0.321757733822,0.314316987991,0.335949778557,0.338304817677,0.303286194801,0.332882344723,0.310025513172,0.336518347263,0.322958409786,0.315527677536,0.305644392967,0.310792863369,0.314756691456,0.312082290649,0.299282431602,0.298788607121,0.316197991371,0.306000947952,0.312597692013,0.31573086977,0.327187001705,0.314202010632,0.321455359459,0.292745053768,0.314502000809,0.33740657568,0.318567633629,0.311732470989,0.31848102808,0.325492560863,0.307627975941,0.336072921753,0.332058489323,0.320381879807,0.33435946703,0.330591976643,0.310765564442,0.325566291809,0.329794824123,0.329496324062,0.304535329342,0.29723662138,0.300314664841,0.28736948967,0.305644094944,0.342443406582,0.326547205448,0.329227089882,0.322398722172,0.303921461105,0.300782859325,0.302530884743,0.305248379707,0.312282979488,0.31829893589,0.326066195965,0.315674602985,0.32372713089,0.318877637386,0.338708281517,0.305939733982,0.294753789902,0.321801364422,0.334237396717,0.30999314785,0.307919859886,0.325506329536,0.330083072186,0.321970939636,0.320219099522,0.305462539196,0.336398363113,0.312581658363,0.313257455826,0.325870752335,0.321493685246,0.300039172173,0.303093910217,0.341214060783,0.312987089157,0.325464010239,0.321242511272,0.308032333851,0.296458125114,0.323310554028,0.320977568626,0.32317584753,0.33239531517,0.307560741901,0.313414514065,0.31743362546,0.0130658475682,24.2949123383
SNP_P_4243222_C11A_promoter_embA.embB,0.331514060497,0.286474049091,0.296326339245,0.283659279346,0.295995652676,0.326128125191,0.315396308899,0.319678068161,0.321229279041,0.309787333012,0.298900723457,0.324578881264,0.306415975094,0.314529240131,0.293155252934,0.278461933136,0.312426388264,0.317198991776,0.310960769653,0.308687746525,0.310832321644,0.331360280514,0.288611471653,0.325006604195,0.301561772823,0.308400630951,0.299124360085,0.31633156538,0.321077466011,0.302169561386,0.32253921032,0.299742817879,0.314991533756,0.304239690304,0.330617070198,0.32707709074,0.289058148861,0.305042028427,0.302239835262,0.307168126106,0.327045142651,0.306768298149,0.318447291851,0.3069922328,0.328715145588,0.305917084217,0.331010520458,0.303984344006,0.308108866215,0.317799985409,0.327456235886,0.313630461693,0.314572870731,0.303691148758,0.324197411537,0.310792148113,0.30672365427,0.344976782799,0.344308257103,0.303541064262,0.291593134403,0.285991132259,0.323765039444,0.320261180401,0.306844472885,0.322121083736,0.303110718727,0.314942657948,0.314420878887,0.343242824078,0.301178395748,0.334848761559,0.323708117008,0.319842457771,0.306147038937,0.317390978336,0.309456646442,0.295302510262,0.328324317932,0.31654882431,0.32869976759,0.31891733408,0.303708732128,0.318526506424,0.309194147587,0.316994249821,0.322676479816,0.312134444714,0.314970493317,0.318475484848,0.316705286503,0.305901527405,0.320801854134,0.298788249493,0.317776381969,0.322291910648,0.340434730053,0.312572717667,0.312465965748,0.306827783585,0.318151473999,0.319764375687,0.296340763569,0.309245169163,0.308179140091,0.315771818161,0.315982282162,0.316576659679,0.32830697298,0.310650885105,0.330730617046,0.319116055965,0.292641103268,0.348244965076,0.338997662067,0.320552945137,0.300327837467,0.307394564152,0.323319792747,0.306420147419,0.301691651344,0.320231020451,0.30037933588,0.303400933743,0.343054175377,0.296968102455,0.329870522022,0.31350928545,0.318894147873,0.300367832184,0.32223713398,0.315742611885,0.293907701969,0.32249891758,0.323877811432,0.312384009361,0.307009160519,0.328113138676,0.30040204525,0.313104808331,0.351888537407,0.304109096527,0.318527400494,0.302687704563,0.30954515934,0.313797354698,0.307719647884,0.329399883747,0.290543198586,0.34050899744,0.341314017773,0.330928742886,0.307232618332,0.314120590687,0.316878557205,0.311270952225,0.316305279732,0.306020796299,0.326856195927,0.3222245574,0.318823814392,0.309672236443,0.33106559515,0.33277797699,0.296228766441,0.330311894417,0.306604266167,0.32685136795,0.32226639986,0.315015852451,0.3028845191,0.30511623621,0.310842573643,0.311642885208,0.298418998718,0.293157994747,0.312463581562,0.306968688965,0.306748270988,0.314236223698,0.324725210667,0.310940265656,0.320957124233,0.289994597435,0.306867957115,0.334036409855,0.316061854362,0.310008764267,0.315829515457,0.328493475914,0.306916415691,0.333241164684,0.332639753819,0.318092703819,0.331169009209,0.326038241386,0.307869017124,0.3254519701,0.32204914093,0.329591333866,0.298877537251,0.298339486122,0.297081768513,0.28683757782,0.300702154636,0.338671505451,0.324121415615,0.323782145977,0.322063803673,0.306438803673,0.30460691452,0.305661737919,0.308279156685,0.309704124928,0.314732730389,0.327858626842,0.316043674946,0.321286797523,0.315966963768,0.336836457253,0.302473247051,0.295813977718,0.318894505501,0.332357168198,0.312490463257,0.304551661015,0.31802803278,0.328893721104,0.317906200886,0.319473206997,0.304683327675,0.337634384632,0.310590326786,0.312552690506,0.322404503822,0.320897877216,0.300265848637,0.303244233131,0.339635908604,0.314383029938,0.321333348751,0.313533902168,0.304957807064,0.294925093651,0.324122607708,0.312802910805,0.318623423576,0.330159842968,0.304179370403,0.315137267113,0.314477860928,0.0129623832181,24.26080513
SNP_CN_4247429_A916C_M306L_embB,0.339946091175,0.289443016052,0.297027587891,0.284510314465,0.300281882286,0.332049489021,0.321412682533,0.323616743088,0.321838796139,0.313948333263,0.302257120609,0.326583743095,0.314185500145,0.318669855595,0.29626595974,0.279475748539,0.313697218895,0.322533667088,0.318107068539,0.311623036861,0.311467826366,0.331799924374,0.293074250221,0.327530264854,0.305393338203,0.312874555588,0.305199444294,0.317386686802,0.321274340153,0.304318487644,0.325014352798,0.303159177303,0.314666688442,0.30543243885,0.330143868923,0.325274765491,0.294527769089,0.306228578091,0.307766437531,0.308065772057,0.325729727745,0.307784378529,0.324758470058,0.304544329643,0.33104801178,0.307278990746,0.333076059818,0.306472301483,0.308734297752,0.321574568748,0.333104252815,0.316763818264,0.316540420055,0.305933356285,0.325484871864,0.315040647984,0.307640910149,0.343998014927,0.346110165119,0.303966879845,0.296191930771,0.287764906883,0.327874958515,0.31921094656,0.31183129549,0.323324084282,0.302139341831,0.312958061695,0.31267875433,0.340382397175,0.304830551147,0.335474550724,0.329641997814,0.320119380951,0.309675693512,0.322538197041,0.313135683537,0.296240329742,0.331867158413,0.31273317337,0.332541525364,0.315020918846,0.30784291029,0.315731704235,0.314030468464,0.312704026699,0.329241394997,0.31605809927,0.31587523222,0.325192630291,0.317614078522,0.305460691452,0.324429154396,0.298959195614,0.324885070324,0.325074195862,0.342663884163,0.321333229542,0.308587312698,0.309859871864,0.317721247673,0.320532083511,0.298366487026,0.310587346554,0.304123044014,0.317237019539,0.313765227795,0.322240293026,0.318980574608,0.313989758492,0.331071257591,0.321736991405,0.294586360455,0.347551524639,0.338363111019,0.325170457363,0.297407031059,0.307976782322,0.324858665466,0.309091925621,0.301562488079,0.318224608898,0.304883122444,0.303769409657,0.342613637447,0.301231682301,0.332025289536,0.314513027668,0.320363521576,0.300758600235,0.324269235134,0.31579041481,0.297557830811,0.322911143303,0.328616142273,0.317982017994,0.30617159605,0.331612944603,0.298997282982,0.316438853741,0.355851054192,0.306187033653,0.326006531715,0.305111527443,0.308786213398,0.316014230251,0.312925338745,0.331449210644,0.289968788624,0.344272613525,0.345525741577,0.331923425198,0.30673122406,0.313349664211,0.318362116814,0.308868706226,0.314495921135,0.302802920341,0.329236388206,0.320006847382,0.324695110321,0.311881184578,0.331420779228,0.335165023804,0.296949088573,0.332413256168,0.31040430069,0.327963590622,0.322554826736,0.316846191883,0.303278446198,0.309373021126,0.312076151371,0.311375975609,0.300140321255,0.297056555748,0.321391761303,0.308690667152,0.308204591274,0.316548705101,0.328150987625,0.310428619385,0.326417982578,0.289811611176,0.312375605106,0.33734947443,0.316741585732,0.308274567127,0.319508314133,0.324818313122,0.308883726597,0.334824740887,0.329201161861,0.321700811386,0.332122087479,0.332124352455,0.310741364956,0.328353464603,0.324900686741,0.331525862217,0.305288374424,0.293619275093,0.298234581947,0.287025630474,0.297958672047,0.337833046913,0.326707065105,0.322250545025,0.319108605385,0.30840754509,0.304070413113,0.307474315166,0.308668494225,0.313276290894,0.312652051449,0.327933311462,0.318223774433,0.329038739204,0.320601403713,0.340081632137,0.30514729023,0.297877311707,0.321087479591,0.338012158871,0.310169816017,0.303605318069,0.321062386036,0.329544246197,0.317402303219,0.321823120117,0.305297374725,0.338316321373,0.312385439873,0.30972635746,0.32766354084,0.320185661316,0.301649034023,0.30467158556,0.338156580925,0.31128436327,0.320619106293,0.312231183052,0.304052770138,0.297348678112,0.326200962067,0.314084410667,0.31868481636,0.331019222736,0.308671236038,0.315707266331,0.316198885441,0.013106440194,24.125459671
SNP_CN_4247495_G982T_D328Y_embB,0.332021474838,0.286919057369,0.296040177345,0.282249808311,0.296880424023,0.327329933643,0.314490675926,0.320618093014,0.320538163185,0.312156558037,0.298865377903,0.325280725956,0.308605492115,0.314222753048,0.290758132935,0.276228249073,0.313734710217,0.320322573185,0.314381659031,0.309006512165,0.31273663044,0.330697059631,0.286298930645,0.32680773735,0.302703261375,0.311715304852,0.302790820599,0.314906060696,0.319676041603,0.29909068346,0.32083773613,0.30076700449,0.314839363098,0.301980018616,0.33248603344,0.328601658344,0.287761986256,0.304872572422,0.300974488258,0.304621517658,0.326047539711,0.308713555336,0.31524759531,0.306714594364,0.32430100441,0.306475043297,0.330195188522,0.30310690403,0.307547807693,0.315140366554,0.331918537617,0.311954081059,0.314311504364,0.305718481541,0.325543820858,0.313315391541,0.306318163872,0.343040108681,0.345997869968,0.298812031746,0.293623805046,0.286817371845,0.323565423489,0.318691432476,0.302660942078,0.323049902916,0.302562177181,0.315725147724,0.311793625355,0.339442789555,0.30237108469,0.334464490414,0.327625751495,0.317211985588,0.302998661995,0.318087756634,0.307578384876,0.293964922428,0.327988386154,0.312003433704,0.332144975662,0.315708994865,0.305145084858,0.317916810513,0.310086131096,0.314898729324,0.32310461998,0.313086152077,0.314507365227,0.324336767197,0.31451767683,0.304122149944,0.317814350128,0.298183619976,0.321400642395,0.325369417667,0.339369237423,0.31560999155,0.310998678207,0.307501614094,0.31927293539,0.320329785347,0.296998143196,0.306898355484,0.30933201313,0.3193166852,0.314051628113,0.317867815495,0.323795318604,0.312863945961,0.32645881176,0.318976640701,0.296414494514,0.34747582674,0.338848412037,0.322877287865,0.299139201641,0.308530926704,0.321799457073,0.305115222931,0.302476286888,0.322355747223,0.301541268826,0.307568967342,0.341503024101,0.301439881325,0.332121431828,0.312954604626,0.317336082458,0.299764215946,0.3269084692,0.31325250864,0.298174262047,0.317965507507,0.321889340878,0.313748240471,0.310527265072,0.330357670784,0.30013269186,0.30951243639,0.350419640541,0.302558302879,0.325271725655,0.304558873177,0.306272208691,0.316534221172,0.305245161057,0.329360544682,0.291328430176,0.343548178673,0.337705016136,0.33165705204,0.305217623711,0.317273736,0.315154135227,0.313485920429,0.314442098141,0.303122758865,0.326717019081,0.320671916008,0.322961091995,0.312023997307,0.329059183598,0.333588004112,0.294738471508,0.334567248821,0.307875752449,0.331440210342,0.322883367538,0.311782598495,0.300553560257,0.304975032806,0.306481599808,0.307494163513,0.295936346054,0.295366287231,0.3163408041,0.301704585552,0.312346816063,0.313616573811,0.322658836842,0.313865542412,0.319968760014,0.290755331516,0.30823379755,0.340007305145,0.311278402805,0.306182801723,0.315574705601,0.325044989586,0.308034062386,0.334577679634,0.329479753971,0.3181604743,0.333426952362,0.329884946346,0.308575153351,0.327620744705,0.324413537979,0.325749456882,0.298920333385,0.295898020267,0.298531472683,0.287825703621,0.302958011627,0.33808785677,0.323615372181,0.321442186832,0.321365356445,0.310456514359,0.301151573658,0.301186561584,0.305849015713,0.312257349491,0.310417950153,0.328148424625,0.312849879265,0.322394073009,0.318588733673,0.336253404617,0.303915321827,0.292582213879,0.316750526428,0.33240956068,0.307634234428,0.301730513573,0.319072902203,0.32588994503,0.320613324642,0.317655622959,0.304264128208,0.335682690144,0.312950491905,0.313377559185,0.323136985302,0.318081855774,0.302122354507,0.305914878845,0.337545931339,0.308796226978,0.323823332787,0.31412178278,0.307201325893,0.29971653223,0.321414172649,0.314897477627,0.320194602013,0.328487455845,0.304957330227,0.315004765987,0.314440399408,0.0130504742265,24.0941734314
SNP_CN_4247729_G1216T_G406C_embB,0.313927650452,0.282147467136,0.293027818203,0.277826488018,0.289772629738,0.312922239304,0.311804950237,0.307029306889,0.312173306942,0.300971627235,0.287925302982,0.317242920399,0.300955116749,0.308019280434,0.280394971371,0.266784131527,0.305978536606,0.309299468994,0.30190128088,0.297526180744,0.305219709873,0.322443723679,0.274476230145,0.311179339886,0.292805314064,0.300356209278,0.295499801636,0.30653244257,0.312358140945,0.295451641083,0.31337916851,0.289989292622,0.306146025658,0.295034468174,0.321671783924,0.310781538486,0.281129598618,0.29406774044,0.29526168108,0.29605358839,0.316446602345,0.298867404461,0.310669362545,0.298610031605,0.318251252174,0.298761248589,0.32360124588,0.296611189842,0.29996240139,0.309774637222,0.298491120338,0.259251832962,0.300389170647,0.292663216591,0.316443264484,0.301345050335,0.296768724918,0.335400760174,0.337052404881,0.295489251614,0.284779369831,0.276186943054,0.313724756241,0.307986855507,0.295488715172,0.314471364021,0.295561909676,0.305637657642,0.304717242718,0.333698809147,0.295401632786,0.328964471817,0.319395959377,0.310836434364,0.299645483494,0.309448957443,0.298648834229,0.287151992321,0.320851922035,0.30529242754,0.322178721428,0.309238553047,0.298981308937,0.311376810074,0.301675438881,0.298727095127,0.31210911274,0.304999530315,0.305776298046,0.316113173962,0.308946490288,0.294652402401,0.310715019703,0.29038476944,0.313015878201,0.316352903843,0.334458887577,0.309052526951,0.302113950253,0.300386846066,0.310337543488,0.310469090939,0.279282510281,0.300749719143,0.297982096672,0.306483626366,0.302991449833,0.308446764946,0.31179779768,0.306692242622,0.32237970829,0.313270866871,0.287028193474,0.337997853756,0.331149220467,0.315407931805,0.291903495789,0.303717792034,0.317032694817,0.294884800911,0.298737227917,0.313191950321,0.296274662018,0.296807646751,0.336633145809,0.291277527809,0.322990119457,0.304445624352,0.313181698322,0.296186029911,0.316951334476,0.310182094574,0.290734887123,0.313355267048,0.318309724331,0.306908488274,0.300582766533,0.322521805763,0.291616737843,0.30676484108,0.343647003174,0.30055809021,0.315383672714,0.294824242592,0.303123414516,0.308104217052,0.301122009754,0.323030769825,0.284018695354,0.333886623383,0.333357691765,0.323493182659,0.299921393394,0.310314953327,0.311299264431,0.304326534271,0.309447169304,0.298345983028,0.320619821548,0.314253389835,0.312026143074,0.301043748856,0.322172880173,0.325302541256,0.290298700333,0.325356006622,0.299001634121,0.321163415909,0.313163995743,0.298489928246,0.293933749199,0.29836243391,0.30414301157,0.304635047913,0.290096700191,0.287040174007,0.307815492153,0.297935903072,0.302790284157,0.307275116444,0.317953944206,0.306128144264,0.315333783627,0.284147799015,0.302138566971,0.327690124512,0.307233691216,0.300996422768,0.308976352215,0.318459689617,0.300068855286,0.326510131359,0.323272883892,0.314434885979,0.321771860123,0.321038365364,0.294840037823,0.316203296185,0.315238773823,0.322194039822,0.296191751957,0.288192749023,0.290130019188,0.279872536659,0.292045891285,0.330367922783,0.318182051182,0.316457152367,0.31330293417,0.300878345966,0.295929253101,0.295434951782,0.300033271313,0.303676366806,0.303997218609,0.319182932377,0.307031989098,0.316758573055,0.311938464642,0.329302489758,0.297665774822,0.289079129696,0.310866653919,0.324566185474,0.302903831005,0.296000123024,0.313199579716,0.320479035378,0.308599054813,0.310426414013,0.2974588871,0.328970909119,0.300363957882,0.301826357841,0.314619600773,0.311296820641,0.293462276459,0.299033105373,0.332829535007,0.304240643978,0.315073907375,0.305118441582,0.29764431715,0.286323845387,0.315206944942,0.306822180748,0.310866296291,0.325108468533,0.301512002945,0.30830770731,0.306350618601,0.0133317979053,22.9789428711
SNP_CN_4248003_A1490G_Q497R_embB,0.339425504208,0.309356570244,0.313382685184,0.276199996471,0.279680788517,0.306590139866,0.317336201668,0.325209915638,0.306474089622,0.322125792503,0.304043292999,0.307984769344,0.305924892426,0.304021000862,0.313259780407,0.270329415798,0.317264854908,0.302349686623,0.297464966774,0.324656844139,0.327333629131,0.326714634895,0.294113099575,0.323798894882,0.319327831268,0.297608077526,0.291954219341,0.301121652126,0.32118844986,0.283501684666,0.3425309062,0.28861105442,0.301266789436,0.290152788162,0.327548980713,0.315515995026,0.308946311474,0.306669592857,0.321394145489,0.296055018902,0.324281394482,0.322195112705,0.306034266949,0.292823195457,0.31268876791,0.305755615234,0.333613216877,0.288684487343,0.314150154591,0.299816191196,0.333587646484,0.298220694065,0.304800271988,0.301605701447,0.330103039742,0.312294542789,0.315284788609,0.348351478577,0.3240275383,0.319375514984,0.285229563713,0.290002882481,0.312780082226,0.319050073624,0.302980065346,0.325838923454,0.295630335808,0.313687384129,0.295709431171,0.322426557541,0.304316401482,0.334873497486,0.312052726746,0.301464915276,0.29065489769,0.311071693897,0.292635023594,0.28500276804,0.311106145382,0.312137246132,0.324201524258,0.331283390522,0.306691050529,0.319023787975,0.299118697643,0.31583738327,0.316363215446,0.307460486889,0.3011277318,0.308212041855,0.313926637173,0.288234651089,0.316540837288,0.301335513592,0.322691738605,0.319492280483,0.347529172897,0.31380045414,0.311338245869,0.31566119194,0.307827174664,0.32038384676,0.285831153393,0.294535756111,0.291993021965,0.318300843239,0.30100518465,0.312899112701,0.320911705494,0.31343460083,0.32523971796,0.314643979073,0.279560983181,0.328274428844,0.337756931782,0.334012508392,0.283861219883,0.303028404713,0.324941515923,0.295920610428,0.307575464249,0.324976146221,0.309162735939,0.294945657253,0.322913050652,0.312042415142,0.312462210655,0.295613229275,0.320547163486,0.293826043606,0.30465555191,0.326854050159,0.315775156021,0.336430072784,0.349901080132,0.311431467533,0.293486356735,0.312273383141,0.283665299416,0.299241423607,0.331911742687,0.289493083954,0.313686192036,0.28726798296,0.302818834782,0.30564147234,0.309274196625,0.329850435257,0.299611389637,0.329507529736,0.327364623547,0.312368929386,0.299442350864,0.312289059162,0.309464335442,0.298092603683,0.31320130825,0.322042763233,0.319397509098,0.305557489395,0.316896319389,0.300046443939,0.311340272427,0.316267490387,0.285420298576,0.314441144466,0.298735141754,0.312671124935,0.307212054729,0.298392295837,0.284160614014,0.308632850647,0.31487685442,0.299396693707,0.292111575603,0.295464515686,0.30226534605,0.299201309681,0.298561453819,0.308311223984,0.313820004463,0.314658343792,0.311054348946,0.299872279167,0.303323149681,0.318606495857,0.311179757118,0.323433041573,0.303203463554,0.309265494347,0.306689679623,0.344062268734,0.332768976688,0.319380879402,0.316735446453,0.312733113766,0.323858380318,0.312061786652,0.308120369911,0.31159979105,0.315720260143,0.296174287796,0.298363685608,0.2784973979,0.289793670177,0.321116685867,0.309761464596,0.303482651711,0.313293039799,0.305916249752,0.306973040104,0.291152715683,0.292913258076,0.321262300014,0.307830870152,0.329191505909,0.308330237865,0.312713444233,0.316002488136,0.323934555054,0.314946174622,0.302622020245,0.320969223976,0.324177205563,0.310484290123,0.301317214966,0.319164276123,0.31757992506,0.300959289074,0.31145131588,0.307068169117,0.34156537056,0.305334568024,0.296676874161,0.323061525822,0.304835855961,0.300323009491,0.290016651154,0.338518917561,0.31509500742,0.323744654655,0.301936745644,0.302419245243,0.296676337719,0.327989161015,0.310204207897,0.319382190704,0.322157859802,0.300806760788,0.309583306313,0.310077607632,0.0141093917191,21.9766807556
SNP_CN_4247431_G918A_M306I_embB,0.348732948303,0.312981545925,0.327895760536,0.318525791168,0.336712598801,0.331404745579,0.339736580849,0.36104786396,0.341266095638,0.346572875977,0.316497445107,0.335024178028,0.348212778568,0.353645205498,0.318765342236,0.321263730526,0.322846353054,0.357359886169,0.335896193981,0.324341654778,0.335013628006,0.34708070755,0.29468357563,0.346702456474,0.324253618717,0.33024007082,0.318137943745,0.323982775211,0.348717689514,0.315878987312,0.344269037247,0.295058310032,0.306435763836,0.323246717453,0.340031981468,0.317743301392,0.305996060371,0.347127974033,0.318916857243,0.33642500639,0.344094455242,0.310197651386,0.332104861736,0.33339959383,0.317261695862,0.330562829971,0.347546815872,0.309941232204,0.36079531908,0.327664792538,0.332957923412,0.325635015965,0.322898447514,0.316232800484,0.343632161617,0.328929007053,0.32165491581,0.365458488464,0.352508068085,0.30938154459,0.311686754227,0.30687469244,0.340819299221,0.315553307533,0.298852741718,0.332791507244,0.316157400608,0.314624190331,0.306174457073,0.344393312931,0.316636383533,0.351402282715,0.32697814703,0.315500736237,0.322312533855,0.337626636028,0.314170181751,0.329651415348,0.347790420055,0.327264487743,0.331583201885,0.323442101479,0.317035198212,0.332540988922,0.326955735683,0.333582341671,0.333028972149,0.311680853367,0.318604648113,0.342443227768,0.317237854004,0.307644665241,0.314244627953,0.317808687687,0.337567567825,0.331058084965,0.35031491518,0.343571960926,0.315668106079,0.316910862923,0.336594164371,0.349856257439,0.298699021339,0.345082342625,0.346189498901,0.323207855225,0.319125711918,0.349608719349,0.311335206032,0.308608353138,0.332841217518,0.328518748283,0.307516515255,0.331737458706,0.352612435818,0.334266543388,0.296545982361,0.29923838377,0.32665258646,0.332217395306,0.320681631565,0.355494260788,0.338193297386,0.338423013687,0.342233002186,0.330055475235,0.325127899647,0.323379278183,0.334219872952,0.324125051498,0.32745051384,0.313579857349,0.318639159203,0.342934727669,0.327118694782,0.327954888344,0.311016499996,0.35043990612,0.307507932186,0.341143488884,0.358024299145,0.294231951237,0.328490495682,0.318036615849,0.33834373951,0.301455080509,0.301541209221,0.325429856777,0.280187785625,0.34339672327,0.340851187706,0.340536832809,0.316631555557,0.350528657436,0.337187051773,0.327581882477,0.316556692123,0.300682842731,0.3293851614,0.325575172901,0.304052531719,0.313104331493,0.340258538723,0.328082978725,0.321459472179,0.344935119152,0.323595821857,0.339935898781,0.31650108099,0.334243893623,0.294544816017,0.304935574532,0.333269417286,0.333269417286,0.328033328056,0.317353963852,0.30612051487,0.294901788235,0.308723270893,0.320718765259,0.325717031956,0.332701206207,0.32457780838,0.312403798103,0.293626129627,0.340923130512,0.32715266943,0.303210139275,0.314193308353,0.348937273026,0.341703951359,0.30402547121,0.334744334221,0.317086160183,0.332681894302,0.331964373589,0.309981584549,0.317929267883,0.329103887081,0.343067586422,0.305242657661,0.31701874733,0.329959392548,0.318876206875,0.311367690563,0.341304779053,0.330939888954,0.318430542946,0.307330906391,0.320896744728,0.349509775639,0.315439641476,0.304209411144,0.313693284988,0.307590007782,0.344809889793,0.325102627277,0.313510239124,0.325767099857,0.333790898323,0.352433562279,0.327193319798,0.345100641251,0.330991566181,0.333432495594,0.302602052689,0.332898914814,0.359050869942,0.320698797703,0.326721310616,0.33100694418,0.338301539421,0.301295995712,0.3420971632,0.331253230572,0.311117947102,0.312930285931,0.316386163235,0.365182459354,0.317293226719,0.332843244076,0.328194200993,0.315264225006,0.315524697304,0.316330015659,0.328977882862,0.32080078125,0.324082672596,0.307044923306,0.3140655756,0.326344907284,0.015626301989,20.8843345642
SNP_CN_4247431_G918C_M306I_embB,0.331134796143,0.272653341293,0.328476667404,0.297021985054,0.281023442745,0.315673947334,0.320306897163,0.326712310314,0.315118014812,0.307823896408,0.304004311562,0.296229541302,0.29960089922,0.301089763641,0.280191242695,0.257013201714,0.283485352993,0.324606537819,0.321576595306,0.296842038631,0.305262506008,0.304535984993,0.280848801136,0.298804223537,0.292187094688,0.290970921516,0.291245937347,0.302493214607,0.333571970463,0.301701962948,0.305034101009,0.314364671707,0.306110680103,0.306678593159,0.315867543221,0.329375326633,0.297953426838,0.310604035854,0.321069538593,0.289878904819,0.346679151058,0.284894645214,0.301056981087,0.277334153652,0.295213162899,0.293629646301,0.31687104702,0.322017431259,0.304699718952,0.307996690273,0.347880542278,0.311190903187,0.298489928246,0.286223649979,0.316551685333,0.30625551939,0.303085207939,0.337472677231,0.314278900623,0.315196275711,0.267244875431,0.28119122982,0.302561819553,0.288213253021,0.292750239372,0.302779972553,0.276835918427,0.296292841434,0.293091118336,0.312806010246,0.285794079304,0.327361345291,0.305107176304,0.321230649948,0.296753287315,0.284351348877,0.317918360233,0.296995997429,0.314896643162,0.320618033409,0.319928646088,0.299649298191,0.292126655579,0.294133245945,0.281385719776,0.342339098454,0.318295717239,0.287870049477,0.299163103104,0.304138720036,0.304517924786,0.254944860935,0.293797194958,0.278758227825,0.285757958889,0.324850559235,0.318344771862,0.301185965538,0.301486492157,0.301879405975,0.311275601387,0.319149792194,0.265963256359,0.286167860031,0.282469809055,0.309547543526,0.278781294823,0.29165238142,0.313563346863,0.302776515484,0.308340847492,0.3241314888,0.281024038792,0.335823178291,0.301176548004,0.30802822113,0.289018154144,0.309201836586,0.290976047516,0.274146914482,0.312178313732,0.313148617744,0.290194809437,0.279225707054,0.331535339355,0.293890058994,0.346258938313,0.281169295311,0.315547525883,0.294914424419,0.298684775829,0.283018290997,0.302762985229,0.321407914162,0.319947361946,0.30508685112,0.301009953022,0.304950118065,0.276805341244,0.294217467308,0.323330461979,0.295921504498,0.329180717468,0.283569097519,0.308159887791,0.321811437607,0.314907431602,0.313813745975,0.272257208824,0.312079548836,0.327078938484,0.313355863094,0.288639843464,0.320281505585,0.292891204357,0.286200344563,0.29051142931,0.289644360542,0.307841479778,0.317382156849,0.29095441103,0.284907639027,0.328243017197,0.289142549038,0.285827100277,0.318059027195,0.300394892693,0.313352227211,0.309666633606,0.315872192383,0.277480363846,0.277374088764,0.298725545406,0.283765733242,0.267820060253,0.278983712196,0.31241351366,0.288894116879,0.30522608757,0.294504106045,0.298120439053,0.315902411938,0.30193066597,0.27449464798,0.305558562279,0.321255266666,0.317497611046,0.315003275871,0.277812004089,0.29951685667,0.314280152321,0.292678713799,0.304976761341,0.323823392391,0.31373167038,0.342582464218,0.297035038471,0.316211044788,0.312169253826,0.326216816902,0.287058711052,0.280613362789,0.27895206213,0.284988224506,0.286647200584,0.302529752254,0.312056422234,0.305746495724,0.300085902214,0.289483189583,0.293169438839,0.305334448814,0.298616170883,0.293444216251,0.286687672138,0.299717903137,0.306207716465,0.316455721855,0.329782962799,0.308611989021,0.301151156425,0.293194293976,0.331532657146,0.320073723793,0.309600234032,0.285783588886,0.304927647114,0.313143849373,0.302916884422,0.313657641411,0.303160429001,0.309888064861,0.287949979305,0.307652533054,0.308418810368,0.319701850414,0.28624945879,0.307812869549,0.34779548645,0.30861979723,0.314719617367,0.288972854614,0.292227983475,0.29651093483,0.311674773693,0.296497523785,0.30102878809,0.325127542019,0.292216181755,0.307912647724,0.302969008684,0.0168131720275,18.0197410583
SNP_CN_4247730_G1217C_G406A_embB,0.322322368622,0.275671720505,0.285154283047,0.269630491734,0.26774007082,0.294349730015,0.272351682186,0.27474373579,0.290199100971,0.294884979725,0.265681624413,0.299636900425,0.270998120308,0.294449687004,0.267260611057,0.267933189869,0.290478289127,0.262003540993,0.287997305393,0.253571212292,0.260346531868,0.259550273418,0.271361589432,0.286701142788,0.28375095129,0.282694876194,0.286313056946,0.284767627716,0.288593292236,0.261758208275,0.303696751595,0.286739349365,0.284538567066,0.26033526659,0.299669921398,0.273821771145,0.268460571766,0.241609871387,0.267565846443,0.284248232841,0.285872220993,0.262210428715,0.278238475323,0.270809233189,0.295584499836,0.26867300272,0.283280193806,0.303867220879,0.263785362244,0.272745728493,0.291829645634,0.284282028675,0.271637916565,0.249477982521,0.282193720341,0.317736804485,0.249323546886,0.289325833321,0.266732633114,0.256005465984,0.231739580631,0.250890314579,0.268041491508,0.270119786263,0.240952074528,0.27665489912,0.25776296854,0.264421403408,0.267988622189,0.322218716145,0.281181573868,0.29338991642,0.296422481537,0.270292282104,0.275797009468,0.267844557762,0.269293546677,0.276517033577,0.317394077778,0.279636323452,0.301936686039,0.310595452785,0.266197562218,0.25991666317,0.298392832279,0.269674599171,0.264295458794,0.258776545525,0.256241858006,0.302275955677,0.28027510643,0.249489665031,0.297334194183,0.24665927887,0.262535989285,0.297361314297,0.280928850174,0.280641078949,0.258351802826,0.275128602982,0.298760354519,0.28480553627,0.237990140915,0.282909154892,0.266557335854,0.291752517223,0.287032902241,0.298743784428,0.257751941681,0.308458209038,0.296910405159,0.289711534977,0.237612724304,0.27645689249,0.285972177982,0.269067108631,0.276030242443,0.278103232384,0.270328938961,0.261746406555,0.259488224983,0.285660207272,0.267350614071,0.284576356411,0.328186392784,0.264469087124,0.287560999393,0.287061989307,0.256906986237,0.262815356255,0.27638810873,0.257774233818,0.274129033089,0.285615265369,0.284411430359,0.273237645626,0.271794497967,0.30644774437,0.279573917389,0.29541015625,0.296315670013,0.270852565765,0.286156952381,0.279602587223,0.30415391922,0.27377641201,0.280824065208,0.297543108463,0.25448435545,0.273531734943,0.283982515335,0.279608786106,0.259779751301,0.284563183784,0.28068035841,0.276824235916,0.262579441071,0.241472601891,0.281922399998,0.285367131233,0.292521476746,0.264986515045,0.275819540024,0.293643534184,0.268111169338,0.284980535507,0.279950857162,0.285406291485,0.302349090576,0.288017630577,0.248768925667,0.245643317699,0.274413406849,0.266736149788,0.266963303089,0.266881167889,0.271219789982,0.293022930622,0.282221257687,0.267293512821,0.300073087215,0.273388445377,0.287482202053,0.291417241096,0.290466248989,0.293857038021,0.274476110935,0.261133730412,0.267530918121,0.283905446529,0.259767055511,0.285527288914,0.287058413029,0.296881437302,0.277440488338,0.284874737263,0.269314587116,0.280224502087,0.282058894634,0.290815114975,0.283500015736,0.259807825089,0.255997061729,0.250892519951,0.258909761906,0.293167710304,0.27588146925,0.304910719395,0.291689038277,0.298059821129,0.282645225525,0.227719247341,0.27363294363,0.252830922604,0.243745267391,0.274140179157,0.265917539597,0.253102362156,0.307967364788,0.297399461269,0.277366101742,0.271725773811,0.281100869179,0.294806778431,0.259940385818,0.242959141731,0.26528853178,0.276758849621,0.29380518198,0.271768510342,0.257735192776,0.273144423962,0.298893809319,0.306099057198,0.279502689838,0.293946921825,0.270657777786,0.248382151127,0.341373085976,0.272133886814,0.282724022865,0.254274308681,0.268048942089,0.273123979568,0.295455813408,0.263273954391,0.273106336594,0.286333858967,0.259790599346,0.270915389061,0.277181327343,0.0175485871732,15.7950792313
SNP_CN_4243392_A160G_N54D_embA,0.277443826199,0.256945133209,0.259423196316,0.26572316885,0.275441229343,0.293708205223,0.260881006718,0.246743619442,0.249927222729,0.254272341728,0.226201534271,0.258832573891,0.246526002884,0.231557846069,0.239636778831,0.205064892769,0.240644097328,0.25733590126,0.247967541218,0.233790814877,0.241736114025,0.252253830433,0.224459111691,0.243520379066,0.240860700607,0.247933983803,0.23798251152,0.236724734306,0.238360226154,0.241725921631,0.274702608585,0.248096168041,0.246436536312,0.225000143051,0.255723595619,0.251805961132,0.231515586376,0.235306620598,0.235825538635,0.199475765228,0.247220933437,0.213049054146,0.243329703808,0.233201086521,0.2524548769,0.238207876682,0.267810583115,0.24175965786,0.2395581007,0.23050314188,0.259940385818,0.266339659691,0.258356690407,0.252829492092,0.253070354462,0.259897768497,0.254731118679,0.272847473621,0.278070211411,0.236985623837,0.217113733292,0.214942455292,0.250323653221,0.240683734417,0.226615011692,0.2541462183,0.241775751114,0.244791030884,0.255150854588,0.272727012634,0.234934449196,0.258994936943,0.252196729183,0.256456911564,0.237696290016,0.254351735115,0.23966050148,0.223019838333,0.260096549988,0.261398613453,0.262826025486,0.257944464684,0.238674223423,0.237966835499,0.234079182148,0.252236902714,0.252623915672,0.247714459896,0.244133234024,0.243907570839,0.247961461544,0.249000370502,0.255218029022,0.231735944748,0.240349769592,0.219725906849,0.24781191349,0.253882348537,0.251309394836,0.250328123569,0.260821998119,0.262743711472,0.228141307831,0.218908190727,0.230241298676,0.251324415207,0.258893013,0.251497805119,0.257137477398,0.245923936367,0.263958930969,0.249143123627,0.237051784992,0.285484313965,0.232313871384,0.248159229755,0.189890563488,0.23005592823,0.235332369804,0.232702493668,0.269548535347,0.28384488821,0.258066415787,0.254892766476,0.288597047329,0.238635778427,0.279241919518,0.255533576012,0.251706361771,0.240898132324,0.256571233273,0.240334272385,0.223964512348,0.242340743542,0.258356511593,0.248963356018,0.249915957451,0.276521265507,0.250215530396,0.242226719856,0.270022690296,0.235688626766,0.245028734207,0.231445491314,0.240056574345,0.24569016695,0.250310361385,0.25502961874,0.225884437561,0.258128881454,0.261401891708,0.243863165379,0.234211444855,0.249819993973,0.254411876202,0.248515546322,0.253493905067,0.255953490734,0.276356518269,0.269003152847,0.259021580219,0.255576431751,0.259201467037,0.282086610794,0.248692750931,0.266145169735,0.237769842148,0.254819273949,0.255532801151,0.246163368225,0.23727875948,0.236981332302,0.240005254745,0.245728909969,0.228614211082,0.239673852921,0.261801600456,0.240179121494,0.247003853321,0.252334594727,0.258951842785,0.245484828949,0.244466781616,0.226207256317,0.256456315517,0.258850097656,0.249974012375,0.230360984802,0.255377471447,0.25318390131,0.24518430233,0.258878350258,0.252856016159,0.260859966278,0.275165438652,0.272804915905,0.251905202866,0.279128611088,0.274250507355,0.271326303482,0.24947142601,0.238621771336,0.212955832481,0.199724674225,0.220064103603,0.263332843781,0.255780696869,0.242872476578,0.241787731647,0.233217597008,0.230144798756,0.228732466698,0.230234920979,0.240287542343,0.236679792404,0.256089687347,0.245725214481,0.259259045124,0.243556559086,0.243169784546,0.245071470737,0.235445797443,0.241479754448,0.26860255003,0.223967671394,0.247424840927,0.265110075474,0.264068424702,0.252126932144,0.256659150124,0.237286150455,0.256180942059,0.238906085491,0.23915117979,0.258833050728,0.240950345993,0.21593362093,0.234857320786,0.262278258801,0.23829627037,0.258528411388,0.256699740887,0.245049953461,0.243184745312,0.272671043873,0.262327849865,0.262094020844,0.282757818699,0.256472229958,0.259151220322,0.248192608356,0.0159681793302,15.5429496765
SNP_CN_4249518_A3005G_H1002R_embB,0.278845071793,0.284195661545,0.299890518188,0.28871846199,0.296649456024,0.282691001892,0.318734884262,0.32249891758,0.321785092354,0.314231932163,0.240768611431,0.320996105671,0.247641444206,0.262375235558,0.296762406826,0.280065476894,0.265139460564,0.269919335842,0.23896163702,0.268003106117,0.262553930283,0.318971931934,0.247314274311,0.271490871906,0.256657540798,0.295782268047,0.298131585121,0.312305688858,0.296167969704,0.299865841866,0.282332360744,0.262139976025,0.253344476223,0.249363541603,0.277923882008,0.280162096024,0.24193406105,0.258892834187,0.292877018452,0.269706189632,0.316783189774,0.243891954422,0.307094693184,0.271805882454,0.28004014492,0.261875867844,0.319394230843,0.257163643837,0.302138209343,0.27771294117,0.327715814114,0.307282865047,0.31394135952,0.294847071171,0.26291936636,0.301127076149,0.276813030243,0.294632673264,0.296653807163,0.26062220335,0.242897808552,0.271237790585,0.299476504326,0.309755682945,0.297979056835,0.294294774532,0.284473180771,0.298346221447,0.306788980961,0.323929429054,0.299927055836,0.310635089874,0.286763966084,0.30237865448,0.299158811569,0.287743389606,0.261817932129,0.245902895927,0.311955153942,0.308701455593,0.303519904613,0.305596590042,0.301069796085,0.317463755608,0.288326501846,0.311228811741,0.291669547558,0.281958162785,0.302592158318,0.297040402889,0.297410845757,0.260841429234,0.277275323868,0.286567866802,0.275196671486,0.277225315571,0.284191727638,0.268434822559,0.25994348526,0.260778725147,0.271551251411,0.26910340786,0.251994132996,0.258715450764,0.256854176521,0.270170092583,0.292178690434,0.286924064159,0.285672545433,0.273410916328,0.275829911232,0.268965125084,0.281326055527,0.312087953091,0.292053997517,0.277388691902,0.260266423225,0.270046949387,0.297375917435,0.263316333294,0.299560010433,0.290279746056,0.265563309193,0.264757514,0.327683091164,0.288898587227,0.283078312874,0.268489658833,0.276717603207,0.261284589767,0.274019837379,0.298113465309,0.269963026047,0.279947817326,0.28044629097,0.266569316387,0.268586277962,0.315363407135,0.277067005634,0.277449905872,0.302291929722,0.253901779652,0.293101906776,0.290790319443,0.284183740616,0.278611660004,0.259581387043,0.301941692829,0.281523287296,0.330846965313,0.32351911068,0.300037145615,0.273384451866,0.27586722374,0.275874853134,0.29535484314,0.283810794353,0.300640821457,0.296436488628,0.310356557369,0.294011592865,0.293730199337,0.320639491081,0.284844696522,0.270171701908,0.293683946133,0.273108243942,0.288982927799,0.278578519821,0.267462611198,0.254372179508,0.259952008724,0.265005230904,0.292432308197,0.275757074356,0.25767582655,0.293510377407,0.274773001671,0.275415182114,0.263704001904,0.294870495796,0.293369054794,0.293662011623,0.255413711071,0.259182870388,0.287679553032,0.272608041763,0.246427953243,0.298945367336,0.285492777824,0.269011259079,0.321367323399,0.297296047211,0.279225289822,0.305206775665,0.292672932148,0.291823148727,0.281313955784,0.290120303631,0.290334939957,0.263333618641,0.253500819206,0.238960087299,0.24081081152,0.271064996719,0.290544331074,0.277484893799,0.272538363934,0.270681202412,0.263936579227,0.261053442955,0.257639408112,0.286771118641,0.267368078232,0.264278113842,0.281081795692,0.269265711308,0.267771363258,0.273526132107,0.291667222977,0.264659821987,0.255140304565,0.273815572262,0.273602902889,0.262863516808,0.287511765957,0.309074401855,0.318780362606,0.295047819614,0.284547924995,0.266249239445,0.289074659348,0.268811047077,0.27141803503,0.274787902832,0.276108026505,0.26130592823,0.261873602867,0.322823107243,0.280587613583,0.281180024147,0.263485133648,0.262919843197,0.256351232529,0.289820730686,0.277725279331,0.2704231143,0.297764062881,0.272311747074,0.277966320515,0.282200038433,0.0200236793607,14.0933160782
SNP_CN_4247729_G1216A_G406S_embB,0.271559596062,0.238925039768,0.224044322968,0.244031310081,0.245153844357,0.241141915321,0.235807776451,0.265577316284,0.264647066593,0.259309351444,0.231465995312,0.276507794857,0.271150648594,0.229036092758,0.21502751112,0.237717449665,0.272434592247,0.260527610779,0.253217756748,0.246826410294,0.262646317482,0.267277181149,0.222454369068,0.267454564571,0.238990008831,0.28482156992,0.286990702152,0.239864766598,0.248428583145,0.256743907928,0.287926018238,0.246514201164,0.312973976135,0.237641274929,0.244412064552,0.276352882385,0.228871762753,0.264330685139,0.292375206947,0.24516916275,0.264890313148,0.207457244396,0.259682953358,0.2753444314,0.275166094303,0.265984416008,0.29608476162,0.246271848679,0.236730098724,0.23217689991,0.275330066681,0.245603501797,0.247532486916,0.234590053558,0.279102623463,0.285282433033,0.255812942982,0.269608080387,0.296628654003,0.239579200745,0.240187823772,0.208830416203,0.256726324558,0.248020708561,0.231906831264,0.250457286835,0.253963530064,0.234409272671,0.266566991806,0.255278944969,0.217947781086,0.276329815388,0.285155236721,0.270378112793,0.25418484211,0.258896648884,0.253650188446,0.241545319557,0.298295617104,0.232379376888,0.302965760231,0.28032964468,0.238439619541,0.295762300491,0.240964114666,0.222380876541,0.26574665308,0.274629533291,0.227000892162,0.29867041111,0.265770375729,0.279120624065,0.264361441135,0.228647232056,0.294352114201,0.238879919052,0.289172530174,0.237409174442,0.247365951538,0.242447435856,0.2667979002,0.261970698833,0.257586300373,0.260668575764,0.270258009434,0.245409786701,0.253934621811,0.250863671303,0.274277508259,0.244790732861,0.2520160079,0.239104151726,0.22897207737,0.273951530457,0.240348637104,0.262460410595,0.235863626003,0.236480295658,0.255388379097,0.223209261894,0.260986924171,0.290572524071,0.256106972694,0.231882214546,0.272247552872,0.247648537159,0.303876459599,0.253275990486,0.265989243984,0.25478631258,0.243702769279,0.247533380985,0.230222523212,0.229218423367,0.277667701244,0.235831141472,0.241735041142,0.279021441936,0.267191946507,0.257106721401,0.28080779314,0.298066914082,0.276667177677,0.239727854729,0.253913938999,0.271302521229,0.263106524944,0.249986410141,0.264537930489,0.312412083149,0.282384216785,0.236228883266,0.225132346153,0.223506093025,0.272129774094,0.273997068405,0.265061855316,0.215065062046,0.24925494194,0.282421946526,0.254017472267,0.254244685173,0.321878969669,0.302231669426,0.236906766891,0.301945507526,0.255222320557,0.257518708706,0.218954086304,0.229038655758,0.247120201588,0.251694202423,0.269786655903,0.274911820889,0.25135833025,0.243165373802,0.248190581799,0.252461075783,0.264591276646,0.259495258331,0.281804263592,0.251902997494,0.254287362099,0.233920097351,0.24870890379,0.255754828453,0.264625012875,0.286174416542,0.243913352489,0.290326356888,0.259549438953,0.285960137844,0.247408032417,0.293812692165,0.246087789536,0.246250092983,0.23863953352,0.280865311623,0.265975594521,0.268049299717,0.274730682373,0.258295238018,0.248847782612,0.240864634514,0.227151155472,0.285318434238,0.268595397472,0.255079090595,0.246266007423,0.234909594059,0.249065577984,0.23076993227,0.281365811825,0.268331885338,0.256099641323,0.271356642246,0.272129118443,0.254651069641,0.239697158337,0.240848898888,0.251960396767,0.242527484894,0.27630597353,0.292384684086,0.238879621029,0.278650164604,0.284782230854,0.257866501808,0.258457005024,0.227148532867,0.24446862936,0.279293954372,0.24594193697,0.234230816364,0.262878954411,0.249471902847,0.244956433773,0.263654232025,0.285818576813,0.251056909561,0.2613042593,0.281220197678,0.25495326519,0.235188782215,0.280259311199,0.265499413013,0.257957279682,0.271605193615,0.241553485394,0.241129755974,0.257503658533,0.0210553482175,12.2298460007
SNP_CN_409569_G208A_A70T_iniB,0.256648480892,0.239397227764,0.22428381443,0.225264549255,0.198223948479,0.17010807991,0.158533751965,0.215225696564,0.204957306385,0.160439074039,0.175145804882,0.160916924477,0.166305065155,0.154478907585,0.19568759203,0.177198767662,0.197648942471,0.209680378437,0.215263664722,0.182879328728,0.200538694859,0.208383798599,0.188255012035,0.19429987669,0.177191793919,0.198374867439,0.159628093243,0.220237493515,0.176625192165,0.198941886425,0.173590183258,0.144190251827,0.158779978752,0.193777441978,0.213736534119,0.190288841724,0.158208966255,0.170040726662,0.150886595249,0.207636475563,0.174551546574,0.252871215343,0.212344050407,0.205492734909,0.19608694315,0.258314192295,0.206950306892,0.256754219532,0.163981735706,0.163816988468,0.233278155327,0.220750629902,0.201179981232,0.215233683586,0.218994021416,0.201071918011,0.180291116238,0.246639311314,0.262489497662,0.210285246372,0.195084929466,0.198377430439,0.219761312008,0.199548304081,0.188977479935,0.161727011204,0.185634613037,0.186406373978,0.226581394672,0.25215113163,0.210619688034,0.211395442486,0.146957218647,0.177965164185,0.210638344288,0.205514907837,0.176317989826,0.187072873116,0.275738239288,0.186514317989,0.217256426811,0.234580278397,0.26016163826,0.186931550503,0.18475574255,0.251878976822,0.186418354511,0.171435654163,0.212239444256,0.173658847809,0.188176035881,0.215378761292,0.215536415577,0.203471422195,0.184953629971,0.214833080769,0.215741753578,0.221926093102,0.217473864555,0.18565005064,0.20759421587,0.195905387402,0.214998185635,0.206057012081,0.187702059746,0.164081394672,0.23469299078,0.226689100266,0.268086969852,0.158629119396,0.177575588226,0.187393009663,0.2234852314,0.246248185635,0.240780353546,0.227860093117,0.219895005226,0.169462263584,0.210953235626,0.20384824276,0.209504425526,0.175996303558,0.180517971516,0.195271134377,0.237877905369,0.216706454754,0.25783675909,0.227548897266,0.227625727654,0.174362897873,0.156673192978,0.194115400314,0.178304195404,0.201608717442,0.217693209648,0.19516825676,0.20649087429,0.169446647167,0.150284945965,0.216559112072,0.231216430664,0.225455462933,0.200825572014,0.208660066128,0.216326236725,0.196569144726,0.186940133572,0.203940987587,0.189572691917,0.224845767021,0.22284579277,0.238098502159,0.207736551762,0.177309215069,0.189860463142,0.216017961502,0.206833422184,0.204846560955,0.194839119911,0.225706458092,0.231011033058,0.207310557365,0.209727227688,0.189320623875,0.18217664957,0.232227683067,0.224776804447,0.224489748478,0.223440945148,0.203928351402,0.208037853241,0.211459577084,0.218041718006,0.205137491226,0.19674539566,0.171656906605,0.219490110874,0.202165186405,0.220462739468,0.199092566967,0.203590035439,0.24114638567,0.227597296238,0.134540379047,0.158936798573,0.217479586601,0.229591310024,0.177956819534,0.172475576401,0.227672278881,0.21312713623,0.194294452667,0.251796424389,0.202882528305,0.259224891663,0.203211963177,0.222980737686,0.219331145287,0.245175302029,0.207212090492,0.219609320164,0.235867202282,0.218665540218,0.176435947418,0.216289639473,0.214450836182,0.214229643345,0.229119300842,0.210020422935,0.192646205425,0.194543898106,0.198918581009,0.157025933266,0.204551935196,0.185264408588,0.209300398827,0.20630800724,0.2168430686,0.206392765045,0.206668376923,0.169254243374,0.162150681019,0.171918869019,0.229136586189,0.197371602058,0.213048040867,0.242116272449,0.20018517971,0.199521303177,0.222090601921,0.218849956989,0.256312906742,0.248857200146,0.208818137646,0.234014511108,0.173864006996,0.209540605545,0.169612884521,0.228546380997,0.190814316273,0.206249177456,0.210471570492,0.211637675762,0.185585975647,0.193024516106,0.195204675198,0.226294696331,0.236147165298,0.226314067841,0.224716305733,0.204377740622,0.0260527115315,7.84477806091
SNP_CN_4247574_A1061C_D354A_embB,0.239953100681,0.170090675354,0.155565440655,0.09835678339,0.228573441505,0.202020227909,0.181290030479,0.167726933956,0.203204154968,0.174861550331,0.160358965397,0.21607285738,0.180536806583,0.214250445366,0.200374007225,0.191140770912,0.206472456455,0.237236976624,0.165331482887,0.168496549129,0.226991415024,0.176658689976,0.16761547327,0.186587154865,0.189607679844,0.219468355179,0.238832592964,0.230802237988,0.193255186081,0.267313957214,0.193631052971,0.15521299839,0.19131809473,0.213730156422,0.193084478378,0.216365337372,0.190199255943,0.189648926258,0.180747151375,0.187969267368,0.225910842419,0.164271831512,0.197762787342,0.190008401871,0.164414703846,0.130124986172,0.201731979847,0.153989195824,0.177892804146,0.175400018692,0.199097514153,0.185446977615,0.201002776623,0.166777431965,0.207571029663,0.198101103306,0.196477353573,0.196834862232,0.167662382126,0.21358281374,0.139392435551,0.171746015549,0.166150391102,0.172449588776,0.176945924759,0.190562665462,0.178542435169,0.178639292717,0.201468706131,0.235204339027,0.196760118008,0.205242037773,0.153907477856,0.169355690479,0.159614622593,0.156084835529,0.178638160229,0.20653373003,0.202908873558,0.174643814564,0.145276069641,0.20221465826,0.22355222702,0.169450521469,0.185928761959,0.143520414829,0.147272109985,0.158490896225,0.192448556423,0.187349021435,0.198685705662,0.146660506725,0.162647545338,0.130614221096,0.145362436771,0.184681534767,0.156903326511,0.167392611504,0.173173725605,0.167473971844,0.172549843788,0.158328950405,0.151304066181,0.189197063446,0.200097501278,0.18898588419,0.126742660999,0.183110415936,0.149011135101,0.186441123486,0.200861752033,0.219479203224,0.155668318272,0.152035355568,0.198745667934,0.191158056259,0.177498042583,0.218688905239,0.197473406792,0.192033112049,0.163667023182,0.200005948544,0.18076390028,0.198393583298,0.16783863306,0.185658752918,0.260352432728,0.169179856777,0.162173628807,0.15356695652,0.202937960625,0.137158751488,0.172393918037,0.157820880413,0.184153914452,0.197478652,0.148978233337,0.219499409199,0.181398332119,0.163476586342,0.201080203056,0.182724118233,0.151222646236,0.196748137474,0.166034221649,0.166662693024,0.151224195957,0.198912739754,0.16510373354,0.17380720377,0.170441269875,0.191671013832,0.161044120789,0.183378517628,0.157287061214,0.192921519279,0.185574233532,0.169458210468,0.182758867741,0.200130939484,0.185416102409,0.17231708765,0.187437653542,0.175996363163,0.174871861935,0.196608126163,0.184526860714,0.176772415638,0.18382525444,0.174097180367,0.211493253708,0.189856886864,0.187733352184,0.1717466712,0.176822185516,0.145569205284,0.204706072807,0.201395153999,0.187751412392,0.165102124214,0.164343595505,0.148882865906,0.134449005127,0.202538490295,0.173412382603,0.238386571407,0.210073530674,0.205056130886,0.209158062935,0.167327225208,0.165421307087,0.20081526041,0.170503079891,0.193137466908,0.14755576849,0.20774769783,0.151789903641,0.179522037506,0.180429458618,0.185476362705,0.217004358768,0.170022070408,0.170191287994,0.181268453598,0.183277964592,0.193323791027,0.199402153492,0.171066045761,0.177996754646,0.228480517864,0.182934999466,0.207150936127,0.212681293488,0.155481159687,0.157941877842,0.185912549496,0.176146626472,0.171769738197,0.194966375828,0.189769268036,0.185454547405,0.170002698898,0.164726555347,0.193955600262,0.206251740456,0.194619059563,0.165326654911,0.218132555485,0.17561262846,0.183285176754,0.171927154064,0.177457690239,0.176531910896,0.185740232468,0.168253362179,0.1506331563,0.151582539082,0.225563824177,0.186583757401,0.155342280865,0.1708355546,0.136456489563,0.170018136501,0.19626647234,0.202762365341,0.186538994312,0.193601429462,0.140567362309,0.145076274872,0.15015900135,0.182278141379,0.0243050735444,7.49959230423
SNP_CN_4242182_G2320T_A774S_embC,0.0588650107384,0.096755862236,0.112008333206,0.0503151416779,0.0539935231209,0.0710533857346,0.0310430526733,0.0867403745651,0.0903731584549,0.0733256340027,0.0677078962326,0.0202196240425,0.0251124501228,0.0587601661682,0.0492730140686,0.0413422584534,0.102164268494,0.0501291751862,0.0662748813629,0.0860357284546,0.0830706954002,0.0812723636627,0.00784450769424,0.0592744350433,0.0409208536148,0.0525270104408,0.0484773516655,0.0716577172279,0.0975440144539,0.0572150945663,0.0601859688759,0.082449555397,0.0732593536377,0.0580931305885,0.0452412962914,0.070111811161,0.0695219039917,0.0893810987473,0.0750592947006,0.058461368084,0.0737053751945,0.0935953855515,0.0711796879768,0.0812519192696,0.0702713131905,0.0925485491753,0.036419570446,0.0545253753662,0.0751212835312,0.102786540985,0.0913693904877,0.0805786252022,0.0967540740967,0.0172533392906,0.102003216743,0.0254766345024,0.0503887534142,0.114232599735,0.0750682353973,0.043487906456,0.046300470829,0.11116451025,0.0867587327957,0.0597841739655,0.0554366111755,0.0643622279167,0.0400087237358,0.0714599490166,0.036357820034,0.0783383846283,0.0567781329155,0.076670229435,0.0887491703033,0.0845506191254,0.0667049884796,0.0650687217712,0.0350888371468,0.0967036485672,0.0975893139839,0.0977212786674,0.0910734534264,0.0701400637627,0.0634091496468,0.055834710598,0.0838508009911,0.0733467340469,0.0853725671768,0.0501888990402,0.0856526494026,0.125128090382,0.0694566965103,0.0142946243286,0.0608341693878,0.0564342737198,0.0524118542671,0.0934439301491,0.0506477952003,0.0688535571098,0.050832927227,0.0539988279343,0.0641675591469,0.0718041062355,0.0655541419983,0.125880300999,0.087446808815,0.106553137302,0.034211575985,0.100835502148,0.0578871369362,0.109795451164,0.0908603668213,0.0916331410408,0.101830601692,0.0545582175255,0.109956562519,0.0960577130318,0.0769934058189,0.0886846184731,0.0981723070145,0.082181930542,0.0983914732933,0.0864779353142,0.0633214712143,0.05637550354,0.0472822189331,0.0583312511444,0.07751339674,0.0449288487434,0.0787169337273,0.0786936879158,0.0651884675026,0.0894650220871,0.0923506617546,0.0657424330711,0.0556005239487,0.0434268712997,0.0509582161903,0.052905023098,0.0698814988136,0.0894940495491,0.0535182952881,0.0682232379913,0.0875763297081,0.0895311236382,0.0741903185844,0.0325500369072,0.0263476967812,0.0344213247299,0.0252847075462,0.0562445521355,0.0550796985626,0.0925423502922,0.077043235302,0.0440943837166,0.0220630764961,0.067476272583,0.0264770388603,0.0462741851807,0.0267555117607,0.0794593691826,0.106078326702,0.0631024837494,0.0957092046738,0.0536785721779,0.0627822875977,0.0510020852089,0.0908264517784,0.0695831179619,0.040879368782,0.10028809309,0.0831317901611,0.0756744742393,0.0532450675964,0.079195022583,0.0801500082016,0.0348120927811,0.0586817860603,0.0579363703728,0.0504509210587,0.0318248867989,0.0510584712029,0.0670592784882,0.0761851668358,0.0731623768806,0.0252270698547,0.0723597407341,0.0619310736656,0.0978263020515,0.0541939139366,0.126584351063,0.0908388495445,0.0437163710594,0.116606771946,0.109226644039,0.0504603385925,0.0978264808655,0.0956590175629,0.0196569561958,0.03446829319,0.0528740882874,0.0549660921097,0.0685692429543,0.0565726161003,0.0765628814697,0.0683418512344,0.0304079651833,0.0697359442711,0.0921097397804,0.0927609205246,0.073290348053,0.0699735283852,0.0666453838348,0.0614697933197,0.0570030808449,0.0637998580933,0.0782881379128,0.0752493143082,0.0195410847664,0.11153459549,0.103365838528,0.0723388791084,0.0703389048576,0.11153280735,0.10446625948,0.0888212323189,0.0804604291916,0.0582939982414,0.0491986870766,0.0820010900497,0.0342022180557,0.042167365551,0.0840156674385,0.0842486619949,0.0870736241341,0.0669261813164,0.0928143262863,0.113909423351,0.0351777672768,0.0865526199341,0.0513211488724,0.0698412060738,0.0482195019722,0.0820894837379,0.0819210410118,0.0777015686035,0.0625310540199,0.0825212597847,0.0656250715256,0.066859126091,0.0769591927528,0.0692536532879,0.0234914384782,2.9480381012
SNP_CN_4249583_G3070A_D1024N_embB,0.0471212863922,0.0148559212685,0.014284491539,0.0499194264412,0.136329770088,0.144683480263,0.0394683480263,0.112508356571,0.212783813477,0.139753639698,0.0971771478653,0.0552619099617,0.0423381924629,0.14266616106,0.0229886770248,0.163227856159,-0.00813508033752,0.0456135869026,0.128477752209,0.0897225737572,0.125909745693,0.0756973028183,0.06679469347,0.0948951840401,0.110715329647,0.0455473065376,0.146944344044,0.114461481571,0.144672036171,-0.00495976209641,0.16334015131,0.231000602245,0.108935415745,0.132896482944,0.160691380501,0.12615185976,0.172909736633,0.11282479763,0.0637074708939,0.147901654243,0.0685487985611,0.0967950820923,0.148542463779,0.114347815514,0.077870965004,-0.0142549872398,0.0325873494148,0.144002854824,0.181481122971,0.06823605299,0.0745587348938,0.121035218239,0.0902839899063,0.0279956459999,-0.00692701339722,0.0196176767349,0.0549545288086,0.15784829855,0.0323185920715,0.0941208004951,0.107705891132,0.0884649753571,0.0714734196663,0.0566332936287,0.0486191511154,0.132941186428,0.0852645039558,0.0893050432205,0.0974745154381,0.0907391309738,0.0823156833649,0.0903589129448,0.108297049999,0.0874157547951,0.0256165862083,0.131603598595,0.0943884253502,0.102293252945,0.162468075752,0.0819028615952,0.0637347698212,0.0893146395683,0.10112208128,0.0947812795639,0.0543787479401,0.137905836105,0.028105199337,0.0270302295685,0.121719419956,0.121748507023,0.112683951855,0.0541437864304,0.0917429327965,0.147203862667,0.0625736713409,0.113899409771,0.105633556843,0.150512158871,0.128091812134,0.129816830158,0.145669519901,0.12901777029,0.144991397858,0.121527791023,0.170910596848,0.116643488407,0.0455024838448,0.143285810947,0.123297154903,0.0562096238136,0.0526919960976,0.0732939839363,0.153878092766,0.130922138691,0.00643295049667,0.13324701786,0.0177971720695,0.082103908062,0.099072933197,0.124803304672,0.186875522137,0.111717760563,0.0878946781158,0.119078278542,0.0673105716705,0.0609409809113,0.0720903873444,0.106837034225,0.0717199444771,0.0715139508247,0.057871222496,0.0201852917671,0.0866637825966,0.178690910339,0.0834646821022,0.0726283192635,0.0381294488907,0.129600465298,0.10499215126,0.0657753944397,0.101688563824,0.0915069580078,0.122900426388,0.0972366333008,0.0949288010597,0.0678999423981,0.120351910591,0.109256446362,0.106173396111,0.0984287261963,0.138980388641,0.0913081169128,0.0176189541817,-0.00828230381012,-0.000813364982605,0.0814478993416,0.0772311091423,0.0645218491554,0.0858435034752,0.168920397758,0.0871084928513,0.0980946421623,0.131292045116,0.0042998790741,0.0400255918503,0.112354278564,0.127749443054,0.0788944363594,0.0797529816628,0.0876880884171,0.0835850834846,0.0913127660751,0.0573487877846,0.0409638881683,0.057079076767,0.0564960837364,0.157846093178,0.111674726009,0.0870717763901,0.0524949431419,0.0814356803894,0.0720731019974,0.0732287168503,0.169204115868,0.0882400274277,0.214994132519,0.181019842625,0.142816007137,0.0481564998627,0.0721158385277,0.0917142033577,0.140595436096,0.0490928292274,0.185660541058,0.140307664871,0.168157160282,0.112585544586,0.0763295888901,0.0682569146156,0.103792488575,0.0486400127411,0.0777012109756,0.0949634313583,0.101872503757,0.14930164814,0.118199706078,0.1149944067,0.0739887952805,0.104997098446,0.114769995213,0.0863265991211,0.104319989681,0.0979319810867,0.087042093277,0.12060379982,0.140549242496,0.132250249386,0.116608977318,0.167855143547,0.09594810009,0.112222790718,0.105313181877,0.184158623219,0.149112582207,0.117683291435,0.157947123051,0.1166421175,0.0979029536247,0.0904232859612,0.113837063313,0.125624418259,0.113825261593,0.20604789257,0.0851949453354,0.133082211018,0.123539090157,0.0765731334686,0.0718765854836,0.14895516634,0.0463451743126,0.0895348787308,0.0906395316124,0.0566427111626,0.0986467599869,0.131229400635,0.0742592215538,0.0883240103722,0.0603790283203,0.0498825907707,0.0625460147858,0.0969202518463,0.0446140691638,2.17241454124
SNP_P_4243225_C8T_promoter_embA.embB,0.107959091663,0.065548479557,0.0917636156082,0.273186028004,0.0469498634338,0.0763779878616,0.055389881134,0.00450700521469,0.2168186903,0.0144547224045,-0.0590752959251,0.100149214268,-0.0768669247627,0.000793218612671,-0.0386135578156,0.0187410116196,0.158084392548,-0.0730615854263,0.0290830731392,0.129294574261,-0.0176873207092,0.0480120778084,-0.0111481547356,0.0216541290283,0.129486203194,0.025857925415,0.131676971912,0.0679892301559,-0.00383079051971,0.146301925182,0.0922095775604,-0.00437653064728,-0.0112012028694,-0.0166422128677,-0.000795364379883,0.0391494631767,0.0683235526085,0.0550138354301,-0.075880587101,0.10363650322,0.0534551739693,0.0176931023598,0.0127862691879,-0.0623928308487,-0.0590539574623,0.0391004085541,0.1659065485,0.0730456709862,0.139714062214,0.103804707527,0.0801579356194,0.0540661811829,0.104177355766,-0.0267556905746,0.108793079853,0.188180446625,0.190274834633,0.049057662487,-0.00614500045776,0.081695318222,0.0517889261246,0.0143046975136,0.0102851986885,-0.0144305229187,0.0499126315117,0.0952506661415,-0.000692903995514,0.0457482933998,0.0431152582169,0.0444964766502,0.0112800598145,0.0237259864807,0.0842987298965,0.00536209344864,0.0141357183456,0.0856614112854,0.0340701937675,0.0444511175156,0.102797806263,0.159004807472,0.125349104404,0.111154317856,-0.0471193790436,-0.0481081604958,-0.0428477525711,0.0415140986443,-0.00654923915863,-0.0444118976593,0.0891524553299,0.10348033905,0.0701466202736,-0.0206348896027,0.0599541664124,0.107829630375,0.0303728580475,0.0915112495422,0.0327361822128,0.0394870042801,0.0493521690369,0.0173208713531,0.018601834774,0.0212933421135,-0.00555348396301,-0.0443765521049,-0.0280168056488,0.0112735033035,-0.0441314578056,0.0736367702484,0.0517777204514,0.0881770849228,0.0661589503288,0.0521532297134,0.00826853513718,0.0503264665604,0.167570590973,0.039620578289,0.035940527916,0.0263994932175,0.0698162913322,0.125994920731,0.231645166874,0.130353033543,0.0691028237343,0.0538271069527,0.0484929084778,-0.037179350853,-0.0658462047577,0.00930637121201,0.0621391534805,0.0854561328888,0.0589655041695,0.00575315952301,0.0689283013344,0.0882604718208,0.0228964686394,0.0543271303177,0.138412833214,0.0902903079987,0.0628212690353,0.0349568724632,0.0573433637619,0.11001598835,0.120631814003,0.0804758667946,0.0621575117111,0.0365842580795,-0.0128580927849,0.0951529741287,0.0131714940071,0.0300754904747,0.0282220840454,0.040833234787,0.00926375389099,0.0567002892494,0.0624625682831,0.0558442473412,0.0193430781364,0.0408473610878,0.056024312973,-0.0461000204086,-0.0927586555481,-0.0380589365959,0.00179171562195,0.0253686308861,0.032316505909,0.130591213703,0.104409813881,0.0235073566437,0.123286664486,0.0950210690498,0.077533364296,0.0688625574112,0.0474201440811,0.0613344311714,0.0675651431084,0.0651542544365,0.138074219227,0.1032153368,0.0869064927101,0.0759412050247,0.0777938961983,0.0969529747963,0.111382067204,0.0243777036667,0.0485108494759,0.134252488613,0.0604766011238,-0.0221765041351,-0.0117700695992,0.0334752202034,0.0642591714859,0.154360115528,0.098242521286,0.116407513618,0.0616919398308,0.107699215412,0.0703529715538,0.147894263268,0.135661959648,0.133178949356,0.158574104309,0.0712462663651,0.0214885473251,0.06651866436,0.0781769156456,0.057531774044,0.0696942806244,0.0613092780113,0.056812942028,0.0764904022217,0.0979298353195,0.00656998157501,0.0416660308838,0.0247521996498,-0.0119720101357,0.0290939807892,0.0102781057358,-0.0166214704514,0.0300979018211,0.0294511914253,0.0506323575974,0.0560520887375,0.0387123823166,0.0208975076675,0.0678167939186,0.0881683826447,0.0410529375076,0.0697844028473,0.0759954452515,0.0355301499367,0.070916891098,0.0629474520683,0.125095188618,-0.0367565155029,0.0356368422508,0.0401099920273,-0.0427821278572,0.0773697495461,0.020760178566,-0.0227160453796,0.0197081565857,0.0300296545029,0.0245692133904,0.0844885110855,0.109350144863,0.0820279717445,0.0737616419792,0.106424093246,0.0784358978271,0.0752277374268,0.0526957027614,0.0570615753531,0.923488378525
