SNP_CN_4247429_A916G_M306V_embB,0.228472960382
SNP_CN_4247431_G918A_M306I_embB,0.153731139975
SNP_CN_4247431_G918C_M306I_embB,0.103099142802
SNP_CN_4248003_A1490G_Q497R_embB,0.0722307712145
SNP_CN_4247730_G1217C_G406A_embB,0.067830687477
SNP_CN_4247729_G1216A_G406S_embB,0.0462528530526
SNP_CN_4249583_G3070A_D1024N_embB,0.0426706103291
SNP_CN_409569_G208A_A70T_iniB,0.0420157792799
SNP_CN_4247431_G918T_M306I_embB,0.0385213859652
SNP_CN_4247574_A1061C_D354A_embB,0.0349100167641
SNP_CN_4242182_G2320T_A774S_embC,0.0332831257515
SNP_CN_4249518_A3005G_H1002R_embB,0.0327949999546
SNP_CN_4247429_A916C_M306L_embB,0.0299018194528
SNP_CN_4247495_G982T_D328Y_embB,0.0233084073157
SNP_P_4243222_C11A_promoter_embA.embB,0.0232335671994
SNP_P_4243225_C8T_promoter_embA.embB,0.0179122905608
SNP_CN_4247729_G1216T_G406C_embB,0.0053534867654
SNP_CN_4243392_A160G_N54D_embA,0.00447695575792
