SNP_CN_4327380_A94C_Y32D_ethA,0.319594204426,0.334483355284,0.345044791698,0.355974316597,0.317375659943,0.345125555992,0.332718998194,0.34021255374,0.329442232847,0.352196991444,0.337046802044,0.319912999868,0.31960234046,0.339066505432,0.32811871171,0.330112487078,0.336504995823,0.337446004152,0.349130690098,0.320400208235,0.337799400091,0.357093691826,0.331789106131,0.331893026829,0.339093923569,0.35821351409,0.335204482079,0.341316521168,0.336097449064,0.338839024305,0.351816475391,0.346589207649,0.355519026518,0.347142010927,0.326940268278,0.333908617496,0.361046880484,0.325685888529,0.341632932425,0.355176746845,0.334591448307,0.342990547419,0.337386995554,0.347399055958,0.336570620537,0.352861791849,0.32282564044,0.343643218279,0.347480475903,0.318959474564,0.332623690367,0.335762530565,0.335533678532,0.355476737022,0.361942857504,0.342516392469,0.341985493898,0.348998934031,0.332462638617,0.342551857233,0.338607817888,0.346681684256,0.356392234564,0.3263682127,0.329764544964,0.341685801744,0.356127560139,0.398971199989,0.350228607655,0.329780727625,0.31894081831,0.344421207905,0.352118164301,0.333638817072,0.324881494045,0.337759047747,0.356876701117,0.316323906183,0.353334754705,0.33206564188,0.352584570646,0.305975019932,0.319887757301,0.341297835112,0.336187958717,0.338278770447,0.333515912294,0.344933390617,0.352228969336,0.342679291964,0.329701513052,0.34253051877,0.342610061169,0.323773384094,0.342212498188,0.342113018036,0.37084326148,0.354752272367,0.328596651554,0.327562063932,0.332193255424,0.333332002163,0.336427301168,0.348316609859,0.343422174454,0.330378800631,0.321446657181,0.328478336334,0.336793601513,0.328138411045,0.321792811155,0.343320548534,0.320804417133,0.351547122002,0.374304741621,0.350669413805,0.338290333748,0.342585235834,0.35546413064,0.336221039295,0.36231982708,0.361036628485,0.327517658472,0.323144078255,0.315062642097,0.356133341789,0.32203450799,0.348075389862,0.317254751921,0.335539996624,0.322804391384,0.319286942482,0.319665819407,0.330303490162,0.346931248903,0.367768257856,0.326333522797,0.364947557449,0.328529894352,0.339979887009,0.318901211023,0.342078715563,0.330995172262,0.335185289383,0.326071590185,0.331452727318,0.340496659279,0.339561104774,0.321162879467,0.307553261518,0.31886857748,0.328289836645,0.358095169067,0.345206975937,0.326104074717,0.34669187665,0.334699898958,0.341847747564,0.350595116615,0.314947992563,0.363063514233,0.333198457956,0.349245548248,0.335032969713,0.329499930143,0.360926449299,0.353944182396,0.342921435833,0.348371148109,0.345842838287,0.302781939507,0.339965730906,0.329071074724,0.341923743486,0.334534972906,0.319962382317,0.336473613977,0.320083111525,0.358897894621,0.335877656937,0.338896632195,0.352595299482,0.348116338253,0.336996793747,0.363413840532,0.332194805145,0.331602811813,0.341262161732,0.329323619604,0.352829784155,0.340279072523,0.320237129927,0.321211904287,0.366165190935,0.323071569204,0.30752274394,0.33838441968,0.322392880917,0.346510827541,0.342347353697,0.35660597682,0.346612066031,0.305396795273,0.332869976759,0.303726643324,0.338357299566,0.310897111893,0.345625013113,0.347528487444,0.354497462511,0.336105972528,0.331640183926,0.348199397326,0.328307658434,0.363802105188,0.324666649103,0.315082490444,0.331785261631,0.359923362732,0.354416310787,0.363381832838,0.313360661268,0.317765414715,0.317172527313,0.362720787525,0.3683578372,0.33882895112,0.321718305349,0.333246558905,0.351024985313,0.355579614639,0.344363361597,0.324242860079,0.325446754694,0.351744920015,0.313578337431,0.313581109047,0.348259836435,0.345011234283,0.322074592113,0.353244662285,0.346033334732,0.33191037178,0.333509832621,0.320352375507,0.333545327187,0.34862396121,0.330468177795,0.319405287504,0.348749995232,0.338047236204,0.0146686695516,23.0455284119
SNP_CZ_4326714_G760A_Q254._ethA,0.333486706018,0.350658923388,0.359405308962,0.358202755451,0.324604779482,0.360727906227,0.336733818054,0.343676298857,0.346459984779,0.361505687237,0.350444108248,0.342538625002,0.334479033947,0.34280872345,0.347309798002,0.348577231169,0.352287322283,0.362888485193,0.36647644639,0.344788074493,0.336853444576,0.365256518126,0.351509898901,0.35289901495,0.367500513792,0.344245195389,0.353066205978,0.361710220575,0.313699811697,0.354106724262,0.35753813386,0.342499703169,0.368239015341,0.37487372756,0.341850101948,0.323477089405,0.376373618841,0.324024349451,0.35885605216,0.366540789604,0.337416470051,0.362917870283,0.340528726578,0.362669557333,0.353884190321,0.369637966156,0.343312382698,0.356514960527,0.357850134373,0.34043109417,0.338677704334,0.356908023357,0.347436666489,0.367318332195,0.358622759581,0.35731190443,0.360056489706,0.368230700493,0.33887308836,0.355889558792,0.345829039812,0.363223135471,0.367010116577,0.348765820265,0.343779444695,0.336333692074,0.370535701513,0.416150927544,0.361184298992,0.32945021987,0.335251837969,0.36080211401,0.370257824659,0.350547164679,0.318923473358,0.351635038853,0.364751845598,0.331661134958,0.361102849245,0.343074291945,0.367710143328,0.320495694876,0.329224437475,0.34804970026,0.356791645288,0.343520522118,0.34488761425,0.363797813654,0.365280658007,0.357370913029,0.345095723867,0.357601940632,0.360097676516,0.318269759417,0.352776050568,0.35538983345,0.380593657494,0.375788420439,0.329337447882,0.350603401661,0.328769177198,0.343649804592,0.354757189751,0.361272662878,0.341020017862,0.341683655977,0.345131218433,0.340820550919,0.350735872984,0.331589639187,0.340558499098,0.351269036531,0.347409248352,0.362135499716,0.394678324461,0.368142068386,0.350200563669,0.371515393257,0.37113314867,0.353188455105,0.376032084227,0.346275806427,0.346775978804,0.34548407793,0.349098265171,0.373257339001,0.348078459501,0.35227355361,0.334077864885,0.330341547728,0.340447366238,0.317824214697,0.344331979752,0.347643971443,0.360389322042,0.37187603116,0.312266111374,0.387419581413,0.340766489506,0.354655742645,0.343175292015,0.354496091604,0.345597535372,0.342924118042,0.339042305946,0.354315429926,0.355410426855,0.344155460596,0.316661328077,0.314878672361,0.340241163969,0.351139873266,0.37109541893,0.364844918251,0.347272485495,0.363812834024,0.343526512384,0.345142424107,0.363724797964,0.34042185545,0.383367449045,0.34438598156,0.363327294588,0.343666642904,0.376483738422,0.379330188036,0.360168874264,0.350108355284,0.351145505905,0.355625420809,0.354592174292,0.346717000008,0.347488313913,0.362272441387,0.350338697433,0.334250628948,0.347019284964,0.333170592785,0.363471180201,0.310862272978,0.355643510818,0.354801088572,0.365213811398,0.348497450352,0.371987611055,0.34570401907,0.357928097248,0.339529722929,0.339364618063,0.373959690332,0.355231463909,0.347004264593,0.336270332336,0.369228750467,0.33943477273,0.321029573679,0.35728085041,0.348778545856,0.353001832962,0.358309537172,0.365047127008,0.352378606796,0.371529310942,0.332138836384,0.326306551695,0.355377316475,0.331113576889,0.36266887188,0.351441800594,0.363766819239,0.345260024071,0.341517835855,0.343973010778,0.343907803297,0.362915545702,0.366704970598,0.346938341856,0.337961345911,0.367175102234,0.363716989756,0.375638365746,0.339225530624,0.33024507761,0.349401026964,0.385105282068,0.382169276476,0.344304144382,0.333972603083,0.356611669064,0.370135635138,0.361353158951,0.36775046587,0.335182070732,0.343949615955,0.351292282343,0.30291596055,0.297439098358,0.353688061237,0.344030380249,0.336815446615,0.36891695857,0.303506076336,0.348810046911,0.347604423761,0.325487405062,0.372673749924,0.360373079777,0.353916913271,0.336435943842,0.359489142895,0.350831121206,0.0162723325193,21.5599765778
SNP_CN_4327416_C58A_A20S_ethA,0.317706137896,0.339326858521,0.354841470718,0.364995926619,0.29743117094,0.357257455587,0.332276105881,0.333233982325,0.29226103425,0.34639403224,0.329912215471,0.327397882938,0.311869293451,0.354098051786,0.320429116488,0.319302171469,0.332014799118,0.355944305658,0.354554206133,0.332654476166,0.330925107002,0.354841709137,0.3439450562,0.345790952444,0.334703862667,0.361191064119,0.345507770777,0.35247451067,0.345676153898,0.347938716412,0.348868131638,0.352145165205,0.363575458527,0.355588138103,0.323934406042,0.336328029633,0.365395694971,0.285726964474,0.336533278227,0.353239148855,0.337202966213,0.342667281628,0.323014855385,0.333815068007,0.350217044353,0.34834498167,0.312670260668,0.34157460928,0.34278434515,0.308222681284,0.332195281982,0.352871745825,0.33256521821,0.348973095417,0.371932566166,0.340723335743,0.351503401995,0.345714718103,0.332225769758,0.33225056529,0.341620504856,0.337253123522,0.361628085375,0.340464800596,0.322812110186,0.336659640074,0.351623475552,0.392948806286,0.348221153021,0.316623032093,0.330722659826,0.352268636227,0.356764316559,0.34948682785,0.334928780794,0.308122426271,0.349860757589,0.320001244545,0.35063380003,0.327376872301,0.353830695152,0.315897583961,0.316419571638,0.35291069746,0.340110719204,0.338225692511,0.312689483166,0.350453525782,0.358577221632,0.328042864799,0.322366178036,0.345072448254,0.356293857098,0.329257190228,0.34998357296,0.346197009087,0.366461187601,0.350944817066,0.339553236961,0.320306628942,0.337419301271,0.330838978291,0.342831462622,0.354942142963,0.326783239841,0.338514626026,0.334284067154,0.271523475647,0.322115570307,0.333704888821,0.3080753088,0.347617119551,0.318963110447,0.346589446068,0.370922148228,0.350660204887,0.342554986477,0.355384379625,0.347224980593,0.324552327394,0.367639362812,0.358930796385,0.335549324751,0.337018460035,0.32898157835,0.368181407452,0.332969874144,0.339703857899,0.318521380424,0.327606022358,0.336078852415,0.323221892118,0.338653683662,0.32828694582,0.344407588243,0.362026572227,0.339559495449,0.377643406391,0.327941447496,0.349468797445,0.301663190126,0.351035326719,0.337241351604,0.339207559824,0.33257329464,0.339284688234,0.34557595849,0.336767882109,0.343125849962,0.325322180986,0.336218416691,0.341579526663,0.361188948154,0.341450691223,0.338543027639,0.334558993578,0.304672926664,0.341254472733,0.344554334879,0.330025017262,0.372073560953,0.309040784836,0.355974793434,0.339169502258,0.366468042135,0.35367590189,0.362463235855,0.350435435772,0.318747073412,0.33788844943,0.341737091541,0.309397608042,0.341531157494,0.297564834356,0.342277914286,0.33408638835,0.328433394432,0.311501562595,0.358075320721,0.331778168678,0.32605573535,0.359954953194,0.344089657068,0.339887052774,0.357302159071,0.33079752326,0.328162997961,0.305633544922,0.32334753871,0.36006000638,0.352710127831,0.330963909626,0.32146140933,0.363752484322,0.326032310724,0.313118934631,0.354376465082,0.33427554369,0.351785510778,0.329501897097,0.365252822638,0.340483665466,0.360250324011,0.339387089014,0.304018676281,0.354764401913,0.307424247265,0.356567114592,0.33448061347,0.36231520772,0.317912697792,0.348495036364,0.338173449039,0.335159868002,0.339907377958,0.303298979998,0.343926608562,0.354424536228,0.355780273676,0.3584600389,0.365985929966,0.316245943308,0.324903815985,0.345123946667,0.371069997549,0.36574202776,0.342451244593,0.319675028324,0.322442919016,0.342071831226,0.347935676575,0.353325337172,0.323367416859,0.337178826332,0.356809258461,0.320596694946,0.320262998343,0.35111707449,0.3429697752,0.318991452456,0.361338436604,0.360568791628,0.332917630672,0.331795424223,0.305248320103,0.369506537914,0.351336359978,0.343409270048,0.315117120743,0.352269947529,0.339139550924,0.0177797190845,19.0745162964
DEL_CF_4326184_d1290G_430_ethA,0.285362780094,0.302544862032,0.350444257259,0.321861773729,0.242793321609,0.338250905275,0.301373749971,0.320391446352,0.331533581018,0.309190481901,0.305608868599,0.28980499506,0.306403100491,0.301169961691,0.288151741028,0.295888245106,0.310136467218,0.315805703402,0.318947225809,0.301724851131,0.335214734077,0.315434485674,0.273622065783,0.312243193388,0.308428794146,0.357535600662,0.339223891497,0.317803055048,0.278020918369,0.338608145714,0.293015569448,0.313890308142,0.327001094818,0.347204566002,0.288666069508,0.301056355238,0.327884823084,0.29615187645,0.313694506884,0.351160824299,0.32024666667,0.347488492727,0.333640038967,0.308841496706,0.312646508217,0.318783730268,0.291289538145,0.311892271042,0.331350803375,0.292416334152,0.290090024471,0.30477437377,0.296444892883,0.320837557316,0.31187364459,0.310072630644,0.341093182564,0.318765550852,0.304053425789,0.316302269697,0.302160650492,0.315100252628,0.322052598,0.295075178146,0.299594163895,0.296349674463,0.319805890322,0.355436384678,0.343086332083,0.292692005634,0.240593075752,0.32055208087,0.35684427619,0.332715690136,0.323660671711,0.299788624048,0.309601008892,0.286866247654,0.348083645105,0.291416794062,0.321666568518,0.287769973278,0.289881199598,0.316738963127,0.313636094332,0.281493037939,0.290941685438,0.312105774879,0.30170661211,0.344784766436,0.293327540159,0.317604601383,0.312530398369,0.293190389872,0.34081619978,0.329589396715,0.370781064034,0.324917346239,0.294137358665,0.298422545195,0.305166333914,0.288672983646,0.308718323708,0.312495559454,0.303371489048,0.321262151003,0.302021056414,0.251262009144,0.33272793889,0.295408129692,0.283079743385,0.262812763453,0.279468953609,0.326726794243,0.377621203661,0.344516038895,0.302633523941,0.320431649685,0.333625495434,0.329744249582,0.332894533873,0.323955237865,0.290928602219,0.288535505533,0.29496973753,0.318090856075,0.333116859198,0.321829974651,0.278626471758,0.308277368546,0.286803483963,0.318419963121,0.293762743473,0.278444886208,0.289932847023,0.348765909672,0.268316119909,0.329500585794,0.309285074472,0.319170087576,0.29497218132,0.296664327383,0.279457509518,0.299534618855,0.284083276987,0.286504000425,0.301793962717,0.33577477932,0.262298434973,0.264101445675,0.278303146362,0.329479604959,0.323234260082,0.348679363728,0.288352012634,0.29506996274,0.274415850639,0.337500035763,0.347876399755,0.286174923182,0.357504636049,0.293570518494,0.318614929914,0.29333370924,0.327338933945,0.322684109211,0.302594274282,0.320544451475,0.346873700619,0.34604075551,0.344843029976,0.335754960775,0.30296805501,0.308778077364,0.306898236275,0.316971570253,0.292241215706,0.324427217245,0.307858675718,0.297776997089,0.309634447098,0.314842671156,0.29798579216,0.300244599581,0.31875115633,0.323364883661,0.240317761898,0.344928175211,0.291869848967,0.321935623884,0.328605055809,0.292820483446,0.286366194487,0.302205055952,0.262812048197,0.264538019896,0.303190410137,0.291485190392,0.301517039537,0.336288362741,0.286322444677,0.346984654665,0.332050263882,0.304408043623,0.240489304066,0.307917267084,0.313498646021,0.311739146709,0.317016810179,0.292326927185,0.302123516798,0.313579589128,0.32116496563,0.326924681664,0.321541488171,0.303725540638,0.325238734484,0.341213434935,0.327300429344,0.297043055296,0.249500587583,0.297242105007,0.268622785807,0.327719271183,0.364728629589,0.329600632191,0.335048735142,0.289993882179,0.301958560944,0.279331624508,0.316495835781,0.352478712797,0.322500526905,0.335833191872,0.316823393106,0.305165320635,0.270423263311,0.308624774218,0.339785724878,0.26373359561,0.340274184942,0.294367581606,0.330472916365,0.29938185215,0.316463857889,0.331532806158,0.306304693222,0.30431458354,0.266429662704,0.317829072475,0.309961110353,0.0242799594998,12.7661294937
SNP_P_1673425_C15T_promoter_fabG1.inhA,0.283849239349,0.281393408775,0.277766168118,0.34922555089,0.271324008703,0.310860306025,0.290480732918,0.303434371948,0.276865392923,0.329506576061,0.260286182165,0.298947095871,0.301596224308,0.330055475235,0.302162915468,0.300220608711,0.323797255754,0.281177967787,0.293667942286,0.247754052281,0.258067190647,0.272981345654,0.340164065361,0.29501926899,0.259619265795,0.294468015432,0.283276498318,0.292116045952,0.238090515137,0.335096180439,0.314459472895,0.274388581514,0.319388061762,0.323086708784,0.312760591507,0.28858602047,0.341372311115,0.285088807344,0.316108167171,0.323926597834,0.305089205503,0.322374463081,0.300712943077,0.304101407528,0.287787795067,0.348257213831,0.258264124393,0.271182626486,0.285888344049,0.297750353813,0.276447713375,0.275578200817,0.273808389902,0.296385735273,0.297507733107,0.31609505415,0.251029729843,0.297142505646,0.258489340544,0.288128852844,0.305927753448,0.311712682247,0.295101702213,0.346645802259,0.349418222904,0.269656598568,0.320846647024,0.350733846426,0.278486192226,0.327441900969,0.263175874949,0.333882421255,0.28634378314,0.264917343855,0.284913122654,0.295718163252,0.265775859356,0.266218155622,0.294774055481,0.295305550098,0.292826414108,0.256225526333,0.264857500792,0.302181333303,0.333636462688,0.264040738344,0.290498733521,0.298091650009,0.317858666182,0.313310295343,0.263273894787,0.280722975731,0.267703473568,0.288885593414,0.315781921148,0.283118098974,0.329310745001,0.285405665636,0.273640662432,0.273696154356,0.248906299472,0.244081273675,0.279659688473,0.320681393147,0.259955197573,0.276807636023,0.279494941235,0.275808274746,0.294823408127,0.306517362595,0.245432883501,0.292060106993,0.291500836611,0.296254515648,0.318994820118,0.297599047422,0.30650088191,0.301000267267,0.271136045456,0.309418946505,0.290502846241,0.345653951168,0.31831651926,0.297572493553,0.257572114468,0.281872063875,0.284174889326,0.296101570129,0.269714832306,0.322844207287,0.2869528234,0.27820417285,0.290277689695,0.288959860802,0.291569501162,0.304887861013,0.290439099073,0.345967054367,0.268105149269,0.302782386541,0.289568036795,0.26688349247,0.280990511179,0.3182913661,0.289130181074,0.343311488628,0.312216252089,0.323722034693,0.262053668499,0.282286256552,0.317949771881,0.270249813795,0.327056795359,0.30809828639,0.271204471588,0.318102359772,0.266984820366,0.296937525272,0.311910152435,0.280461013317,0.301831156015,0.296710580587,0.292663872242,0.280481696129,0.32138556242,0.261935502291,0.284838527441,0.293919920921,0.339758753777,0.2915815413,0.294221878052,0.260285705328,0.283956319094,0.281561970711,0.316258102655,0.296850115061,0.296267956495,0.31091427803,0.268898665905,0.264060020447,0.324363172054,0.304179370403,0.305029243231,0.276526838541,0.294035255909,0.282770574093,0.299847662449,0.284109979868,0.28777217865,0.326265454292,0.303364038467,0.312888592482,0.289429217577,0.348283857107,0.294239103794,0.260477095842,0.285393029451,0.296261250973,0.304522514343,0.288630604744,0.28636905551,0.256995409727,0.293243706226,0.291997611523,0.276379734278,0.331797868013,0.281851023436,0.288282424212,0.299352407455,0.291801184416,0.298717439175,0.314675569534,0.314956009388,0.314723581076,0.297696650028,0.306393653154,0.280283182859,0.299063593149,0.31170219183,0.25775295496,0.266447067261,0.327868789434,0.267381042242,0.268852800131,0.341700792313,0.318494558334,0.287490606308,0.286366909742,0.283070921898,0.321723759174,0.275105506182,0.29922991991,0.291222244501,0.261261940002,0.326817303896,0.288611292839,0.30178502202,0.285136967897,0.314279526472,0.307285517454,0.307196497917,0.269038468599,0.296700716019,0.261268049479,0.287970036268,0.300993621349,0.311546832323,0.300551474094,0.314585208893,0.294423013926,0.294513136148,0.0232093725353,12.6894054413
SNP_CN_1674434_T233G_V78G_inhA,0.27287748456,0.317973613739,0.345989406109,0.357673943043,0.307033628225,0.328876256943,0.356136113405,0.333465903997,0.347761005163,0.342931777239,0.334784388542,0.30975240469,0.294188886881,0.353992551565,0.294080018997,0.339796721935,0.351673483849,0.323571771383,0.345417201519,0.365345746279,0.350633949041,0.356038510799,0.343499481678,0.301854997873,0.349838107824,0.354562669992,0.35073825717,0.334871739149,0.358840346336,0.355360746384,0.369459122419,0.339486092329,0.357484459877,0.340407818556,0.349495112896,0.338613539934,0.368705391884,0.318849146366,0.335429787636,0.367267608643,0.344056546688,0.353957772255,0.294190555811,0.336650371552,0.339300781488,0.372855722904,0.336037874222,0.334810048342,0.363971322775,0.328002542257,0.286266118288,0.365473568439,0.338942885399,0.371433705091,0.365389853716,0.360575586557,0.346762388945,0.32808765769,0.351718097925,0.344610184431,0.327987730503,0.341144770384,0.379015117884,0.344294130802,0.326734781265,0.341770201921,0.376576036215,0.417591363192,0.331961303949,0.335885077715,0.328970730305,0.343443334103,0.343825697899,0.342335551977,0.342006951571,0.35819542408,0.32529759407,0.258389979601,0.3637586236,0.330703824759,0.359785050154,0.310321569443,0.317240983248,0.347629249096,0.334646940231,0.336176365614,0.281053125858,0.355809122324,0.358750104904,0.352336883545,0.340405791998,0.344899237156,0.322763293982,0.19023039937,0.305674314499,0.354007452726,0.378379046917,0.368949979544,0.352859437466,0.350966304541,0.280168861151,0.315610617399,0.311286300421,0.344475895166,0.360951393843,0.152675807476,0.3291439116,0.318544387817,0.326090365648,0.346563071012,0.331790059805,0.350727051497,0.332148939371,0.342886149883,0.333225607872,0.373109430075,0.309041023254,0.356729924679,0.355707257986,0.353626459837,0.342685043812,0.3654974401,0.334946751595,0.335108160973,0.331792533398,0.378005713224,0.348745346069,0.346662342548,0.302932828665,0.274445533752,0.337844401598,0.31064414978,0.315569013357,0.33301281929,0.372784018517,0.373825609684,0.347259908915,0.349270939827,0.324758648872,0.367240816355,0.286839067936,0.327506363392,0.333446264267,0.269061654806,0.340175747871,0.329599231482,0.311140716076,0.344968855381,0.327159196138,0.277079880238,0.342379957438,0.328013241291,0.365271538496,0.328505158424,0.346377074718,0.361407667398,0.345529019833,0.353820830584,0.350948601961,0.34321859479,0.360960662365,0.330457299948,0.355962514877,0.34296181798,0.371667534113,0.342823654413,0.358428746462,0.338718235493,0.351341664791,0.333910614252,0.349463760853,0.341757506132,0.339523762465,0.346340119839,0.325941860676,0.317400187254,0.300529956818,0.331529706717,0.36935415864,0.358381509781,0.304253131151,0.337569326162,0.338530153036,0.306260854006,0.383050680161,0.298988699913,0.34880515933,0.346643954515,0.324027329683,0.376393437386,0.347017884254,0.344965070486,0.323403090239,0.358194559813,0.321490049362,0.32817324996,0.346566468477,0.342106372118,0.340287178755,0.351879239082,0.360507398844,0.350577056408,0.364905267954,0.322765767574,0.307253479958,0.366081684828,0.253218233585,0.355216145515,0.350218981504,0.369628340006,0.345222264528,0.262650072575,0.371038496494,0.312249183655,0.348550438881,0.325012266636,0.320013850927,0.347068816423,0.373063355684,0.356479197741,0.363961726427,0.3552993536,0.320742815733,0.315847665071,0.358990699053,0.348665505648,0.327666819096,0.306782841682,0.325227826834,0.292749881744,0.349647253752,0.334315806627,0.345658749342,0.337047249079,0.366918206215,0.305106133223,0.323024511337,0.351473718882,0.305865585804,0.33981192112,0.370531052351,0.367152184248,0.327650547028,0.322117567062,0.285939782858,0.364733219147,0.346005737782,0.351685136557,0.326349228621,0.357706278563,0.337492227554,0.0285071581602,11.8388586044
SNP_CN_1674481_T280G_S94A_inhA,0.28424012661,0.302114874125,0.310888648033,0.358524590731,0.285407215357,0.302676677704,0.249461308122,0.316640853882,0.251997411251,0.257782042027,0.280359327793,0.281168699265,0.26086768508,0.302588403225,0.264483779669,0.309102863073,0.344858318567,0.300198882818,0.297624111176,0.267230570316,0.304060846567,0.29928329587,0.287233144045,0.299413383007,0.304836004972,0.316894412041,0.307573258877,0.322361469269,0.350768536329,0.307680100203,0.276661574841,0.282481282949,0.295070290565,0.275600105524,0.277940243483,0.25599065423,0.382690995932,0.233038008213,0.347844779491,0.404098749161,0.306047946215,0.306947618723,0.301392167807,0.271031886339,0.347726136446,0.365265876055,0.260193884373,0.243229284883,0.280683666468,0.244287520647,0.266306966543,0.29827734828,0.336335033178,0.311938107014,0.346522271633,0.286477297544,0.355292260647,0.271553039551,0.258450299501,0.384923368692,0.277936995029,0.31378364563,0.329912334681,0.314266443253,0.293510705233,0.275296747684,0.314027398825,0.323692142963,0.306609034538,0.274785220623,0.238876789808,0.334383517504,0.310042381287,0.284629881382,0.280724078417,0.259062469006,0.350566148758,0.257905364037,0.325421333313,0.272682249546,0.287179470062,0.25716394186,0.317810386419,0.247135058045,0.240431055427,0.352172642946,0.240537539124,0.285751253366,0.399730205536,0.262972205877,0.380762517452,0.247253164649,0.355089008808,0.330475747585,0.280141979456,0.349107325077,0.367207765579,0.363744676113,0.321169227362,0.304767489433,0.27335819602,0.242896854877,0.326455056667,0.222998067737,0.255735695362,0.270799487829,0.223031401634,0.344150602818,0.286765873432,0.231062531471,0.277275115252,0.308931648731,0.27040117979,0.310083985329,0.320961773396,0.244593843818,0.239949256182,0.262503296137,0.255645543337,0.230843216181,0.269940495491,0.274236887693,0.232768669724,0.256019234657,0.269797354937,0.343482196331,0.290263712406,0.253124713898,0.281252503395,0.231696814299,0.329882055521,0.231880664825,0.290764510632,0.292345762253,0.266241043806,0.29061999917,0.264141201973,0.339771360159,0.244421184063,0.260104835033,0.334956943989,0.32573774457,0.226959988475,0.252701938152,0.237230971456,0.325015664101,0.331258296967,0.27979567647,0.250143200159,0.314853578806,0.251772403717,0.308062672615,0.295877218246,0.353537172079,0.347670376301,0.317326247692,0.276836365461,0.235150396824,0.284711897373,0.300536185503,0.3430993855,0.25218167901,0.316096335649,0.303846299648,0.310931831598,0.279177904129,0.314105480909,0.307999014854,0.289279639721,0.29771053791,0.249937847257,0.333177894354,0.297588795424,0.274596363306,0.250831186771,0.270349860191,0.332866460085,0.305690586567,0.34382802248,0.260510921478,0.297343969345,0.300699919462,0.276508927345,0.23372361064,0.32678937912,0.328622072935,0.339051872492,0.286236613989,0.282533019781,0.304826945066,0.305245637894,0.266545563936,0.271922111511,0.291540563107,0.284013390541,0.256966024637,0.296889960766,0.247365891933,0.336860686541,0.308208167553,0.343733549118,0.344884097576,0.282088935375,0.277258217335,0.274862080812,0.29884776473,0.211928352714,0.355236411095,0.319516271353,0.33247885108,0.258869320154,0.262201040983,0.369101524353,0.249340802431,0.296254843473,0.231934860349,0.249334037304,0.252042084932,0.31034347415,0.264531463385,0.309839129448,0.329948067665,0.231804400682,0.282423466444,0.352943629026,0.297856688499,0.298094004393,0.321915864944,0.341245412827,0.249399453402,0.349354296923,0.29854041338,0.256195276976,0.255483150482,0.250729650259,0.323787301779,0.247885257006,0.310959041119,0.348580986261,0.318612098694,0.309358537197,0.263772040606,0.301251888275,0.307702183723,0.272263169289,0.320039123297,0.391242235899,0.290641844273,0.294906407595,0.288325369358,0.293873012066,0.0380393080413,7.72550868988
INS_CF_4326141_i1333C_445_ethA,0.297514796257,0.32454392314,0.330269545317,0.316639572382,0.303112536669,0.306744247675,0.250999391079,0.347717136145,0.189121544361,0.35053935647,0.331291407347,0.320494800806,0.263720542192,0.305687069893,0.331091701984,0.293906420469,0.321167737246,0.340537905693,0.330609619617,0.217753112316,0.339806348085,0.314682722092,0.24818572402,0.332597881556,0.315526753664,0.354622393847,0.332954317331,0.313653975725,0.344559431076,0.302665114403,0.259322524071,0.335162401199,0.328773617744,0.316544115543,0.322541922331,0.274600923061,0.354286760092,0.314156919718,0.326266497374,0.32416588068,0.327428370714,0.322121530771,0.297651946545,0.325538903475,0.323811084032,0.320768088102,0.262005895376,0.34136608243,0.258061945438,0.260257363319,0.218318283558,0.309420496225,0.333281546831,0.334476023912,0.348880320787,0.340007722378,0.309309542179,0.286508321762,0.255383372307,0.341245800257,0.335436731577,0.289526969194,0.320052623749,0.2979786098,0.32863086462,0.307579278946,0.317170619965,0.126791715622,0.33437910676,0.304213017225,0.307357728481,0.198891341686,0.335170030594,0.327638208866,0.322120070457,0.30504527688,0.299915999174,0.282950252295,0.343813419342,0.337546974421,0.339557945728,0.314754366875,0.303854256868,0.342545956373,0.329994142056,0.321706563234,0.313058316708,0.319595217705,0.30159163475,0.3449678123,0.306648761034,0.29516351223,0.345255970955,0.297884732485,0.346495687962,0.264403671026,0.36639586091,0.2928198874,0.124950453639,0.179981067777,0.304762452841,0.311003386974,0.329142183065,0.318237602711,0.302563220263,0.315609842539,0.272959858179,0.302617967129,0.333769470453,0.302793681622,0.317719519138,0.330906659365,0.332034617662,0.339369058609,0.381393253803,0.332308769226,0.296300709248,0.329841256142,0.351906985044,0.319527685642,0.295786380768,0.355532288551,0.297846406698,0.321771621704,0.303152412176,0.339279323816,0.301402121782,0.322573632002,0.313928425312,0.304613381624,0.212234646082,0.306014716625,0.335677117109,0.343237638474,0.30001732707,0.335833966732,0.19016136229,0.331125050783,0.315280377865,0.348539710045,0.322443634272,0.324943035841,0.317524790764,0.270292580128,0.319472372532,0.293025106192,0.335344582796,0.314437091351,0.30988779664,0.255739450455,0.29318344593,0.332992821932,0.332084566355,0.344937741756,0.300359517336,0.281107842922,0.331727981567,0.311898708344,0.30759203434,0.263015806675,0.364135473967,0.306167006493,0.353755056858,0.318316847086,0.331842273474,0.188460409641,0.319439917803,0.335004091263,0.328498572111,0.316473454237,0.347042292356,0.297973960638,0.332831680775,0.30705216527,0.249990969896,0.316546231508,0.31330576539,0.270729869604,0.308844357729,0.307420700788,0.313969224691,0.341490805149,0.342724859715,0.326205849648,0.349005103111,0.284328639507,0.319629102945,0.331911295652,0.27223443985,0.307590693235,0.313695937395,0.323104023933,0.20172303915,0.353570103645,0.319185733795,0.257394820452,0.290075004101,0.318898051977,0.348583906889,0.326948523521,0.356154412031,0.340785324574,0.353450119495,0.321720808744,0.279484063387,0.340163528919,0.216898292303,0.327413350344,0.323935240507,0.259713828564,0.324129283428,0.337357461452,0.319845557213,0.322687357664,0.319986552,0.294800698757,0.326923131943,0.169001281261,0.313481390476,0.342156499624,0.351363390684,0.322439193726,0.243631392717,0.303096204996,0.344272911549,0.317905604839,0.0869534164667,0.312859624624,0.308925539255,0.335163861513,0.353781491518,0.35149371624,0.325931936502,0.310621649027,0.329937189817,0.305906653404,0.21192085743,0.326064199209,0.222145274282,0.307503193617,0.247236326337,0.31506806612,0.295653045177,0.319726288319,0.312276095152,0.342078000307,0.307161539793,0.314521580935,0.272912681103,0.329499661922,0.308213114738,0.0415689013898,7.4145116806
SNP_CN_1674263_T62C_I21T_inhA,0.343348652124,0.156398460269,0.351482778788,0.36654740572,0.330370336771,0.353759527206,0.341387808323,0.334004253149,0.330254256725,0.336745023727,0.337013453245,0.326234638691,0.309235721827,0.34082198143,0.315582215786,0.267253220081,0.331103980541,0.31446993351,0.340141892433,0.318500220776,0.360184967518,0.348380595446,0.263259083033,0.275762975216,0.343527436256,0.319266617298,0.342738002539,0.335595488548,0.320986479521,0.115971788764,0.348627328873,0.349462211132,0.363935261965,0.286968797445,0.150885537267,0.323860704899,0.126465439796,0.317597210407,0.335336774588,0.334324210882,0.339388608932,0.324173420668,0.336616784334,0.337854325771,0.359388172626,0.291670024395,0.33624240756,0.334901750088,0.351191818714,0.331382066011,0.31096932292,0.334897428751,0.317979305983,0.345755636692,0.359444975853,0.358765810728,0.33998939395,0.3418636024,0.310554593801,0.316950023174,0.143012925982,0.373091697693,0.322924852371,0.311619132757,0.334785431623,0.334610193968,0.376450717449,0.378270119429,0.361066251993,0.235728234053,0.327227681875,0.282697468996,0.333780884743,0.333222061396,0.3337251544,0.172780752182,0.337825447321,0.327262163162,0.344878166914,0.354783207178,0.367788910866,0.325355619192,0.338484823704,0.339252352715,0.254481822252,0.341723233461,0.318779945374,0.339589506388,0.353868067265,0.329376369715,0.333290547132,0.336286842823,0.350856363773,0.320422142744,0.326402395964,0.278794974089,0.377164959908,0.35039639473,0.331331878901,0.304191499949,0.31183591485,0.33578273654,0.289323061705,0.333646863699,0.358173489571,0.33888694644,0.300106525421,0.335695713758,0.337539225817,0.342465519905,0.283797830343,0.288598120213,0.345084488392,0.345482617617,0.380196422338,0.355611115694,0.277301877737,0.298488914967,0.344371974468,0.34968355298,0.365629285574,0.125412642956,0.323797911406,0.318968594074,0.322464227676,0.365021348,0.33015859127,0.364649921656,0.319661736488,0.31650531292,0.334501594305,0.315432816744,0.279029130936,0.324393212795,0.363633275032,0.348673909903,0.320764124393,0.31182718277,0.342918723822,0.338530898094,0.321107506752,0.342941731215,0.334338307381,0.320487558842,0.276571333408,0.338144570589,0.321434646845,0.309637516737,0.328530788422,0.32171189785,0.296473771334,0.351147800684,0.29801389575,0.356555104256,0.362716317177,0.285320103168,0.27551472187,0.307538956404,0.339733153582,0.320702016354,0.30099567771,0.317192554474,0.305814385414,0.31736689806,0.37621897459,0.355266749859,0.327658891678,0.339678049088,0.338339686394,0.274247288704,0.366271704435,0.317861288786,0.324816614389,0.260958015919,0.331709653139,0.333581954241,0.31936737895,0.330622434616,0.29945397377,0.275366604328,0.321575284004,0.287025630474,0.149027496576,0.330425679684,0.328924357891,0.312856853008,0.311446785927,0.320148646832,0.321752101183,0.288967519999,0.33710989356,0.27645778656,0.330144166946,0.279984951019,0.31367585063,0.260547608137,0.310503512621,0.314084798098,0.362843900919,0.336326271296,0.3376288414,0.318628847599,0.321993798018,0.271744906902,0.315701961517,0.3144056499,0.267490267754,0.249470964074,0.315316468477,0.34015199542,0.315698117018,0.353822588921,0.357666671276,0.324481785297,0.359329670668,0.323173284531,0.350258558989,0.318235218525,0.38034504652,0.359531641006,0.291964888573,0.307711213827,0.323514044285,0.343247711658,0.331862032413,0.326331019402,0.27530425787,0.339147865772,0.127030149102,0.368598282337,0.361620247364,0.349773824215,0.31079685688,0.30642786622,0.349684149027,0.335653156042,0.29855582118,0.342099189758,0.277080535889,0.314053803682,0.363475203514,0.371103167534,0.297255963087,0.330207586288,0.325762301683,0.2943315804,0.320684105158,0.326476544142,0.251762360334,0.362017095089,0.31977301836,0.0439043790102,7.28339672089
SNP_CN_4326305_G1169A_S390F_ethA,0.314027518034,0.320097625256,0.331926375628,0.328230828047,0.193669095635,0.31805151701,0.30983710289,0.286683738232,0.315325737,0.327349454165,0.31972065568,0.249977469444,0.297943890095,0.321182817221,0.323676645756,0.317626476288,0.270681649446,0.321098476648,0.331477642059,0.274056196213,0.310004770756,0.339099258184,0.320479393005,0.326667129993,0.290493488312,0.335879653692,0.318950980902,0.282209813595,0.334217280149,0.317953944206,0.339948713779,0.327173024416,0.345985352993,0.302229553461,0.311968207359,0.318386167288,0.333140254021,0.304229974747,0.319036364555,0.337114185095,0.19597710669,0.338190793991,0.320010334253,0.326968997717,0.321910202503,0.347664564848,0.294726163149,0.338077604771,0.337578296661,0.259438276291,0.282342284918,0.327321141958,0.311314105988,0.336330831051,0.355130404234,0.293243408203,0.325580716133,0.317519873381,0.271456390619,0.334515452385,0.333153694868,0.290599107742,0.317059218884,0.311467051506,0.3179692626,0.311406344175,0.331884264946,0.383160293102,0.30007019639,0.310884535313,0.308347076178,0.316071271896,0.309117406607,0.295293956995,0.285173863173,0.296444445848,0.3290823102,0.281794458628,0.330160528421,0.30315336585,0.331478714943,0.297704577446,0.294911235571,0.327451258898,0.281297504902,0.321358203888,0.322986334562,0.328870415688,0.338352233171,0.314575046301,0.293385952711,0.325844287872,0.33648866415,0.274375349283,0.330281049013,0.316086053848,0.350014328957,0.337095081806,0.264801353216,0.316339731216,0.312723398209,0.300073742867,0.297831207514,0.337157666683,0.312920659781,0.312486082315,0.291159689426,0.306653887033,0.316921949387,0.304787248373,0.320184230804,0.27609795332,0.263885051012,0.33085539937,0.360244810581,0.331320792437,0.318712681532,0.341681867838,0.336387842894,0.320140779018,0.352438598871,0.347760230303,0.305018603802,0.260209590197,0.223732665181,0.343782931566,0.323652505875,0.334001243114,0.29869607091,0.29835036397,0.299991071224,0.295388430357,0.277107596397,0.315879642963,0.334012269974,0.357344269753,0.305588245392,0.33342397213,0.290805071592,0.329492986202,0.303862839937,0.32575699687,0.309653818607,0.324707180262,0.318425953388,0.260080814362,0.303638011217,0.288484960794,0.306923180819,0.295264869928,0.303803473711,0.323130398989,0.331760108471,0.340404182673,0.336707949638,0.315892517567,0.321727544069,0.312852948904,0.325045913458,0.280404388905,0.0,0.311562329531,0.336550235748,0.323683589697,0.348956406116,0.311267703772,0.344175547361,0.337759971619,0.286833077669,0.326459676027,0.329749464989,0.323704272509,0.0,0.324979245663,0.27033880353,0.29904127121,0.31945681572,0.283482372761,0.342605531216,0.328001886606,0.297254651785,0.342426419258,0.337262034416,0.320681661367,0.352669924498,0.317241072655,0.319070756435,0.330240130424,0.312245875597,0.320085257292,0.32949796319,0.2868694067,0.302693128586,0.291890472174,0.256065577269,0.301934301853,0.303606778383,0.277738153934,0.330730438232,0.226567268372,0.331567972898,0.337514013052,0.347602874041,0.31653174758,0.301005095243,0.310905456543,0.248722866178,0.318415850401,0.324146956205,0.316664665937,0.309363037348,0.328709185123,0.340211689472,0.325837314129,0.349383473396,0.321704089642,0.31343537569,0.307194381952,0.349240124226,0.34144449234,0.348986655474,0.305220007896,0.289392203093,0.324165821075,0.305690526962,0.360422790051,0.295895010233,0.30993938446,0.324635177851,0.330627948046,0.302563428879,0.341759979725,0.307658076286,0.296263217926,0.33950304985,0.307106494904,0.290460854769,0.323291867971,0.316619962454,0.300648748875,0.317730486393,0.0,0.314293175936,0.296923428774,0.292484343052,0.314369291067,0.331010848284,0.302401304245,0.29818174243,0.342306256294,0.310048222542,0.0426567047834,7.26845216751
SNP_CZ_4326600_G874A_R292._ethA,0.12132114917,0.184316575527,0.144743964076,0.17151299119,0.134270295501,0.164824873209,0.167419046164,0.151533067226,0.140181511641,0.149806648493,0.150197193027,0.169554740191,0.158152580261,0.120379157364,0.172606214881,0.123389422894,0.143188908696,0.150836676359,0.141288682818,0.141613677144,0.138700067997,0.17694722116,0.16800570488,0.146296858788,0.168561130762,0.120741181076,0.160213768482,0.155395939946,0.172111481428,0.135318428278,0.207081228495,0.17695723474,0.198389068246,0.155574798584,0.126394242048,0.166205272079,0.177949681878,0.130915388465,0.13392406702,0.140047848225,0.137546807528,0.173393592238,0.151967152953,0.171220973134,0.138503089547,0.178402870893,0.152604088187,0.161212235689,0.148634135723,0.123003028333,0.124715559185,0.138997450471,0.125472038984,0.173144623637,0.142299041152,0.151556059718,0.165396004915,0.151898860931,0.137556537986,0.138156369328,0.140202060342,0.162191525102,0.149112254381,0.161643430591,0.135691046715,0.167640209198,0.125745907426,0.229413822293,0.172831431031,0.116281881928,0.149814903736,0.137704029679,0.166216239333,0.118259638548,0.186444327235,0.105666063726,0.131478130817,0.171164155006,0.157226637006,0.170964851975,0.13874681294,0.122827321291,0.138828188181,0.14828684926,0.152241826057,0.13870871067,0.162401482463,0.148025363684,0.162062123418,0.147722795606,0.130734056234,0.15518002212,0.139859259129,0.125259950757,0.136203020811,0.115877136588,0.174813047051,0.152648225427,0.157801419497,0.111746437848,0.152942359447,0.155996993184,0.137352451682,0.167209804058,0.128994762897,0.153154224157,0.17898479104,0.151333734393,0.166276708245,0.155359610915,0.12228871882,0.129965364933,0.135986641049,0.172136336565,0.197592332959,0.181547656655,0.188028901815,0.165248245001,0.208079591393,0.206629082561,0.112486213446,0.160372778773,0.184295743704,0.168603807688,0.175051137805,0.117041535676,0.145903766155,0.155564472079,0.121362268925,0.169261723757,0.129392296076,0.143020674586,0.14488658309,0.138346940279,0.184443131089,0.152409493923,0.151794046164,0.165760427713,0.157074347138,0.158514782786,0.140795364976,0.175795480609,0.126317769289,0.154051721096,0.124973595142,0.143294692039,0.123761363328,0.115794718266,0.213558867574,0.144534245133,0.162692248821,0.138102859259,0.165920883417,0.136519566178,0.146308779716,0.151089191437,0.167968928814,0.127068862319,0.162358626723,0.1259906739,0.138034492731,0.173571839929,0.14798784256,0.175216630101,0.172649547458,0.170146659017,0.131652504206,0.141867250204,0.138806343079,0.134025916457,0.11983795464,0.151873573661,0.142572596669,0.16100820899,0.125707253814,0.140104800463,0.105788379908,0.149425968528,0.162115305662,0.164548233151,0.16163161397,0.176904693246,0.186203867197,0.174181774259,0.163685053587,0.164521828294,0.105852559209,0.151163339615,0.162927687168,0.144941836596,0.153122246265,0.117919899523,0.122909508646,0.149104848504,0.153787717223,0.150128334761,0.161041781306,0.173130258918,0.134777933359,0.154095694423,0.182606488466,0.120719008148,0.173655897379,0.168975993991,0.13521848619,0.137700155377,0.14313441515,0.155793607235,0.136005714536,0.194483056664,0.18098436296,0.161058336496,0.166027218103,0.166215717793,0.165207490325,0.162826418877,0.160623699427,0.177773162723,0.161168083549,0.149754568934,0.177960455418,0.155984908342,0.127934828401,0.182240873575,0.157456874847,0.138922274113,0.186158701777,0.114269137383,0.154893502593,0.167258456349,0.1277218014,0.139139607549,0.167323172092,0.202708095312,0.129292577505,0.170398935676,0.136125400662,0.20562261343,0.173468992114,0.206259608269,0.166349872947,0.135652735829,0.161252215505,0.154503107071,0.142548859119,0.132869228721,0.153927206993,0.130825102329,0.137644767761,0.152547255158,0.152775883675,0.0218189246953,7.00198936462
SNP_CN_4326713_T761G_Q254P_ethA,0.2042170614,0.30292904377,0.305345922709,0.328567028046,0.197519376874,0.308945119381,0.217506438494,0.288656592369,0.290682882071,0.331465959549,0.287999868393,0.284000724554,0.25547632575,0.296505302191,0.234839245677,0.266667276621,0.321166843176,0.284590214491,0.296721845865,0.296660840511,0.274313986301,0.203723996878,0.288018554449,0.30758652091,0.31134814024,0.311567515135,0.222544535995,0.279554396868,0.234314382076,0.316330343485,0.283845871687,0.331599235535,0.338863283396,0.275142401457,0.219655543566,0.267012536526,0.33384335041,0.304626196623,0.30155903101,0.214790418744,0.314284622669,0.281045258045,0.281844168901,0.328053981066,0.21939304471,0.321933329105,0.299245417118,0.332664459944,0.215630948544,0.27929058671,0.294440120459,0.292147189379,0.315049856901,0.287828832865,0.294024795294,0.262675493956,0.0446928776801,0.324121773243,0.301214814186,0.302127957344,0.296274244785,0.320934802294,0.305303305387,0.193189173937,0.305853694677,0.315950483084,0.305536448956,0.35321572423,0.298938304186,0.232839033008,0.288302987814,0.242121204734,0.0572778731585,0.194444984198,0.287286669016,0.218857958913,0.242927774787,0.300521701574,0.319160372019,0.301647901535,0.330273360014,0.269274920225,0.257888883352,0.3221167624,0.324470460415,0.319376766682,0.233741655946,0.269912332296,0.296272069216,0.22316275537,0.284549295902,0.325615257025,0.233415752649,0.253543198109,0.304074496031,0.228885263205,0.220697984099,0.289227843285,0.308048248291,0.308526545763,0.211341321468,0.276023715734,0.288834452629,0.22130779922,0.282942801714,0.312427967787,0.180849984288,0.27548456192,0.29344689846,0.189209282398,0.267695635557,0.299999117851,0.288984149694,0.325708478689,0.235794752836,0.29668956995,0.294860243797,0.298009634018,0.301730692387,0.30134499073,0.30658647418,0.306666642427,0.223778411746,0.314314961433,0.298489660025,0.303264468908,0.263737082481,0.302034646273,0.301038086414,0.293190687895,0.209897771478,0.279584258795,0.216202661395,0.282356113195,0.285399794579,0.295709967613,0.197773039341,0.329055786133,0.235347524285,0.30923563242,0.293229877949,0.314667105675,0.307133316994,0.318587809801,0.295326262712,0.273673087358,0.323802918196,0.294726550579,0.286942243576,0.24858379364,0.289805293083,0.288226753473,0.263944029808,0.280988782644,0.292442291975,0.323200553656,0.288019984961,0.317526459694,0.322429597378,0.26306900382,0.300922691822,0.300801455975,0.317682415247,0.316992431879,0.0619347989559,0.306255191565,0.319702148438,0.291078776121,0.273763597012,0.293375492096,0.333692103624,0.300214439631,0.312311828136,0.289731174707,0.204710438848,0.25620958209,0.296288996935,0.284067809582,0.296630650759,0.317053973675,0.298016399145,0.342498630285,0.323958843946,0.235158652067,0.335015118122,0.0597987882793,0.301890701056,0.298629611731,0.299690365791,0.306126862764,0.301221728325,0.218002319336,0.215601712465,0.341723144054,0.249062508345,0.277796238661,0.287950843573,0.298327803612,0.3021941185,0.239015266299,0.341301739216,0.33111256361,0.307270020247,0.227095931768,0.200612902641,0.237539827824,0.287804067135,0.202690199018,0.30047789216,0.320109456778,0.22796665132,0.295938104391,0.281614750624,0.30757856369,0.298813462257,0.239490047097,0.307577550411,0.322496056557,0.337958812714,0.297877699137,0.340801864862,0.293611854315,0.285786747932,0.321673810482,0.33508041501,0.326924800873,0.320009291172,0.312262713909,0.227764979005,0.294370234013,0.301206946373,0.249817624688,0.271892488003,0.272855460644,0.276940941811,0.297560244799,0.263329327106,0.234528809786,0.242235153913,0.293082118034,0.307669103146,0.311160892248,0.290452778339,0.282848328352,0.256892681122,0.327230036259,0.318150669336,0.293557375669,0.25385555625,0.236575067043,0.280789196491,0.0465856194496,6.02737903595
SNP_CN_4326333_C1141G_A381P_ethA,0.248651266098,0.356131345034,0.312456518412,0.379488438368,0.348403513432,0.378433823586,0.292181223631,0.252417981625,0.287477374077,0.256345808506,0.365957349539,0.20263363421,0.341310232878,0.275679707527,0.243381530046,0.227577894926,0.290949016809,0.27694028616,0.280218809843,0.209957137704,0.377799719572,0.242709413171,0.264910966158,0.286311417818,0.376956194639,0.307424247265,0.362547278404,0.390896379948,0.363159239292,0.260475724936,0.285057425499,0.294209450483,0.285987138748,0.232412204146,0.213613450527,0.26764652133,0.312814116478,0.276019632816,0.248917549849,0.265811264515,0.244407445192,0.243628799915,0.103777691722,0.371321171522,0.238886877894,0.388493388891,0.274106800556,0.30640283227,0.283887118101,0.360805898905,0.280375123024,0.375030815601,0.275111854076,0.319320857525,0.409776389599,0.375052750111,0.375092715025,0.266671776772,0.256081938744,0.280741870403,0.36242890358,0.28834733367,0.380392789841,0.237679034472,0.279545217752,0.245073229074,0.296707332134,0.346735090017,0.365422010422,0.356789112091,0.258733183146,0.365556448698,0.38332349062,0.369580358267,0.334571152925,0.37713316083,0.381367623806,0.225068926811,0.378215909004,0.352599561214,0.26247921586,0.255907505751,0.339494287968,0.256531894207,0.373858451843,0.267499983311,0.356676161289,0.374080240726,0.271415054798,0.281073659658,0.363186180592,0.279330521822,0.390282273293,0.350059449673,0.269075334072,0.26251962781,0.38849812746,0.237043693662,0.349266707897,0.293558448553,0.265625059605,0.280520111322,0.24800413847,0.287548094988,0.271487414837,0.242375299335,0.357737183571,0.237008616328,0.290206640959,0.360476493835,0.357744574547,0.382025867701,0.255324184895,0.29174926877,0.254874050617,0.316063135862,0.277292042971,0.294510692358,0.305765837431,0.27674689889,0.301543414593,0.403191447258,0.35668477416,0.232994168997,0.357311964035,0.383804559708,0.28278902173,0.372090756893,0.346504062414,0.274108469486,0.224076867104,0.230894863605,0.209393724799,0.361962586641,0.244930714369,0.394266188145,0.259834587574,0.396121263504,0.30445638299,0.272212326527,0.263587594032,0.38598254323,0.353439450264,0.26820024848,0.260625720024,0.250391542912,0.362665504217,0.276747703552,0.218016535044,0.258974909782,0.229516014457,0.352063626051,0.284222334623,0.377624809742,0.384696125984,0.230672761798,0.270047456026,0.217718750238,0.371840596199,0.358575820923,0.295127481222,0.369463205338,0.289502173662,0.282158911228,0.281936556101,0.30368694663,0.308488488197,0.272814333439,0.249091714621,0.358973115683,0.375006437302,0.18347902596,0.360058516264,0.371934294701,0.248907715082,0.34346100688,0.255340635777,0.260414153337,0.300896167755,0.276242882013,0.366272270679,0.382020145655,0.270700454712,0.379577100277,0.281068950891,0.254149228334,0.368735134602,0.365205764771,0.291299641132,0.279731333256,0.369128018618,0.265103906393,0.275638967752,0.282871335745,0.367197602987,0.319091260433,0.249311253428,0.222473219037,0.292357057333,0.288590848446,0.393105447292,0.245097666979,0.294072061777,0.272704273462,0.260319024324,0.256783545017,0.341724604368,0.379487931728,0.262588977814,0.386623620987,0.371769547462,0.192563727498,0.293998152018,0.258960664272,0.28864517808,0.285486012697,0.287994801998,0.366982340813,0.267248570919,0.269704014063,0.316925823689,0.357310861349,0.27321895957,0.369769066572,0.263852208853,0.310724884272,0.236547604203,0.344499617815,0.287532180548,0.293962806463,0.284561723471,0.265105694532,0.279001504183,0.244528189301,0.290421187878,0.192378863692,0.246897727251,0.374478936195,0.281306445599,0.340941995382,0.291766434908,0.293794423342,0.295107066631,0.36186131835,0.259168177843,0.307257384062,0.302220791578,0.282372683287,0.254132479429,0.245523393154,0.301986932755,0.0544642359018,5.54468297958
SNP_CZ_4326278_G1196T_S399._ethA,0.105435840786,0.0893879905343,0.0804295986891,0.0940989181399,0.0785626396537,0.0967338010669,0.0702054202557,0.107258453965,0.0995035618544,0.0600291565061,0.104138895869,0.0677184686065,0.112490847707,0.0778929367661,0.0821615606546,0.0886794477701,0.0864475816488,0.121775373816,0.0701762288809,0.131102621555,0.12482624501,0.108048304915,0.0708941668272,0.0785128474236,0.127889439464,0.0807774886489,0.0986880138516,0.075619161129,0.0750250741839,0.0863725244999,0.123283743858,0.126941412687,0.0995292291045,0.0895636603236,0.095438465476,0.0875419303775,0.0796207636595,0.0713203027844,0.0951493829489,0.0681519806385,0.0950545147061,0.0985305160284,0.0543193370104,0.0865117907524,0.0948198735714,0.0824238061905,0.0836692526937,0.112478099763,0.102012127638,0.0861683040857,0.0896827578545,0.0846413969994,0.0857013389468,0.102307483554,0.102685302496,0.0831491574645,0.12001850456,0.0800974741578,0.101848170161,0.0924484506249,0.112122327089,0.0836234763265,0.0893583744764,0.0661350116134,0.0700294524431,0.102466098964,0.10775706172,0.104881815612,0.0895388498902,0.0857652723789,0.0938235670328,0.092317417264,0.0725011304021,0.0966873317957,0.049773208797,0.0998393818736,0.0928759500384,0.113779276609,0.110715948045,0.0706931874156,0.085759960115,0.0596687868237,0.103774435818,0.0673829987645,0.0740411356091,0.0892363935709,0.0371737927198,0.0924052223563,0.10003387928,0.0538623631001,0.123392224312,0.106162667274,0.0866329222918,0.106826484203,0.0696438923478,0.0737720355392,0.0863489285111,0.114615015686,0.0428709089756,0.0851938501,0.122217416763,0.0847628936172,0.098256893456,0.0896377563477,0.0869670882821,0.121809795499,0.0735422149301,0.0714848935604,0.0720513910055,0.0662203878164,0.11314252764,0.0991682633758,0.0637533962727,0.0723721012473,0.13099040091,0.119469493628,0.0664359256625,0.104375705123,0.12142495811,0.0940185561776,0.116282522678,0.0694534033537,0.0935697704554,0.0981106385589,0.0883634164929,0.0834971964359,0.0872907713056,0.0668412446976,0.105466485023,0.107420600951,0.0561402291059,0.106807887554,0.08445315063,0.0703098550439,0.072591111064,0.0786627158523,0.079085893929,0.12466583401,0.106522642076,0.085780441761,0.0996745824814,0.0940005481243,0.0877617225051,0.0728458762169,0.118889570236,0.0608122199774,0.111775368452,0.107410982251,0.105585925281,0.0996186137199,0.0687059983611,0.103721596301,0.0614260397851,0.0878714472055,0.105945691466,0.0981965884566,0.115885525942,0.106496416032,0.129847750068,0.0703806653619,0.0751900598407,0.0574848391116,0.11248934269,0.0856669098139,0.0882594436407,0.100983403623,0.0897635146976,0.0902716070414,0.0592660456896,0.0960555002093,0.0686637759209,0.092707015574,0.0886310786009,0.0766296386719,0.0897018015385,0.08579120785,0.106625646353,0.0895120278001,0.0993756502867,0.0955622941256,0.101539358497,0.0932142734528,0.103584527969,0.0867419987917,0.0972058102489,0.0714576244354,0.0632167086005,0.0881027951837,0.083735615015,0.074555285275,0.0838941335678,0.0696077942848,0.105715833604,0.0852062255144,0.103378377855,0.0940149798989,0.112601399422,0.101126149297,0.0931829586625,0.10454697907,0.102647431195,0.0809588432312,0.0964281484485,0.119625769556,0.0747743025422,0.0994862020016,0.0855287462473,0.102363698184,0.0606617480516,0.107617653906,0.112866051495,0.0747494697571,0.073957644403,0.1104247123,0.064613237977,0.103961758316,0.106128826737,0.0924195051193,0.0802235975862,0.0777785181999,0.1017556265,0.0821173861623,0.0863805115223,0.0968831628561,0.0563641563058,0.102797016501,0.103373266757,0.0857041105628,0.0895724371076,0.0956632345915,0.119702622294,0.0727403536439,0.0670341849327,0.0941617712379,0.101389154792,0.0986433029175,0.0842443928123,0.127991139889,0.0634169355035,0.0698834732175,0.0742163583636,0.063319414854,0.118295490742,0.088316783309,0.0843106284738,0.0803893208504,0.0885861739516,0.122356511652,0.0831252858043,0.106520682573,0.0906058996916,0.0180345326662,5.02402257919
SNP_CN_4326116_G1358A_T453I_ethA,0.34435904026,0.238979712129,0.366967052221,0.223966613412,0.237677231431,0.242037698627,0.243992999196,0.229339823127,0.348528414965,0.371933043003,0.230562716722,0.18629154563,0.211308836937,0.362968564034,0.244093254209,0.353880941868,0.245756343007,0.263459175825,0.252511799335,0.361778587103,0.351720184088,0.237316787243,0.19809037447,0.275625914335,0.195694774389,0.370746225119,0.2260851264,0.363070696592,0.229550421238,0.248844817281,0.190610796213,0.224994704127,0.197237402201,0.250262737274,0.228368401527,0.223711431026,0.208025097847,0.338256686926,0.233425110579,0.37661588192,0.349564433098,0.240398749709,0.218448251486,0.239291056991,0.231476381421,0.237711235881,0.343274086714,0.226520016789,0.357019692659,0.341732293367,0.353431075811,0.262038648129,0.35561221838,0.219576358795,0.378106117249,0.274043828249,0.244901284575,0.248896196485,0.354109674692,0.364712864161,0.219952881336,0.235856339335,0.287736356258,0.21747072041,0.262104541063,0.242028206587,0.291284739971,0.115763805807,0.23983463645,0.345623850822,0.137082770467,0.362982362509,0.241429939866,0.360270291567,0.234058618546,0.356470555067,0.370750546455,0.196039825678,0.224202394485,0.235476195812,0.264856338501,0.322911977768,0.231216609478,0.280262202024,0.239964663982,0.352781116962,0.214595422149,0.261143833399,0.273347705603,0.23129633069,0.212140932679,0.211409106851,0.211608171463,0.218107014894,0.365383058786,0.362106055021,0.274488687515,0.375233769417,0.264055132866,0.35903403163,0.230923593044,0.20477154851,0.351500809193,0.262402147055,0.249595597386,0.268680214882,0.153368577361,0.185928195715,0.186097577214,0.225459784269,0.346022188663,0.360660195351,0.233847633004,0.237983554602,0.248540133238,0.240540400147,0.197461023927,0.178325250745,0.0242441631854,0.15519233048,0.381357073784,0.37715151906,0.189141571522,0.199039489031,0.23336648941,0.374944359064,0.258705735207,0.239675283432,0.346425443888,0.239449486136,0.344530850649,0.317226469517,0.256065875292,0.355137586594,0.223326489329,0.37759333849,0.20314873755,0.251615852118,0.198754012585,0.253549993038,0.337601363659,0.24571916461,0.350531846285,0.233224153519,0.272677481174,0.242442667484,0.356144487858,0.351132810116,0.196309447289,0.199530035257,0.202862903476,0.244468852878,0.248369038105,0.371674150229,0.262266814709,0.233847752213,0.202196985483,0.359942853451,0.259522646666,0.239770010114,0.390786528587,0.182648718357,0.374884486198,0.164254456758,0.195883736014,0.233875885606,0.297920674086,0.370136409998,0.363853275776,0.363553613424,0.274925857782,0.268049299717,0.230000853539,0.220230802894,0.352058082819,0.338260740042,0.359337091446,0.202567756176,0.374964624643,0.366128921509,0.253183484077,0.234272390604,0.20295701921,0.198104590178,0.273920059204,0.181176051497,0.35942953825,0.268955916166,0.211654767394,0.376348495483,0.365407735109,0.349510967731,0.344059079885,0.280057758093,0.202710941434,0.320154309273,0.25011318922,0.162477269769,0.244944065809,0.248278185725,0.190030738711,0.372869819403,0.222992941737,0.152861118317,0.231176570058,0.364684015512,0.234660789371,0.229455605149,0.366348236799,0.211145982146,0.234833449125,0.251360118389,0.233935311437,0.200582429767,0.282582104206,0.215458080173,0.265213221312,0.234757393599,0.252440690994,0.240805029869,0.192990526557,0.176797226071,0.307452857494,0.238788679242,0.279484540224,0.388198554516,0.166555583477,0.338687300682,0.238230660558,0.254406809807,0.382636219263,0.373755037785,0.173252686858,0.164246246219,0.364985942841,0.188568308949,0.325898110867,0.153602898121,0.187077820301,0.0753654688597,0.228098198771,0.369584918022,0.2131921947,0.196826457977,0.19167073071,0.27061650157,0.370722174644,0.340013831854,0.242082700133,0.232557713985,0.266841679811,0.0695165172219,3.83853626251
SNP_CZ_4327148_C326T_W109._ethA,0.207892209291,0.214408889413,0.213267654181,0.0,0.0,0.193579167128,0.253303587437,0.195165500045,0.19906912744,0.217664510012,0.275775641203,0.254657328129,0.272204905748,0.208870813251,0.197428271174,0.284274101257,0.272673875093,0.0,0.213372051716,0.281742602587,0.209656447172,0.220216304064,0.215113580227,0.19859804213,0.215428590775,0.307926177979,0.215823441744,0.188280463219,0.168198466301,0.0,0.242649495602,0.26632091403,0.0,0.0,0.273792982101,0.169157922268,0.197787940502,0.201868012547,0.194908365607,0.217050716281,0.217699021101,0.274625599384,0.28400310874,0.278663694859,0.270049393177,0.218540474772,0.181093484163,0.260061264038,0.0,0.268560558558,0.277745783329,0.208972528577,0.282429933548,0.0,0.320602059364,0.289971858263,0.181476548314,0.287145912647,0.191969409585,0.211129575968,0.266237288713,0.207898467779,0.284828364849,0.288894236088,0.26090785861,0.290614306927,0.210333585739,0.232267931104,0.274819821119,0.252485990524,0.166488602757,0.193787246943,0.237204506993,0.198621228337,0.186553552747,0.190203532577,0.277361541986,0.0,0.208032116294,0.197856813669,0.283610910177,0.265873640776,0.273357748985,0.305257111788,0.208742961287,0.187180623412,0.0,0.214837685227,0.296914339066,0.301203578711,0.264169722795,0.0,0.298210680485,0.211720913649,0.0,0.20258449018,0.32610270381,0.221624702215,0.189947158098,0.292199790478,0.201897069812,0.195025265217,0.275967478752,0.195420205593,0.281886518002,0.257971256971,0.191801413894,0.274406671524,0.275147438049,0.26666533947,0.167417481542,0.283885031939,0.257143318653,0.296002924442,0.308982312679,0.293214708567,0.276147902012,0.297073274851,0.253867834806,0.281793445349,0.0,0.287926435471,0.265844672918,0.203537687659,0.175421431661,0.215094953775,0.28191781044,0.23206885159,0.256875365973,0.264578312635,0.189400151372,0.191494673491,0.189856573939,0.275560230017,0.277044296265,0.20099619031,0.17749722302,0.204915344715,0.282084673643,0.281007707119,0.0,0.285666495562,0.28776332736,0.209272474051,0.251889318228,0.224954262376,0.215229213238,0.186487913132,0.0,0.254093766212,0.197107464075,0.23869279027,0.265624642372,0.277756422758,0.207401201129,0.293930977583,0.267561733723,0.272152632475,0.311038851738,0.265611499548,0.254359900951,0.0,0.237323716283,0.0,0.288547635078,0.302160352468,0.216444596648,0.265011042356,0.28496336937,0.282602190971,0.301162362099,0.212714388967,0.275020807981,0.278513967991,0.259375065565,0.0,0.212911054492,0.222035244107,0.216601639986,0.172469690442,0.185261711478,0.216691479087,0.302241146564,0.283390581608,0.0,0.18892852962,0.252895593643,0.273940116167,0.269290089607,0.293335795403,0.0,0.189573183656,0.258089929819,0.235400259495,0.182760342956,0.228796124458,0.286468327045,0.196271538734,0.280013382435,0.213170468807,0.310788363218,0.292949527502,0.291104912758,0.273822963238,0.236982136965,0.20551905036,0.239583030343,0.197398483753,0.293802410364,0.230952471495,0.216413617134,0.0,0.204469993711,0.276319354773,0.218421801925,0.269987225533,0.20251044631,0.254927992821,0.0,0.19409276545,0.228367060423,0.259209692478,0.143463224173,0.274750947952,0.300045073032,0.310253798962,0.29697316885,0.202215120196,0.300244688988,0.303366959095,0.207281038165,0.0,0.187429726124,0.0,0.201672121882,0.23348903656,0.170553714037,0.29446426034,0.199791073799,0.269318640232,0.272151321173,0.218504950404,0.254326760769,0.196810588241,0.262575268745,0.223907247186,0.274381160736,0.200691357255,0.165577426553,0.293208509684,0.219210758805,0.0816110223532,2.6860435009
SNP_CN_1673449_A10C_T4P_fabG1,-0.0652087256312,-0.089736007154,-0.0423788130283,-0.106190100312,-0.129122182727,-0.116297744215,-0.0700457915664,-0.147399678826,-0.0619546286762,-0.0333965085447,-0.0745368078351,-0.158819153905,-0.155295535922,-0.122523322701,-0.0710206180811,-0.132867395878,-0.0891936272383,-0.154678106308,-0.139473259449,-0.0825704187155,-0.0602158568799,-0.0559654198587,-0.0999720618129,-0.0906935110688,-0.080324485898,-0.0791008323431,-0.055221978575,-0.0946906208992,-0.100469589233,-0.120036996901,-0.0728782340884,-0.0544942505658,-0.049606975168,-0.141327992082,-0.0426219590008,-0.0854910984635,-0.0781985893846,-0.0785529762506,-0.0826038792729,-0.116836123168,-0.079317137599,-0.0519541949034,-0.0688739195466,-0.0678907781839,-0.118831753731,-0.0615793392062,-0.0991552174091,-0.0256274156272,-0.0697836950421,-0.166778728366,-0.0170983336866,-0.125193819404,-0.0395113825798,-0.0716689452529,-0.00763720646501,-0.0764482468367,-0.141289815307,-0.149305969477,-0.121256805956,-0.085449129343,-0.0277231670916,-0.121639937162,-0.147918179631,-0.137209028006,-0.105250678957,-0.152536809444,-0.101079359651,-0.0571307726204,-0.0854448825121,-0.0960707738996,-0.123383678496,-0.129964113235,-0.0864886194468,-0.120897531509,-0.144123151898,-0.0931452065706,-0.10335791111,-0.0959535464644,-0.0698502585292,-0.0737342461944,-0.111552901566,-0.0819418281317,-0.108580090106,-0.0396441593766,-0.0973037928343,-0.0695003122091,-0.0882582962513,-0.0632007345557,-0.0759132504463,-0.108354061842,-0.130051672459,-0.0894662737846,-0.0650588572025,-0.135469213128,-0.128041803837,-0.0903014168143,-0.0560925863683,-0.116945199668,-0.0291612930596,-0.103405565023,-0.0512916445732,-0.0848252028227,-0.132640451193,-0.0637647807598,-0.080235004425,-0.0501017980278,-0.116298265755,-0.0907072424889,-0.133275270462,-0.0710004195571,-0.114506483078,-0.0319306515157,-0.154117107391,-0.0596548393369,-0.0918829664588,-0.0901614278555,-0.121409833431,-0.0796099454165,-0.053812738508,-0.0649588853121,-0.0916723012924,-0.0797924473882,-0.113207630813,-0.106236889958,-0.132187351584,-0.120261900127,-0.130053788424,-0.0407371744514,-0.0845100879669,-0.143583804369,-0.13158364594,-0.0591159723699,-0.123875826597,-0.134213134646,-0.114747956395,-0.0406131185591,-0.111685544252,-0.1234440431,-0.133540824056,-0.147130683064,-0.175964236259,-0.0742740035057,-0.0749392360449,-0.0813523158431,-0.0612273588777,-0.110350176692,-0.0747955963016,0.00959107838571,-0.171945169568,-0.184951677918,-0.175176367164,-0.104395240545,-0.0758564546704,-0.153895273805,-0.091940395534,-0.116895578802,-0.0787193328142,-0.0626429691911,-0.153850123286,-0.110908016562,-0.0988081619143,-0.0897879824042,-0.140510171652,-0.101600386202,-0.128787904978,-0.11917462945,-0.0753269642591,-0.118457108736,-0.0560316853225,-0.0834296643734,-0.0567107535899,-0.0255371071398,-0.119715511799,-0.128044560552,-0.139488890767,-0.149018362164,-0.0642422065139,-0.0633037909865,0.00109525164589,-0.118184216321,-0.0661361888051,-0.042755972594,-0.0900397598743,-0.074268296361,-0.0787220746279,-0.0440235100687,-0.160424590111,-0.0908486694098,-0.114307649434,-0.0953776463866,-0.149454340339,-0.139678135514,-0.105807960033,-0.0823480859399,-0.028007702902,-0.0297989118844,-0.0656774118543,-0.0966333374381,-0.0925777927041,-0.0539940670133,-0.110467493534,-0.0748365148902,-0.128177762032,-0.137318864465,-0.134827628732,-0.0803392156959,-0.0704270899296,-0.121339172125,-0.130774408579,-0.0860580727458,-0.0450016744435,-0.0985239446163,-0.113095425069,-0.146874964237,-0.0591577962041,-0.154142320156,-0.14499014616,-0.137613907456,-0.00386050646193,0.0103315031156,-0.0544046126306,-0.150835737586,-0.111909136176,-0.0737132281065,-0.112610816956,-0.121618844569,-0.041953779757,-0.0563802421093,-0.167441353202,-0.0934177488089,-0.0446859709918,-0.0765450373292,-0.105473361909,-0.0791340395808,-0.111349463463,-0.0600565671921,-0.0728810504079,-0.078769788146,-0.151272058487,-0.0238839015365,-0.0968998894095,-0.0557996407151,-0.0773424506187,-0.0833045169711,-0.0648642331362,-0.0460293889046,-0.0722247362137,-0.133161053061,-0.0674914941192,-0.0387725308537,-0.0931133925915,0.0380040183663,-2.45009326935
SNP_CN_4327311_A163G_S55P_ethA,0.18308056891,0.197881266475,0.203950330615,0.213041514158,0.262432485819,0.0,0.0,0.284966528416,0.189773246646,0.203843593597,0.190175279975,0.24340967834,0.182512775064,0.209999978542,0.244405031204,0.202480569482,0.269984722137,0.187769591808,0.226080164313,0.271207243204,0.179263070226,0.0,0.217555999756,0.29756423831,0.283690273762,0.0,0.271466255188,0.211992815137,0.269602060318,0.197323009372,0.225806176662,0.194524213672,0.206202611327,0.285270571709,0.193863123655,0.276019155979,0.0,0.264113932848,0.0,0.227305665612,0.280218064785,0.285786956549,0.29102781415,0.282296389341,0.178292825818,0.278447926044,0.201913625002,0.283807218075,0.0,0.266052365303,0.212169751525,0.176380574703,0.211583912373,0.238297238946,0.309657305479,0.291521191597,0.191247597337,0.197163805366,0.285140097141,0.209530979395,0.278219163418,0.203226596117,0.320787280798,0.222337022424,0.175946652889,0.183534726501,0.230651408434,0.252410501242,0.293040663004,0.181405156851,0.0,0.260468691587,0.222955644131,0.198105856776,0.263226479292,0.26856097579,0.257458209991,0.265586912632,0.289625734091,0.191637471318,0.0,0.219960510731,0.18784236908,0.0,0.0,0.269265651703,0.207449376583,0.0,0.289774775505,0.298692762852,0.258663743734,0.217322543263,0.312528312206,0.274139106274,0.290887981653,0.212552547455,0.192119166255,0.219217464328,0.305490285158,0.267979174852,0.294275134802,0.273054659367,0.22009703517,0.300560474396,0.283209860325,0.187687858939,0.207238793373,0.207905068994,0.179624259472,0.195426508784,0.192804247141,0.209049940109,0.181594416499,0.299024105072,0.302199631929,0.288597941399,0.27040246129,0.213548630476,0.0,0.26443991065,0.29716026783,0.0,0.179391905665,0.189035266638,0.256757885218,0.219530984759,0.27698841691,0.287011414766,0.270186424255,0.0,0.18742454052,0.261744618416,0.278696238995,0.265459209681,0.297011643648,0.252526938915,0.180133372545,0.293369889259,0.266530781984,0.268647998571,0.246149629354,0.288588345051,0.258842200041,0.179727658629,0.277725666761,0.278753697872,0.202999591827,0.279946386814,0.197529494762,0.183542385697,0.246894717216,0.0,0.287142604589,0.205367103219,0.0,0.206853285432,0.204662099481,0.214417934418,0.223328575492,0.197284057736,0.319308280945,0.284566730261,0.286200910807,0.284701853991,0.301264107227,0.204180166125,0.195138245821,0.289056092501,0.226604640484,0.0,0.0,0.0,0.280908107758,0.0,0.0,0.0,0.28210285306,0.19858160615,0.206639274955,0.235840007663,0.207516491413,0.226044714451,0.295143663883,0.280579000711,0.187302708626,0.199434891343,0.196541890502,0.291938990355,0.180328756571,0.213074982166,0.289441615343,0.25375187397,0.176882758737,0.295500069857,0.277126014233,0.191799357533,0.267209231853,0.0,0.212229162455,0.281124204397,0.218373626471,0.0,0.214522302151,0.282601743937,0.185417324305,0.276771306992,0.168216943741,0.294386327267,0.191050887108,0.0,0.18324354291,0.289172172546,0.202403739095,0.213127940893,0.291701048613,0.253851503134,0.288059085608,0.284137576818,0.301752060652,0.291428923607,0.233307540417,0.196408525109,0.234329104424,0.192270070314,0.192296400666,0.0,0.289925634861,0.0,0.271364152431,0.205778509378,0.293238639832,0.218038588762,0.269461899996,0.217581257224,0.0,0.234360292554,0.0,0.0,0.0,0.277856767178,0.204230576754,0.21347489953,0.205162361264,0.277290046215,0.0,0.195691138506,0.281860142946,0.291287720203,0.0,0.298696607351,0.208569824696,0.0914925262332,2.27963781357
SNP_P_1673423_G17T_promoter_fabG1.inhA,0.105551749468,0.174597859383,0.13155503571,0.17381028831,0.165980488062,0.134767144918,0.127949103713,0.189466968179,0.155023008585,0.165406271815,0.0693484768271,0.112716056406,0.150989621878,0.0409340560436,0.113189451396,0.125010222197,0.0867043361068,0.0605803951621,0.106133326888,0.204566508532,0.128422126174,0.188848719001,0.119721420109,0.132705032825,0.0981303527951,0.110157214105,0.216958254576,0.0235524680465,0.180934801698,0.119962073863,0.107901491225,0.0671630203724,0.26128795743,0.14034627378,0.106225766242,0.0787625908852,0.0837965235114,0.104270249605,0.143935263157,0.124770067632,0.192765548825,0.0878370925784,0.191779121757,0.208582147956,0.112399533391,0.121862180531,0.177336812019,0.119404956698,0.102156236768,0.121506214142,0.0649325102568,0.103861808777,0.071412101388,0.080996029079,0.0826547965407,0.109058894217,0.16582930088,0.0990995913744,0.189226612449,0.277469962835,0.0910139381886,0.0211451500654,0.258461922407,0.0928898975253,0.141176357865,0.11001227051,0.147017329931,0.094347782433,0.248239442706,0.13585922122,0.308217763901,0.139571011066,0.203833073378,-0.0196523163468,0.120171315968,0.126232340932,0.152267605066,0.0567765943706,0.0211988054216,0.105819530785,0.152724057436,0.137107685208,0.195747569203,0.0771261528134,0.0796022117138,0.104609727859,0.117318943143,0.121478192508,0.116511613131,0.117295145988,0.125456124544,0.10695862025,0.198095485568,0.11218547821,0.124070875347,0.140832915902,0.14524550736,0.201211050153,0.214482367039,0.141834139824,0.0156522896141,-0.0214883554727,0.203892812133,0.265806823969,0.121948845685,0.106807976961,0.067616596818,0.223356068134,0.163696527481,0.0717946663499,0.0244084391743,0.124718979001,0.0124732982367,0.15231589973,0.207516461611,0.266679257154,0.0611398592591,0.127660557628,0.126848295331,0.158297687769,0.142382785678,0.038776949048,0.0947733968496,0.160099700093,0.104129090905,0.148430198431,0.055491283536,0.13351778686,0.163738280535,-0.0116015644744,-0.0109831802547,0.214407414198,0.134138941765,0.0620708167553,0.133802771568,0.122627899051,0.0926182866096,0.123680844903,0.0959860533476,0.139069959521,0.0685191601515,0.093089595437,0.126090347767,0.157866477966,0.122282348573,0.122919395566,0.0767042338848,0.118917703629,0.150611594319,0.121438287199,0.0928803831339,0.271001815796,0.0433143824339,0.0607428774238,0.0656475871801,0.183266490698,0.132458940148,0.0856271460652,0.0442743599415,0.106959834695,0.106332957745,0.0636111050844,0.114803925157,0.21233458817,0.13204434514,0.107806906104,0.265484303236,0.108155153692,0.158998399973,0.187538415194,0.155215665698,0.104974545538,0.194169253111,0.110611021519,0.159983843565,0.0899020880461,0.0982258617878,0.0664953440428,0.177397206426,0.200604766607,0.136692762375,-0.0501589365304,0.11598969996,0.127805888653,0.0910429283977,0.228878706694,0.0208441596478,0.187426567078,0.199911370873,0.0702333748341,0.0301248598844,0.0632626563311,0.0562981069088,0.0763132348657,0.0864515453577,0.0580953732133,0.121698252857,0.123218290508,0.140752911568,0.0258094090968,0.161856740713,0.200200796127,0.112509183586,0.0600721538067,0.147367909551,0.0561232864857,0.0562547706068,0.103841647506,0.167970433831,0.116010420024,0.187814936042,0.060421705246,0.126737579703,0.137590825558,0.0438124909997,0.0998597145081,0.135625869036,0.162730872631,0.124963119626,0.190669879317,0.110225506127,0.079451136291,0.173250213265,0.14295168221,0.12495675683,0.241093441844,0.107128992677,0.0856053978205,0.100519031286,0.110309012234,-0.0363794267178,0.209342598915,-0.00406923796982,0.168269187212,0.130939736962,0.146954581141,0.0155801950023,0.172559648752,0.180429756641,0.113868921995,0.226099282503,0.101670928299,0.157221496105,0.13378354907,0.0869445502758,0.0564122200012,0.0859009250998,0.166605189443,0.245058745146,0.147430330515,0.123670578003,0.0600233785808,2.06037354469
INS_CF_4326722_i752C_251_ethA,0.127847149968,0.0768633261323,0.138340741396,0.101391553879,0.190383121371,0.322137832642,0.0524722598493,0.0409542769194,0.0205283779651,-0.0746443495154,0.322476059198,0.108623057604,-0.0852228850126,0.0321966782212,0.0984792932868,0.174172192812,-0.0779206007719,0.0954750329256,0.162276700139,0.0994924753904,0.0334173887968,0.262141138315,0.0469582602382,0.106659501791,0.0403541736305,-0.0676204264164,0.0880148634315,0.0198321677744,0.128554418683,0.339474290609,0.203139841557,0.336807608604,-0.00253900815733,0.064274430275,0.13439373672,0.31627112627,0.134951099753,0.129062652588,0.0993188992143,0.223239183426,0.308909326792,0.160828486085,0.297572731972,0.199567735195,0.180559411645,-0.0756782516837,0.157398238778,0.0989625602961,-0.0726434364915,0.280082345009,0.108861863613,-0.104885205626,-0.0364951118827,0.18737617135,0.147881299257,0.139075741172,0.125344216824,0.0627107620239,0.0890056043863,-0.265247881413,0.0967218503356,-0.0568764097989,-0.0604650452733,0.042979195714,0.012396956794,-0.232168763876,0.0418508015573,-0.0929991006851,0.121241308749,0.017164029181,0.0778816342354,0.0560095719993,-0.0264638848603,0.327373981476,0.141109585762,0.0369169451296,-0.0794745981693,0.075286321342,0.0926007032394,-0.102443307638,0.300383657217,0.0279995556921,0.328585654497,0.14533957839,0.0250647813082,0.00161167001352,0.0240221414715,0.141629576683,0.104035004973,0.057485897094,-0.0711086094379,0.146465867758,-0.0836033076048,0.117140807211,0.111903905869,0.0759909451008,0.0805024877191,0.0205957051367,0.32948282361,-0.118700958788,-0.128701493144,0.103429503739,0.11355561018,-0.0545609109104,0.114146441221,-0.0552475750446,-0.00402482831851,0.0991692617536,0.167529523373,0.124146662652,0.140730902553,0.0897797644138,0.0461053811014,0.0416487418115,0.364371746778,-0.0366014912724,0.0488396249712,-0.0109737897292,0.132270351052,0.0788579434156,0.00837194919586,0.137919843197,0.152519509196,0.137996137142,-0.00244141113944,0.181332230568,0.00507310591638,-0.0400919169188,0.076775893569,0.136787801981,0.118265502155,0.0783828571439,0.0957808792591,0.269625991583,0.323864161968,0.359881550074,0.0243394840509,0.0239296797663,-0.0920840129256,0.15081577003,0.209184139967,0.0117944786325,0.0523547455668,-0.00695952214301,-0.155270770192,0.205823048949,0.103626564145,0.0376751832664,-0.0725997537374,0.268523216248,0.106991037726,-0.00450815306976,0.161803245544,0.150107264519,0.332491248846,0.105460390449,0.00127945211716,0.119043201208,0.120997443795,0.0568410605192,-0.0649083554745,0.082549624145,0.130386561155,0.113750614226,0.104438021779,0.0275301281363,0.16404299438,0.0414927750826,0.104553863406,0.0954387933016,0.0461354367435,0.137610375881,0.0176818687469,-0.0668559893966,-0.0665285289288,-0.0527361668646,-0.0619185939431,-0.103365674615,0.177957221866,-0.196255668998,0.0631662905216,-0.027024416253,0.0404587499797,0.124646157026,0.0970185399055,-0.0159627757967,0.199083611369,-0.00938518438488,0.00191694498062,-0.0618136636913,0.170884907246,0.160260245204,-0.187926799059,0.166170835495,0.118194229901,0.101146519184,-0.0113502293825,0.310193508863,-0.00788828637451,0.093483902514,0.068452462554,-0.0945625975728,0.0,0.0624825432897,-0.107744000852,0.02665492706,0.0511347912252,-0.0153169333935,0.0302410330623,0.0280283261091,0.308715373278,0.11351249367,-0.0905257612467,0.255520790815,0.358556836843,-0.0228621717542,0.0915374010801,-0.121857389808,0.110541179776,0.0915098935366,0.0423764847219,0.0839567035437,0.176848381758,-0.0537963099778,0.147536128759,0.0343595221639,0.156417652965,0.1650454849,0.157929763198,0.124363549054,0.332591325045,0.0179482735693,0.0136998491362,-0.0818819329143,0.0634593293071,-0.0204080995172,0.17345353961,0.0224978979677,0.04788313061,0.0488117672503,-0.0852227956057,0.183185502887,0.0174017436802,-0.107138246298,0.123586781323,0.161817222834,0.0610211007297,0.0132675645873,-0.189558386803,0.01180427894,0.0763016343117,0.117913648486,0.647097587585
