SNP_CN_2289090_T152C_H51R_pncA,0.0654018713864
SNP_CN_2288883_A359G_L120P_pncA,0.0337114929793
SNP_P_2289252_T11C_promoter_pncA,0.0280955399943
SNP_CN_2288839_T403G_T135P_pncA,0.0277536160588
SNP_CN_2288854_C388T_V130M_pncA,0.025679600894
SNP_CN_2288696_C546A_L182F_pncA,0.0254471866477
SNP_CN_2289213_T29G_Q10P_pncA,0.0243101086588
SNP_CN_2289070_A172G_F58L_pncA,0.0231016310878
SNP_CN_2289099_T143G_K48T_pncA,0.0213937976
SNP_CN_2289016_T226G_T76P_pncA,0.020698416447
INS_CF_2288725_i517C_173_pncA,0.0195515879751
SNP_CN_2289202_A40G_C14R_pncA,0.0173278484482
SNP_CN_2289180_A62C_V21G_pncA,0.0158808422413
SNP_CN_2289081_G161A_P54L_pncA,0.014820360794
SNP_CN_2288953_C289T_G97S_pncA,0.0148084107882
SNP_CN_2289231_A11G_L4S_pncA,0.0136594793538
SNP_CN_2289207_T35C_D12G_pncA,0.0130757062687
SNP_CN_2288818_T424C_T142A_pncA,0.0129875991013
SNP_CN_2289097_C145T_D49N_pncA,0.0129687685678
SNP_P_2289245_T4A_promoter_pncA,0.012952263785
SNP_CN_2288805_G437T_A146E_pncA,0.0126836385475
SNP_CN_2289103_T139C_T47A_pncA,0.0115329479812
DEL_CF_2289069_d173A_58_pncA,0.0111277113708
SNP_CN_2289040_A202C_W68G_pncA,0.0111206163212
SNP_CN_2288841_G401A_A134V_pncA,0.010856734773
SNP_CN_2288704_C538A_V180F_pncA,0.0107738564468
SNP_CN_2289073_G169A_H57Y_pncA,0.0107192836272
SNP_CN_2288697_A545G_L182S_pncA,0.0106600089663
SNP_CN_2288848_C394T_G132S_pncA,0.0106424075994
SNP_CN_2288973_A269G_I90T_pncA,0.0106130862675
INS_CF_2288835_i407T_136_pncA,0.0104918079679
INS_CF_2288887_i355A_119_pncA,0.0102826346912
SNP_CN_2288935_A307G_Y103H_pncA,0.0100870724217
SNP_CN_2288820_T422G_Q141P_pncA,0.00991385711067
SNP_CN_2289207_T35G_D12A_pncA,0.00986652661521
SNP_CN_2289054_T188G_D63A_pncA,0.0095009801128
SNP_CN_2288952_C290T_G97D_pncA,0.00822177596817
SNP_CZ_2289050_A192T_Y64._pncA,0.00821545321823
INS_CF_2289050_i192T_64_pncA,0.00821420175877
SNP_CN_2289072_T170A_H57L_pncA,0.00820689203116
SNP_CZ_2289214_G28A_Q10._pncA,0.00814016766334
SNP_CN_2289150_A92C_I31S_pncA,0.00813678149719
INS_CF_2288825_i417C_139_pncA,0.00813526861103
SNP_CN_2289040_A202G_W68R_pncA,0.00810560365074
SNP_CN_2289028_A214G_C72R_pncA,0.00806869876268
DEL_CF_2288776_d466GCACCCTG_156_pncA,0.0080659137819
SNP_CN_2288805_G437A_A146V_pncA,0.0080518836544
SNP_CN_2289073_G169C_H57D_pncA,0.00804257590009
SNP_CN_2288827_C415T_V139M_pncA,0.00803680692395
SNP_CN_2288730_G512A_A171V_pncA,0.00801816718585
SNP_CN_2288826_A416C_V139G_pncA,0.00795842658551
SNP_CN_2288988_A254G_L85P_pncA,0.00790375333341
SNP_CN_2288697_A545C_L182W_pncA,0.00787724875972
INS_CF_2289009_i233C_78_pncA,0.00774752055524
SNP_CN_2289213_T29C_Q10R_pncA,0.00550736508273
SNP_CN_2288742_G500A_T167I_pncA,0.00522731513184
SNP_CN_2289162_A80G_L27P_pncA,0.00517104814945
SNP_CN_2288853_A389T_V130E_pncA,0.00507214609784
SNP_CN_2288847_C395T_G132D_pncA,0.00506442207191
SNP_CN_2288964_A278C_V93G_pncA,0.0049743620353
SNP_CN_2288727_A515G_L172P_pncA,0.00496739708188
SNP_P_2289252_T11G_promoter_pncA,0.00494191560906
SNP_CN_2288778_A464C_V155G_pncA,0.00491865479035
DEL_CF_2289060_d182GTGCCGGA_61_pncA,0.00490930738627
SNP_CN_2288703_A539C_V180G_pncA,0.00490653436803
SNP_CN_2289046_A196G_S66P_pncA,0.00484442369136
SNP_CN_2288944_T298G_T100P_pncA,0.00483905285944
SNP_CN_2289216_A26C_V9G_pncA,0.00483731331542
SNP_CN_2288775_A467G_L156P_pncA,0.0048060912208
SNP_CN_2288718_A524C_M175R_pncA,0.00480582856041
SNP_CN_2289219_T23C_D8G_pncA,0.00479296852537
SNP_CN_2288859_A383C_V128G_pncA,0.00477157538317
SNP_CN_2289206_G36C_D12E_pncA,0.00476846219259
DEL_CF_2288697_d545AACT_182_pncA,0.0047674742027
SNP_CN_2289220_C22T_D8N_pncA,0.00475042623872
SNP_CN_2288956_T286C_K96E_pncA,0.0047381002756
INS_CF_2288942_i300T_100_pncA,0.00472302868173
SNP_CN_2288718_A524G_M175T_pncA,0.00471835622453
SNP_CN_2289054_T188C_D63G_pncA,0.00470979872592
SNP_CN_2289042_G200C_S67W_pncA,0.00470967656801
SNP_CN_2288887_A355C_W119G_pncA,0.00469223575456
INS_CF_2288851_i391C_131_pncA,0.00468226613084
SNP_CN_2289043_A199G_S67P_pncA,0.00467145182105
SNP_CN_2288938_C304G_A102P_pncA,0.00466791660933
SNP_CN_2289095_G147C_D49E_pncA,0.00466631230497
SNP_CN_2288844_A398G_I133T_pncA,0.00465747470029
SNP_CN_2289228_A14G_I5T_pncA,0.00464031937089
SNP_CN_2289030_T212G_H71P_pncA,0.00461091876589
SNP_CN_2288919_C323T_G108E_pncA,0.00460028520425
SNP_CN_2288934_T308C_Y103C_pncA,0.00458042198835
SNP_CZ_2289042_G200T_S67._pncA,0.00457192863339
SNP_CN_2288826_A416G_V139A_pncA,0.00456706963022
SNP_CN_2289212_C30G_Q10H_pncA,0.00455144829442
SNP_CN_2289015_G227A_T76I_pncA,0.0045411975978
SNP_CN_2288766_A476C_L159R_pncA,0.00453769892489
SNP_CN_2288965_C277A_V93L_pncA,0.00452691850102
SNP_CN_2289069_A173C_F58C_pncA,0.00445030594235
SNP_CN_2288956_T286G_K96Q_pncA,0.00427097286111
SNP_CN_2288955_T287G_K96T_pncA,0.00420772368063
SNP_CN_2288817_G425A_T142M_pncA,0.00409087681183
DEL_CF_2288939_d303TCCGGTGTAG_101_pncA,0.00400333857735
SNP_CN_2289037_G205A_P69S_pncA,0.00355000121524
SNP_CN_2288869_C373A_V125F_pncA,0.00340923880942
SNP_CN_2288835_T407C_D136G_pncA,0.00334591917015
SNP_CN_2289091_G151A_H51Y_pncA,0.0031940622623
INS_CF_2288851_i391CC_131_pncA,0.00318661192503
SNP_CN_2289001_A241C_F81V_pncA,0.00135556216039
SNP_CN_2288853_A389C_V130G_pncA,0.000280038142235
SNP_CN_2288764_T478C_T160A_pncA,0.0
SNP_CN_2288883_A359C_L120R_pncA,0.0
SNP_CN_2289142_A100C_Y34D_pncA,0.0
SNP_CN_2289090_T152G_H51P_pncA,0.0
SNP_CN_2288925_A317G_F106S_pncA,0.0
SNP_CN_2289186_A56G_L19P_pncA,0.0
DEL_CD_2288942_d300GGTGTA_100_pncA,0.0
SNP_CN_2289009_C233A_G78V_pncA,0.0
SNP_CN_2289030_T212C_H71R_pncA,0.0
SNP_P_2289251_A10C_promoter_pncA,0.0
SNP_CN_2288818_T424G_T142P_pncA,0.0
SNP_CN_2288943_G299A_T100I_pncA,0.0
SNP_CN_2289072_T170C_H57R_pncA,0.0
SNP_CN_2288850_A392C_V131G_pncA,0.0
SNP_CN_2288784_G458T_T153N_pncA,0.0
DEL_CF_2288923_d319C_107_pncA,0.0
