SNP_CN_781687_A128G_K43R_rpsL,0.15261825261
SNP_N_1473246_A1401G_rrs,0.0752522003388
SNP_N_1472359_A514C_rrs,0.0440006649402
SNP_CN_781822_A263C_K88T_rpsL,0.032576725878
SNP_CN_4407927_T276G_E92D_gid,0.0316564292747
SNP_N_1473343_G1498T_rrs,0.0305404097373
SNP_CN_4408156_A47C_L16R_gid,0.02954911688
SNP_CN_781822_A263G_K88R_rpsL,0.0271137267221
SNP_CN_4408094_C109T_G37R_gid,0.0223613541444
SNP_CN_4408054_A149C_L50R_gid,0.0218637887167
SNP_CN_4407967_A236C_L79W_gid,0.0172682496199
SNP_N_1472362_C517T_rrs,0.0170437599596
DEL_CF_4408023_d180T_60_gid,0.0158891576113
SNP_CN_4407934_A269C_L90R_gid,0.0149134787911
SNP_N_1472358_C513T_rrs,0.0144052307919
SNP_CN_4407985_C218G_G73A_gid,0.0143841489545
SNP_CN_4407768_C435A_L145F_gid,0.0141527127352
SNP_CN_4407790_G413A_A138V_gid,0.0140467467888
INS_P_781407_i153C_promoter_rpsL,0.0138829388174
SNP_CN_4407809_C394A_D132Y_gid,0.0129975499419
SNP_N_1472751_A906G_rrs,0.0126743032353
SNP_CN_4407967_A236G_L79S_gid,0.0117067634076
SNP_CN_4408125_C78G_L26F_gid,0.0102356820031
SNP_CN_4408003_T200C_D67G_gid,0.0099509847912
SNP_P_781395_T165C_promoter_rpsL,0.0097580186168
SNP_I_1473637_A21G_inter_rrs_rrl,0.00853269836021
DEL_CF_4407852_d351C_117_gid,0.00836457128222
SNP_N_1472753_A908C_rrs,0.00833625961972
SNP_CN_4407973_A230C_V77G_gid,0.00831776109627
SNP_CN_4407995_T208G_S70R_gid,0.00793186459874
SNP_CN_781822_A263T_K88M_rpsL,0.0077332606366
DEL_CF_4407640_d563A_188_gid,0.00750139210795
SNP_CN_4407986_C217T_G73R_gid,0.00696625500986
SNP_CN_4407993_G210T_S70R_gid,0.00677633807572
SNP_N_1473109_T1264G_rrs,0.0067494354977
DEL_CF_4408101_d102C_34_gid,0.00666835440199
SNP_N_1472337_C492T_rrs,0.00652802832444
SNP_CN_4407946_A257C_L86R_gid,0.0063641156178
SNP_CN_4408061_G142A_H48Y_gid,0.00616173838304
SNP_CN_4407748_A455G_L152S_gid,0.00616112599432
SNP_CN_4407832_A371G_V124A_gid,0.00600477433094
SNP_CN_4408072_A131C_L44R_gid,0.00569805855723
SNP_CN_4407970_G233A_P78L_gid,0.00536852110906
DEL_CF_4408067_d136C_46_gid,0.00534689046599
SNP_CN_4408084_T119G_E40A_gid,0.00521954980973
SNP_CN_4407797_A406G_S136P_gid,0.00520629466449
SNP_CN_4407956_G247C_R83G_gid,0.00497608699832
SNP_CN_4407946_A257G_L86P_gid,0.00484068748025
SNP_N_1472750_C905A_rrs,0.00453115641431
SNP_N_1473167_T1322G_rrs,0.00444180000317
SNP_CN_4408064_G139C_R47G_gid,0.00441023859239
SNP_N_1473160_G1315A_rrs,0.0043698044246
SNP_CN_4407691_A512C_V171G_gid,0.00427051736962
SNP_CN_781821_A262C_K88Q_rpsL,0.00425349234251
SNP_CN_4407980_G223A_P75S_gid,0.00423713210272
SNP_CN_4407758_T445G_S149R_gid,0.00421002162405
SNP_CN_4408091_G112T_P38T_gid,0.00417816267036
DEL_CF_4408116_d87G_29_gid,0.00416229930981
SNP_CN_4407694_T509C_E170G_gid,0.00389631573735
SNP_CZ_4408085_C118A_E40._gid,0.00377245171825
SNP_CN_4407857_G346C_R116G_gid,0.003632852996
SNP_CN_4407863_T340A_I114F_gid,0.00328696597464
SNP_CN_4408201_A2C_M1R_gid,0.00325523877391
SNP_N_1472084_C239A_rrs,0.00323731276487
SNP_I_1473632_G26A_inter_rrs_rrl,0.00308228122818
SNP_CN_4407856_C347G_R116P_gid,0.00307701982291
SNP_CN_4407955_C248A_R83L_gid,0.00305371341719
SNP_CN_4408138_T65C_Y22C_gid,0.00302849923314
SNP_CN_4407613_C590G_R197P_gid,0.0030205521425
SNP_CN_4407935_G268T_L90I_gid,0.00287877482714
SNP_CN_4408141_C62G_R21P_gid,0.00277868622486
SNP_CN_4408064_G139A_R47W_gid,0.00272817744405
DEL_CF_4407846_d357G_119_gid,0.00259633617957
SNP_N_1473247_C1402T_rrs,0.00258166018871
SNP_CZ_4407731_G472A_R158._gid,0.00252287656259
SNP_N_1472723_G878A_rrs,0.00251864659164
INS_CF_4407833_i370G_124_gid,0.00248315871982
SNP_N_1471945_G100A_rrs,0.00247268795054
INS_NF_1472488_i642T_rrs,0.00247196480307
DEL_CF_4408088_d115G_39_gid,0.00242678813791
SNP_CN_4407916_C287A_R96L_gid,0.00242599256221
SNP_CN_4408102_C101T_G34E_gid,0.00241997818566
SNP_CN_4407724_A479G_L160P_gid,0.00241778856708
DEL_CF_4407624_d579CG_193_gid,0.00241301043374
SNP_N_1472425_T580C_rrs,0.00240873737266
SNP_CN_4408060_T143G_H48P_gid,0.00239706120923
SNP_I_1473396_A262G_inter_rrs_rrl,0.00239203142461
DEL_CF_4408161_d42C_14_gid,0.00238584981965
SNP_CN_4407989_C214T_A72T_gid,0.00236647160304
SNP_CN_4407794_G409A_R137W_gid,0.00236632900921
SNP_CN_4407853_C350T_G117E_gid,0.00233589327237
SNP_CN_4407790_G413T_A138E_gid,0.00230087621756
SNP_CN_4408148_C55G_A19P_gid,0.00229688407268
SNP_CN_4407854_C349G_G117R_gid,0.00222721045139
SNP_CN_4407847_G356T_A119D_gid,0.00215943845541
SNP_N_1473062_T1217C_rrs,0.00206932301097
SNP_CN_4408124_C79G_A27P_gid,0.00203686664522
DEL_CF_4407851_d352G_118_gid,0.0019874080554
SNP_N_1473050_A1205G_rrs,0.00169374831475
SNP_CN_4407932_G271C_L91V_gid,0.00167524060418
SNP_CN_4407940_A263G_V88A_gid,0.00161434766136
SNP_CN_4408159_C44G_R15P_gid,0.00159659829964
SNP_P_781421_C139A_promoter_rpsL,0.00154053035448
SNP_P_4408315_G19A_promoter_gid,0.00142017307788
SNP_P_4408213_G121A_promoter_gid,0.00127184676348
SNP_CN_4407880_A323G_L108P_gid,0.00126615823958
SNP_N_1472750_C905G_rrs,0.00120395790258
SNP_N_1472644_C799T_rrs,0.00117144907819
SNP_N_1472781_C936T_rrs,0.00106011187544
SNP_CN_4407590_C613T_A205T_gid,0.000966183276387
SNP_CN_4407905_A298C_F100V_gid,0.00093905292675
SNP_CN_4408138_T65G_Y22S_gid,0.000820906388256
INS_CI_4407803_i400CCG_134_gid,0.000786466658145
SNP_N_1471861_T16C_rrs,0.000714983053625
SNP_CN_4407952_G251A_P84L_gid,0.000507475806129
SNP_CN_4407802_G401C_A134G_gid,0.000493366986014
SNP_N_1473329_G1484T_rrs,0.000474604202621
SNP_CN_4407620_A583G_Y195H_gid,0.000434981927879
SNP_CN_4407793_C410G_R137P_gid,0.000303860372082
SNP_P_781435_G125C_promoter_rpsL,0.000297937708183
SNP_N_1472214_C369G_rrs,0.000281440019978
INS_CF_4408101_i102C_34_gid,0.000271164057149
SNP_CN_4407631_C572A_C191F_gid,0.000263897263386
SNP_CN_4407730_C473A_R158L_gid,0.000261749973604
SNP_N_1472826_G981C_rrs,0.000255427499345
SNP_N_1472225_C380A_rrs,0.000245840871445
SNP_N_1472754_G909T_rrs,0.000240420977136
SNP_N_1472742_C897T_rrs,0.000222261332717
SNP_N_1472812_A967C_rrs,0.000220746324028
SNP_N_1473342_G1497T_rrs,0.000219959506837
SNP_N_1472824_T979A_rrs,0.000211689961784
SNP_N_1472803_T958A_rrs,0.000206562899545
SNP_N_1472172_T327C_rrs,0.000182778616091
SNP_N_1472887_G1042C_rrs,0.000175782269072
SNP_N_1472557_G712A_rrs,0.000172080401003
SNP_N_1472153_G308A_rrs,0.000169321642423
INS_I_1471827_i19AGA_inter_murA_rrs,0.000156592603263
SNP_N_1472549_G704A_rrs,0.000147629200711
SNP_N_1472147_G302A_rrs,0.000147569066472
SNP_N_1472530_G685A_rrs,0.000137181424663
SNP_N_1472138_C293T_rrs,0.000118002272634
SNP_N_1472537_C692T_rrs,0.000112798278802
SNP_N_1472534_G689T_rrs,0.000112614560985
SNP_N_1473247_C1402A_rrs,0.000105214041925
SNP_N_1472793_A948T_rrs,0.000101686696114
SNP_N_1471967_G122A_rrs,0.000101049604094
SNP_N_1471970_G125A_rrs,8.97471626499e-05
SNP_N_1472338_A493G_rrs,8.61922265124e-05
SNP_N_1472135_C290T_rrs,8.39740322798e-05
SNP_N_1472344_C499T_rrs,7.55519414209e-05
SNP_N_1473292_G1447T_rrs,6.22577729504e-05
INS_NF_1472313_i467A_rrs,5.70689181283e-05
SNP_N_1471972_T127C_rrs,5.08393359845e-05
SNP_N_1473283_T1438C_rrs,4.77883723989e-05
SNP_N_1472525_C680A_rrs,4.58867109132e-05
SNP_N_1472828_T983C_rrs,4.24039540256e-05
SNP_N_1471980_G135C_rrs,4.2146792229e-05
DEL_NF_1473286_d1440C_rrs,4.13338022915e-05
SNP_N_1472328_G483C_rrs,3.87008521493e-05
SNP_N_1472895_C1050T_rrs,3.80897615976e-05
INS_NI_1472881_i1035ACCTGCACA_rrs,3.63525910877e-05
SNP_N_1472405_C560T_rrs,3.42594825392e-05
SNP_N_1472598_A753T_rrs,3.22879103304e-05
SNP_N_1473276_A1431G_rrs,1.90361789001e-05
INS_NF_1472987_i1141A_rrs,1.83132947552e-05
SNP_N_1473294_A1449G_rrs,1.74556761041e-05
SNP_N_1473259_C1414T_rrs,1.72696361763e-05
INS_NI_1472130_i284TCC_rrs,1.15461460581e-05
SNP_N_1473290_C1445T_rrs,1.09596167608e-05
DEL_NF_1472990_d1144A_rrs,1.06344915911e-05
SNP_N_1472675_T830C_rrs,8.25835348791e-06
SNP_N_1472973_A1128T_rrs,4.33855215676e-06
SNP_N_1472996_T1151C_rrs,4.33553700928e-06
SNP_N_1472673_T828G_rrs,2.94115670543e-06
SNP_N_1472770_C925T_rrs,2.14949503389e-06
SNP_N_1472677_C832A_rrs,1.24301247907e-06
SNP_CN_4407802_G401T_A134E_gid,0.0
SNP_CN_4407793_C410A_R137L_gid,0.0
SNP_CN_4408069_C134G_W45S_gid,0.0
SNP_N_1473104_C1259T_rrs,0.0
SNP_N_1472251_G406A_rrs,0.0
SNP_N_1473053_T1208G_rrs,0.0
SNP_CN_4408063_C140A_R47L_gid,0.0
SNP_CN_4407947_G256A_L86F_gid,0.0
SNP_N_1472660_T815C_rrs,0.0
SNP_N_1472259_C414A_rrs,0.0
SNP_N_1473252_T1407C_rrs,0.0
SNP_N_1473136_A1291T_rrs,0.0
SNP_CN_4407995_T208C_S70G_gid,0.0
SNP_N_1472325_G480C_rrs,0.0
SNP_CN_4407756_G447C_S149R_gid,0.0
SNP_N_1471868_T23G_rrs,0.0
SNP_CN_4407880_A323C_L108R_gid,0.0
SNP_CZ_4408069_C134T_W45._gid,0.0
DEL_CF_4408162_d41G_14_gid,0.0
SNP_N_1472655_G810T_rrs,0.0
SNP_CN_4407704_C499A_A167S_gid,0.0
