SNP_CN_781687_A128G_K43R_rpsL,0.229433114715
SNP_N_1473246_A1401G_rrs,0.111955974516
SNP_N_1472359_A514C_rrs,0.0631528089005
SNP_CN_781822_A263C_K88T_rpsL,0.0522994710973
SNP_CN_4407927_T276G_E92D_gid,0.051074454127
SNP_CN_781822_A263G_K88R_rpsL,0.0444306566466
SNP_N_1473343_G1498T_rrs,0.0400325680528
SNP_CN_4408094_C109T_G37R_gid,0.0322985203319
SNP_CN_4408156_A47C_L16R_gid,0.0310655853715
SNP_CN_4407967_A236C_L79W_gid,0.0261394582951
SNP_N_1472362_C517T_rrs,0.0246698835622
SNP_CN_4407934_A269C_L90R_gid,0.0212086797257
SNP_CN_4407768_C435A_L145F_gid,0.0208339540807
SNP_CN_4407985_C218G_G73A_gid,0.0208228973676
SNP_N_1472358_C513T_rrs,0.0201846430068
SNP_N_1472751_A906G_rrs,0.0195056471211
DEL_CF_4408023_d180T_60_gid,0.0191906556899
SNP_CN_4407809_C394A_D132Y_gid,0.0190570180502
SNP_CN_4407967_A236G_L79S_gid,0.0165605348555
SNP_N_1472753_A908C_rrs,0.0133316897209
SNP_I_1473637_A21G_inter_rrs_rrl,0.0121797609204
DEL_CF_4407640_d563A_188_gid,0.0112181430561
SNP_CN_4407995_T208G_S70R_gid,0.0105896198524
SNP_CN_781822_A263T_K88M_rpsL,0.00930349901523
SNP_CN_4407748_A455G_L152S_gid,0.00859331032938
SNP_CN_4407832_A371G_V124A_gid,0.00855348115212
DEL_CF_4407852_d351C_117_gid,0.00838929408509
SNP_N_1473109_T1264G_rrs,0.00801423655417
SNP_N_1472337_C492T_rrs,0.00766911624239
SNP_CN_4408091_G112T_P38T_gid,0.00685705739513
SNP_N_1473167_T1322G_rrs,0.00592286863368
DEL_CF_4408116_d87G_29_gid,0.00583952859247
SNP_CN_4408064_G139A_R47W_gid,0.00400846803689
SNP_CN_4408138_T65C_Y22C_gid,0.00329080930596
SNP_CN_4408060_T143G_H48P_gid,0.00313251041637
SNP_CN_4408102_C101T_G34E_gid,0.00308674892383
SNP_CN_4408148_C55G_A19P_gid,0.00307349724842
SNP_CN_4407916_C287A_R96L_gid,0.00302983500542
SNP_CN_4407947_G256A_L86F_gid,0.0
